First Name,Last Name,COMMCODE,TRADECODE,ADDRESS,PHONE,EMAIL
NEDSPICE PROCESSING INDIA PRIVATE LIMITED,PEPPER               CHILLIES             GINGER               TURMERIC             CORIANDER            CUMIN                FENUGREEK            NUTMEG/MACE CURRY POWDER        ,A,N630,"12/597-8KOOVAPADAM ,KOCHI ,KERALA  Pin:682002",09847044595,gulshan@nedspice.com
NISHANT EXPORT,PEPPER               CARDAMOM SMALL       CARDAMOM LARGE       CHILLIES             GINGER               TURMERIC             CORIANDER            CUMIN                CELERY               FENNEL               FENUGREEK            OTHER SEEDS          NUTMEG/MACE CURRY POWDER        ,A,N274,"VII/179D.S.ROAD ,KOCHI ,KERALA  Pin:682 002",9447026004,nishantexport@yahoo.co.in
Indian Products (P) Limited,PEPPER               CARDAMOM SMALL       CHILLIES             GINGER               TURMERIC             CORIANDER            CUMIN                FENNEL               FENUGREEK            OTHER SEEDS          GARLIC               CURRY POWDER        ,A,I048,"Door No.604,Queens Corner-AQueens Apartments ,Bangalore ,KARNATAKA  Pin:560001",9880188809,komal@jayanti.com
PLANT LIPIDS (P) LTD.,PEPPER               CARDAMOM SMALL       CHILLIES             GINGER               TURMERIC             CORIANDER            CUMIN                CELERY               FENNEL               FENUGREEK            NUTMEG/MACE CURRY POWDER         SPICE OILS & OLEORES MINT OILS           ,A,P072,"AP VIII/547KADAYIRUPPU ,KOCHI ,KERALA  Pin:682 311",9745999150,george.v@plantlipids.com
AVT MCCORMICK INGREDIENTS PVT. LTD.,PEPPER               CARDAMOM SMALL       CHILLIES             GINGER               TURMERIC             CORIANDER            CUMIN                CELERY               FENNEL               FENUGREEK            OTHER SEEDS          GARLIC               NUTMEG/MACE CURRY POWDER        ,A,A558,"60 ,EGMORE, CHENNAI ,TAMIL NADU  Pin:600008",9847041712,mail@avtspice.com
AB MAURI INDIA PRIVATE LIMITED,PEPPER               CARDAMOM SMALL       CHILLIES             GINGER               TURMERIC             CORIANDER            CUMIN                CELERY               FENNEL               FENUGREEK            OTHER SEEDS          GARLIC               NUTMEG/MACE CURRY POWDER        ,A,A1283,"PLOT NO.218 & 219BOMMASANDRA ,BENGALURU ,KARNATAKA  Pin:682 037",09945823970,ram.ramkumar@abmauri.com
OLAM AGRO INDIA PRIVATE LIMITED,PEPPER               CHILLIES             GINGER               TURMERIC             CORIANDER            CUMIN                FENNEL               FENUGREEK            OTHER SEEDS          GARLIC               NUTMEG/MACE CURRY POWDER        ,A,H525,"DLF BUILDING NO.8TOWER A, GROUND FLOOR, PHASE II ,GURGAON ,HARIYANA  Pin:122002",8606012111,vrajesh.nath@olamnet.com
SYNTHITE INDUSTRIES PRIVATE LIMITED,PEPPER               CARDAMOM SMALL       CARDAMOM LARGE       CHILLIES             GINGER               TURMERIC             CORIANDER            CUMIN                CELERY               FENNEL               FENUGREEK            OTHER SEEDS          GARLIC               TAMARIND             NUTMEG/MACE CURRY POWDER         SPICE OILS & OLEORES MINT OILS           ,A,S237,"SYNTHITE CORPORATE HOUSEVIII/683-A ,ERNAKULAM ,KERALA  Pin:682311",9387485087,vijay@synthite.com
JABS INTERNATIONAL PVT. LTD,PEPPER               CARDAMOM LARGE       CARDAMOM LARGE       CHILLIES             GINGER               TURMERIC             CORIANDER            CUMIN                CELERY               FENNEL               FENUGREEK            OTHER SEEDS          GARLIC               NUTMEG/MACE CURRY POWDER        ,A,J286,"A-350,T.T.C.INDUSTRIAL AREAM.I.D.C.MAHAPE ,NAVI MUMBAI ,MAHARASHTRA  Pin:400 708",9820073814,jabs@jabsinternational.com
BERGWERFF ORGANIC INDIA PVT. LTD,PEPPER               CARDAMOM SMALL       CARDAMOM LARGE       CHILLIES             GINGER               TURMERIC             CORIANDER            CUMIN                FENUGREEK            OTHER SEEDS          GARLIC               NUTMEG/MACE CURRY POWDER        ,A,B683,"G-606SOM VIHAR ,NEW DELHI ,DELHI  Pin:110 022",0982002771,info@suminter.com
THE PEERMADE DEVELOPMENT SOCIETY,PEPPER               GINGER               TURMERIC             NUTMEG/MACE,A,P481,"IX/529, P.B.NO.11PEERMADE P.O ,IDUKKI DISTRICT ,KERALA  Pin:685 531",9447870271,pdsorganicspices@gmail.com
BAFNA ENTERPRISES,PEPPER               CARDAMOM SMALL       CARDAMOM LARGE       CHILLIES             GINGER               TURMERIC             CORIANDER            CUMIN                CELERY               FENNEL               FENUGREEK            NUTMEG/MACE CURRY POWDER        ,A,B723,"VII/179D.S.ROAD ,JEW TOWN, COCHIN ,KERALA  Pin:682 002",9495926004,mail@bafnaenterprises.com
HERBAL ISOLATES PRIVATE LIMITED,PEPPER               CHILLIES             TURMERIC             FENUGREEK            CURRY POWDER        ,A,H028,"39/2031AJAY VIHAR ,COCHIN ,KERALA  Pin:682 016",9349671803,herbal@herbalisolates.com
ALLKOSHYS ALLSPICES,PEPPER               CARDAMOM SMALL       CHILLIES            ,A,A695,"43/339, THONDOLI HOUSE ,NATTAKOM P.O ,KERALA  Pin:686013",9847050874,allkoshys.office@gmail.com
KISHOR SPICES COMPANY,PEPPER              ,A,K069,"VI/37, JEW TOWNP.O. BOX NO.262 ,COCHIN ,Select  Pin:682 002",9447191777,kishor@md3.vsnl.net.in
ACCELERATED FREEZE DRYING COMPANY LTD,PEPPER               CHILLIES             GINGER               CORIANDER            CELERY               FENUGREEK            OTHER SEEDS          GARLIC              ,A,A015,"EP/IV/513EZHUPUNNA ,ALAPUZHA ,KERALA  Pin:688 548",8086397694,karthik@amalgamfoods.in
MOUNT SAHIYA,PEPPER               CHILLIES             TURMERIC            ,A,M009,"VI/185(151-C) ,KOTTAYAM ,KERALA  Pin:686 001",9446591609,office@pepper-india.com
GARDEN VALLEY EXPORT CORPORATION,PEPPER               CHILLIES             GINGER               GARLIC               SPICE OILS & OLEORES,A,G464,"33M.C.CHIDAMBARA ,VIRUDHUNAGAR ,TAMIL NADU  Pin:626 001",9942460624,gardenvalleyexport@gmail.com
ASIAN SPICES,PEPPER               TURMERIC             CORIANDER            CUMIN                FENNEL               FENUGREEK            OTHER SEEDS         ,A,A094,"KMC/IXDR. AMPURANS BUILDING ,KOTTAYAM ,KERALA  Pin:686001",9961275413,info@asianspicesindia.com
AKAY SPICES PRIVATE LIMITED,PEPPER               CHILLIES             GINGER               TURMERIC             CORIANDER            CUMIN                CELERY               FENUGREEK            GARLIC              ,A,A2576,"NO. V/315A, AMBUNADUMALAIDAMTHURUTH P O ,ERNAKULAM DISTRICT ,KERALA  Pin:683561",9747099560,dinil.tb@akay-group.com
MALABAR SPICES,PEPPER              ,A,M140,"393-A, ALANKALAM HOUSEMUTTAMBALAM P.O. ,KOTTAYAM ,KERALA  Pin:686 004",9895036654,vzachariah@web.de
HEMANAND SPICES,PEPPER              ,A,H024,"VI/37 ,KOCHI ,KERALA  Pin:682002",9447192777,kishor@md3.vsnl.net.in
BIOWIN AGRO RESEARCH,PEPPER               CARDAMOM SMALL       CHILLIES             GINGER               TURMERIC             NUTMEG/MACE,A,B949,"M.P 5/587DM.P 5/587 D ,MANANTHAVADY ,KERALA  Pin:670645",9947491099,sales@wsssindia.com
AAHA IMPEX PVT.LTD,PEPPER               CARDAMOM SMALL       CARDAMOM LARGE       CHILLIES             GINGER               TURMERIC             CORIANDER            CUMIN                CELERY               FENNEL               FENUGREEK            OTHER SEEDS          TAMARIND             NUTMEG/MACE CURRY POWDER        ,A,A1087,"130COMMODITY EXCHANGE BUILDING ,VASHI ,MAHARASHTRA  Pin:400705",9821042471,aahaimpex@mtnl.net.in
G.R.K.AND COMPANY,PEPPER               CARDAMOM SMALL       GINGER               TURMERIC             CUMIN                CELERY               FENNEL               FENUGREEK            OTHER SEEDS          NUTMEG/MACE,A,G154,"VII/324-A, 324-BKAKKA THURUTH ROAD ,ERAMALLOOR ,KERALA  Pin:688 537",9447027827,grkeramalloor@gmail.com
EASTERN CONDIMENTS PVT LTD,PEPPER               CARDAMOM SMALL       CHILLIES             GINGER               TURMERIC             CORIANDER            CUMIN                FENNEL               FENUGREEK            OTHER SEEDS          TAMARIND             CURRY POWDER        ,A,E230,"12/188EASTERN CONDIMENTS PVT. LTD. ,IDUKKI ,KERALA  Pin:685 561",9447116649,exportsadimali@eastern.in
UNIQUE ORGANICS LIMITED,PEPPER               TURMERIC             CUMIN                FENUGREEK            SPICE OILS & OLEORES,A,U091,"E-521SITAPURA INDSUTRIAL AREA ,JAIPUR ,RAJASTHAN  Pin:302022",9351717568,unique@uniqueorganics.com
BOS NATURAL FLAVORS (P) LTD,PEPPER               CARDAMOM SMALL       CHILLIES             GINGER               TURMERIC             CORIANDER            CUMIN                FENNEL               FENUGREEK            GARLIC               NUTMEG/MACE CURRY POWDER         SPICE OILS & OLEORES MINT OILS           ,A,B639,"VI/547,  ASIAN HOUSEP P ROAD,  PATHIPALAM ,PERUMBAVOOR ,KERALA  Pin:683 556",9388637376,georgeku1968@gmail.com
LAXMI ENTERPRISES,PEPPER               CARDAMOM SMALL       CARDAMOM LARGE       CHILLIES             GINGER               TURMERIC             CORIANDER            CUMIN                CELERY               FENNEL               FENUGREEK            OTHER SEEDS          GARLIC               TAMARIND             NUTMEG/MACE CURRY POWDER        ,A,L059,"170/172SAMUEL STREET ,MUMBAI ,MAHARASHTRA  Pin:400 009",9820068447,bharat@sbslaxmi.com
WAYANAD  SOCIAL  SERVICE SOCIETY,PEPPER               CARDAMOM SMALL       CHILLIES             GINGER               TURMERIC             CORIANDER            CUMIN                FENNEL               FENUGREEK            OTHER SEEDS          NUTMEG/MACE,A,W076,"MP.III/127, B-STREETMANANTHAVADY ,WAYANAD ,KERALA  Pin:670 645",9656220000,info@wsssindia.com
EVERGREEN  IMPEX,PEPPER               GINGER               TURMERIC            ,A,E190,"1/583, EDAKURUSSIKARIMBA P.O. ,PALAKKAD ,KERALA  Pin:678597",9447043541,kappan@sify.com
FINE FOODS INDUSTRIES,PEPPER               CORIANDER            CUMIN                CELERY               FENNEL               FENUGREEK            GARLIC              ,A,F278,"SURVEY NO. 159/1HARIPAR ROAD, VILLAGE TAVEDA ,BHAVNAGAR ,GUJARAT  Pin:364290",9904578672,vasim@finefoodsindustries.com
GOOD EARTH ORGANIC,PEPPER               GINGER               TURMERIC            ,A,G854,"VII/210 ,ERNAKULAM ,KERALA  Pin:683574",9847043192,info@goodearthorganics.org
KITCHEN XPRESS OVERSEAS LIMITED,PEPPER               CARDAMOM SMALL       CARDAMOM LARGE       CHILLIES             GINGER               TURMERIC             CORIANDER            CUMIN                FENNEL               FENUGREEK            OTHER SEEDS          GARLIC               TAMARIND             NUTMEG/MACE CURRY POWDER        ,A,K824,"RAMDEV ESTATE ,AHMEDABAD ,GUJARAT  Pin:380060",9925280008,rakesh@kxol.in
PACIFIC COMMODITIES,PEPPER               TURMERIC            ,A,P1083,"F-WING, 5TH FLR, FLAT NO 504DUDHWALA COMPLEX ,MUMBAI ,MAHARASHTRA  Pin:400008",9987893459,pacific514@hotmail.com
MILTOP EXPORTS,PEPPER               CARDAMOM SMALL       CARDAMOM LARGE       CHILLIES             GINGER               TURMERIC             CORIANDER            CUMIN                CELERY               FENNEL               FENUGREEK            OTHER SEEDS          NUTMEG/MACE CURRY POWDER         SPICE OILS & OLEORES,A,M486,"672/673, GIDC PHASE-2DARED ,JAMNAGAR ,GUJARAT  Pin:361 004",9687113954,miltopexports@gmail.com
NOVIA  SPICES  ENTERPRISES,PEPPER              ,A,N751,"XIV/217-ANATTAKOM ,KOTTAYAM ,KERALA  Pin:686013",9400882907,sathishveloor@gmail.com
HART FOODS COMTRADE LLP,PEPPER               GINGER               TURMERIC             CUMIN                OTHER SEEDS          NUTMEG/MACE CURRY POWDER        ,A,H319,"9/9 D, KASTUR MAHAL ,MUMBAI ,MAHARASHTRA  Pin:400 022",9987542780,rupali@hartfoods.com
Elements Homestead Products Pvt. Ltd,PEPPER               CARDAMOM SMALL       CHILLIES             GINGER               TURMERIC             CUMIN                FENUGREEK            OTHER SEEDS          NUTMEG/MACE,A,E277,"4/1418- B ,KOZHIKODE ,KERALA  Pin:673032",9744464955,info@elementsindia.net
FLEX FOODS LIMITED,PEPPER               CORIANDER            FENNEL               FENUGREEK            OTHER SEEDS         ,A,F157,"Lal TapparLal Tappar Ind. Area ,Dehradun ,UTTARANCHAL  Pin:248140",0135 2499262,mmvflex@gmail.com
MOOLANS INTERNATIONAL EXIM PVT. LTD.,PEPPER               CHILLIES             GINGER               TURMERIC             CORIANDER            CUMIN                FENUGREEK            OTHER SEEDS          GARLIC               TAMARIND             CURRY POWDER        ,A,M101,"BLDG NO.A/444, MOOLANS AVENUE ,ANGAMALY, ERNAKULAM ,KERALA  Pin:683 572",9249515998,moolansgroup@gmail.com
JAYKESHAV EXPORTS PVT.LTD,PEPPER               CARDAMOM SMALL       CARDAMOM LARGE       CHILLIES             GINGER               TURMERIC             CORIANDER            CUMIN                FENNEL               FENUGREEK            OTHER SEEDS          GARLIC               NUTMEG/MACE CURRY POWDER        ,A,J603,"15KIADB INDUSTRIAL AREA ,BANGALORE ,KARNATAKA  Pin:560 074",9880884358,mnk1970@gmail.com
JAYACO,PEPPER               CARDAMOM SMALL       CARDAMOM LARGE       CHILLIES             GINGER               TURMERIC             CORIANDER            CUMIN                FENNEL               FENUGREEK            OTHER SEEDS          GARLIC               TAMARIND             NUTMEG/MACE CURRY POWDER        ,A,J083,"451KUNDRATHUR MAIN ROAD ,CHENNAI ,TAMIL NADU  Pin:600 122",9962995411,jayaco_kalidhas@yahoo.co.in
KANU KRISHNA CORPORATION,PEPPER               CARDAMOM SMALL       CARDAMOM LARGE       CHILLIES             GINGER               TURMERIC             CORIANDER            CUMIN                CELERY               FENNEL               FENUGREEK            OTHER SEEDS          GARLIC               NUTMEG/MACE CURRY POWDER        ,A,K032,"100/104502/303,GORADIA HOUSE ,MUMBAI ,MAHARASHTRA  Pin:400003",9820350630,kkcdipak@vsnl.com
MITTULAAUL LALAH &#38 SONS,PEPPER               CARDAMOM SMALL       CARDAMOM LARGE       CHILLIES             GINGER               TURMERIC             CORIANDER            CUMIN                CELERY               FENNEL               FENUGREEK            OTHER SEEDS          GARLIC               TAMARIND             CURRY POWDER        ,A,M130,"OLD NO.134 / NEW NO.554ANOOR WOODFORD ,CHENNAI ,TAMIL NADU  Pin:600018",7904821560,qad@lalahs.com
SWANI SPICE MILLS PVT. LTD.,PEPPER               CARDAMOM SMALL       CARDAMOM LARGE       CHILLIES             GINGER               TURMERIC             CORIANDER            CUMIN                CELERY               FENNEL               FENUGREEK            OTHER SEEDS          GARLIC               NUTMEG/MACE CURRY POWDER        ,A,S976,"FLAT NO.4HARI NIWAS ,CHURCHGATE, MUMBAI ,MAHARASHTRA  Pin:400 020",9821045558,purchase@swanispice.com
M M INTERNATIONAL,PEPPER               CARDAMOM SMALL       CARDAMOM LARGE       CHILLIES             GINGER               TURMERIC             CORIANDER            CUMIN                CELERY               FENNEL               FENUGREEK            OTHER SEEDS          NUTMEG/MACE CURRY POWDER        ,A,M677,"C95, TURBHE MIDC ,NAVI MUMBAI ,MAHARASHTRA  Pin:400705",8169325350,nimish@mmispices.com
GANGARAM LALLUDAS PATEL,PEPPER               CHILLIES             TURMERIC             CORIANDER            CUMIN                FENNEL               FENUGREEK            OTHER SEEDS          CURRY POWDER        ,A,G011,"B 92GANJ BAZAR ,UNJHA ,GUJARAT  Pin:384170",9825071094,glvictory@rediffmail.com
NHC FOODS LIMITED,PEPPER               CARDAMOM SMALL       CHILLIES             GINGER               TURMERIC             CORIANDER            CUMIN                CELERY               FENNEL               FENUGREEK            OTHER SEEDS          GARLIC               TAMARIND             NUTMEG/MACE CURRY POWDER        ,A,N593,"D-22/8, TTC INDUSTRIAL AREA ,NAVI MUMBAI ,MAHARASHTRA  Pin:400705",9820024816,info@nhcgroup.com
J.D.S. FOOD PRODUCTS PRIVATE LIMITED,PEPPER               CHILLIES            ,A,J708,"PLOT NO.39AMAIN ROAD, 2ND FLOOR ,CHENNAI ,TAMIL NADU  Pin:600087",9380042047,devdas@jdsfoods.in
PHALADA AGRO RESEARCH FOUNDATIONS PVT LTD,PEPPER               CHILLIES             GINGER               TURMERIC             CORIANDER            CUMIN                FENNEL               NUTMEG/MACE CURRY POWDER        ,A,P644,"92/5, KANNALLI ,BANGALORE ,KARNATAKA  Pin:560091",9513356741,info@phaladaagro.com
S. NARENDRAKUMAR &#38 CO.,PEPPER               CHILLIES             GINGER               TURMERIC             CORIANDER            CUMIN                FENUGREEK            CURRY POWDER        ,A,N026,"5TH FLOOR,KRUSHAL COMMERCIAL CENTRE ,CHEMBUR (W), MUMBAI ,MAHARASHTRA  Pin:400 089",9323999111,everest@everestspices.com
AMBIKA GLOBAL FOODS AND BEVERAGES PRIVATE LIMITED,PEPPER               CARDAMOM SMALL       CHILLIES             GINGER               TURMERIC             CORIANDER            CUMIN                FENNEL               FENUGREEK            OTHER SEEDS          NUTMEG/MACE CURRY POWDER        ,A,A2468,"UNIT NO.7MEZZANINE FLOOR,CAMA INDUSTRIAL PREMISES CO-OP SOC.LTD ,MUMBAI ,MAHARASHTRA  Pin:400013",9892872727,vipin@ambikaglobal.com
Panachamoottil Exporters,PEPPER               GINGER               GARLIC              ,A,P1168,"TC 14/1351Panachamoottil ,Trivandrum ,KERALA  Pin:695011",9947062629,accounts@panachamoottil.com
RAMDEV FOOD PRODUCTS PVT. LTD.,PEPPER               CARDAMOM SMALL       CARDAMOM LARGE       CHILLIES             GINGER               TURMERIC             CORIANDER            CUMIN                FENNEL               FENUGREEK            OTHER SEEDS          GARLIC               NUTMEG/MACE CURRY POWDER        ,A,R272,"SPICE WORLDSHARKHEJ BAVLA HIGH WAY, CHANGODAR, ,AHMEDABAD ,GUJARAT  Pin:382 213",9375531930,vmpurchase@ramdev.co.in
YOGITA AGRO FOOD PRODUCTS CO,PEPPER               CHILLIES             TURMERIC             CURRY POWDER        ,A,Y102,"LOHIA HOUSE NO.100ARANI SATTI MARG, ,GUWAHATI ,ASSAM  Pin:781001",7670000012,suresh@yogitaagrofood.com
TIT-BIT FOODS (INDIA) PVT. LTD.,PEPPER               CARDAMOM SMALL       CARDAMOM LARGE       CHILLIES             GINGER               TURMERIC             CORIANDER            CUMIN                CELERY               FENNEL               FENUGREEK            OTHER SEEDS          GARLIC               TAMARIND             NUTMEG/MACE CURRY POWDER        ,A,T322,"PLOT NO. A-55,T.T.C. INDUSTRIAL AREA, ,NAVI MUMBAI ,MAHARASHTRA  Pin:400 709",09821043507,info@titbitspices.com
R.S. LAL INTERNATIONAL,PEPPER               CARDAMOM SMALL       CARDAMOM LARGE       CHILLIES             GINGER               TURMERIC             CORIANDER            CUMIN                FENNEL               FENUGREEK            OTHER SEEDS          GARLIC               TAMARIND             NUTMEG/MACE CURRY POWDER        ,A,R693,"1760/130SHANTI  NAGAR ,TRI NAGAR, NEW DELHI ,DELHI  Pin:110 035",09810162557,rslint309@yahoo.com
SARK SPICE PRODUCTS PVT. LTD.,PEPPER               GINGER               NUTMEG/MACE SPICE OILS & OLEORES,A,S723,"179,TAK INDUSTRIAL COMPLEXEARA NORTH P.O ,NEELAMPEROOR, ALAPPUZHA ,KERALA  Pin:686534",9605806366,sarkspices@gmail.com
GEO-FRESH  ORGANIC,PEPPER               CHILLIES             GINGER               TURMERIC             CORIANDER            CUMIN                FENUGREEK           ,A,G622,"GULAB PARKS.T.ROAD ,SIDHPUR ,GUJARAT  Pin:384151",9978920260,rinkal@geo-fresh.com
EVEREST GLOBAL,PEPPER               CARDAMOM LARGE       CHILLIES             GINGER               TURMERIC             CORIANDER            CUMIN                FENNEL               FENUGREEK            OTHER SEEDS          TAMARIND             CURRY POWDER        ,A,E198,"ROYAL PALMS 319,MASTER MIND 1AAREY MILK COLONY ,MUMBAI ,MAHARASHTRA  Pin:400 065",9821175743,everest_g@hotmail.com
SEASCOPE EXPORTS,PEPPER               CARDAMOM SMALL       CHILLIES             GINGER               TURMERIC             CORIANDER            CUMIN                FENNEL               FENUGREEK            OTHER SEEDS          GARLIC               NUTMEG/MACE CURRY POWDER         SPICE OILS & OLEORES,A,S755,"158/33 LAXMI INDUSTRIAL ESTATENEW LINK ROAD ,MUMBAI ,MAHARASHTRA  Pin:400053",9769005750,exports@seascope.in
OM SHREE INTERNATIONAL PVT.LTD,PEPPER               CARDAMOM SMALL       CHILLIES             GINGER               TURMERIC             CORIANDER            CUMIN                FENNEL               FENUGREEK            OTHER SEEDS          GARLIC               TAMARIND             NUTMEG/MACE CURRY POWDER        ,A,O185,"ORION BUSINESS PARK702, 7TH FLOOR, NEHRU ROAD ,MUMBAI ,MAHARASHTRA  Pin:400 055",9619881106,logistic@omshreegroup.com
DHARA FOODS PVT. LTD.,PEPPER               CARDAMOM SMALL       CARDAMOM LARGE       GINGER               CORIANDER            CUMIN                FENNEL               FENUGREEK            OTHER SEEDS          GARLIC               NUTMEG/MACE CURRY POWDER        ,A,D346,"GOKULNEAR RAMJI MANDIR ,ANAND ,GUJARAT  Pin:388 001",9687627579,shril@dharafoods.com
THAKAR EXPORTS,PEPPER               CARDAMOM LARGE       CHILLIES             GINGER               TURMERIC             CORIANDER            CUMIN                FENNEL               FENUGREEK            OTHER SEEDS          GARLIC               TAMARIND             NUTMEG/MACE CURRY POWDER        ,A,T359,"177/18ONKAR NAGAR-B ,TRI NAGAR, DELHI ,DELHI  Pin:110035",9810287622,thakar@vsnl.com
A.K.M.SULAIMAN,PEPPER              ,A,A2639,"CC.7/ 621 ,JEW TOWN, ,COCHIN ,KERALA  Pin:682002",9847914437,junaidsulaiman69@gmail.com
SHREE BHAGWATI  FLOUR &#38 FOODS PVT.LTD.,PEPPER               CARDAMOM SMALL       CARDAMOM LARGE       CHILLIES             GINGER               TURMERIC             CORIANDER            CUMIN                FENNEL               FENUGREEK            OTHER SEEDS          NUTMEG/MACE CURRY POWDER        ,A,S1228,"S.NO.430OPP: NOVA PETRO CHEMICALS ,CHANGODAR AHMEDABAD ,GUJARAT  Pin:382213",9898033364,sales@bhagwatiexports.com
ACCOLADE  INTERNATIONAL  INC,PEPPER               CARDAMOM SMALL       CHILLIES             GINGER               TURMERIC             CORIANDER            CUMIN                CELERY               FENNEL               FENUGREEK            OTHER SEEDS          NUTMEG/MACE CURRY POWDER        ,A,A1170,"PLOT 6 A,TATA MILL COMPOUND ,MUMBAI ,MAHARASHTRA  Pin:400012",8850876237,admin@accoladeinc.in
SPECIAL FOODS (P) LTD,PEPPER               CARDAMOM SMALL       CARDAMOM LARGE       CHILLIES             TURMERIC             CORIANDER            CUMIN                FENNEL               FENUGREEK            OTHER SEEDS          CURRY POWDER        ,A,SH27,"TMC / XV / 462 A TRICHAMBARAMTALIPARAMBA PO , ,KERALA  Pin:670141",9846304757,mhnkk@yahoo.com
NIMA ENTERPRISES PVT LTD,PEPPER               CARDAMOM SMALL       CARDAMOM LARGE       CHILLIES             GINGER               TURMERIC             CORIANDER            CUMIN                CELERY               FENNEL               FENUGREEK            OTHER SEEDS          GARLIC               TAMARIND             NUTMEG/MACE CURRY POWDER        ,A,N767,"PLOT NO.54SECTOR 19-C ,NEW MUMBAI ,MAHARASHTRA  Pin:400705",9930258280,sales@nimaenterprises.com
FASHION FABS,PEPPER               CARDAMOM SMALL       CHILLIES             TURMERIC             CUMIN                CURRY POWDER        ,A,F221,"746/XIXVENGARAVAYAL ,KANNUR ,KERALA  Pin:670011",9846089402,fashfabs@gmail.com
UNIQUE FRAGRANCES,PEPPER               CARDAMOM SMALL       CARDAMOM LARGE       CHILLIES             GINGER               TURMERIC             CORIANDER            CUMIN                FENNEL               FENUGREEK            OTHER SEEDS          GARLIC               TAMARIND             NUTMEG/MACE CURRY POWDER        ,A,U131,"B-63, 2ND FLOORPRASHANT VIHAR ,DELHI ,DELHI  Pin:110085",9818459394,info@uniquefragrances.com
M H FOODS PRIVATE LIMITED,PEPPER               CARDAMOM SMALL       CARDAMOM LARGE       CHILLIES             GINGER               TURMERIC             CORIANDER            CUMIN                FENNEL               FENUGREEK            OTHER SEEDS          TAMARIND             NUTMEG/MACE CURRY POWDER        ,A,M1853,"377,SAILOR BILDING ,MUMBAI ,MAHARASHTRA  Pin:400001",9867311000,exim@mhfoods.in
FINESSE MARKET LINK,PEPPER               CARDAMOM SMALL       CHILLIES             GINGER               TURMERIC             CORIANDER            CUMIN                FENNEL               FENUGREEK            CURRY POWDER        ,A,F091,"T.C. 9/328(5)LA-4 ,TRIVANDRUM ,KERALA  Pin:695 003",9995945885,exports@thefinessegroup.com
D &#38 G MASALA KRAFT,PEPPER               CARDAMOM SMALL       CARDAMOM LARGE       CHILLIES             GINGER               TURMERIC             CORIANDER            CUMIN                FENNEL               FENUGREEK            OTHER SEEDS          GARLIC               CURRY POWDER        ,A,D712,"OFFICE NO. 1, B 71, APMC MASALA MARKET,SECTOR 19, VASHI ,NAVI MUMBAI ,MAHARASHTRA  Pin:400703",9819566446,dgmkraft@gmail.com
HILL GOLD TRADING COMPANY,PEPPER               CARDAMOM SMALL       CHILLIES             TURMERIC             CORIANDER            TAMARIND             NUTMEG/MACE,A,H426,"11/516 ,ERNAKULAM ,KERALA  Pin:683581",9447723422,hilltradegroup@gmail.com
M.R. OVERSEAS,PEPPER               CARDAMOM LARGE       CHILLIES             GINGER               TURMERIC             CORIANDER            CUMIN                FENNEL               FENUGREEK            OTHER SEEDS          NUTMEG/MACE,A,M1410,"387-ANAYA BANS , ,DELHI  Pin:110006",9818332577,ankur.mrgroup@gmail.com
COCHIN TRADERS COCHIN,PEPPER              ,A,C398,"CC-12/656 ,COCHIN ,KERALA  Pin:682 002",8089124053,cochintraderscochin@yahoo.co.in
SWATHI CORPORATION,PEPPER               CARDAMOM SMALL       CARDAMOM LARGE       GINGER               TURMERIC             CORIANDER            CUMIN                FENNEL               FENUGREEK            OTHER SEEDS          NUTMEG/MACE,A,SD21,"NO.7HANUMANTHARAYAN KOIL LANE ,CHENNAI ,TAMIL NADU  Pin:600001",9841034719,venkatbala62@yahoo.co.in
GRANDMAS FOOD PRODUCTS,PEPPER               CARDAMOM SMALL       CHILLIES             GINGER               TURMERIC             CORIANDER            CUMIN                FENNEL               FENUGREEK            GARLIC               CURRY POWDER        ,A,G517,"MMC XIV/60-KJACOBS TOWER P O JUNCTION ,ERNAKULAM ,KERALA  Pin:686 661",9142210241,grandmasoffice@gmail.com
ORIENT EXPORT COMPANY,PEPPER               GINGER               TURMERIC             CORIANDER            NUTMEG/MACE CURRY POWDER        ,A,O005,"7 /563 ,COCHIN, ERNAKULAM ,KERALA  Pin:682002",9446377051,oecexpo@gmail.com
D.A. PATEL,PEPPER               CARDAMOM SMALL       CARDAMOM LARGE       CHILLIES             GINGER               TURMERIC             CORIANDER            CUMIN                CELERY               FENNEL               FENUGREEK            OTHER SEEDS          NUTMEG/MACE CURRY POWDER        ,A,P182,"B 93/OLD NO.3B93 ,UNJHA ,GUJARAT  Pin:384 170",9825017732,dapatel_adl@bsnl.in
GANDHI SONS,PEPPER               TURMERIC             CUMIN                CELERY               FENUGREEK           ,A,G006,"C-20/21, MEZZ. FLOORSATYAM SHOPPING CENTRE ,MUMBAI ,MAHARASHTRA  Pin:400 077",9833199199,gandhisons@vsnl.com
MEHTA EXPORTS,PEPPER               CARDAMOM SMALL       CARDAMOM LARGE       CHILLIES             GINGER               TURMERIC             CORIANDER            CUMIN                CELERY               FENNEL               FENUGREEK            OTHER SEEDS          GARLIC               TAMARIND             NUTMEG/MACE CURRY POWDER        ,A,M071,"B/9,VIRAL APARTMENT50 .S.V. ROAD, ,ANDHERI, MUMBAI ,MAHARASHTRA  Pin:400058",9821052127,mehta@mehtaexpo.com
INTERGROW BRANDS  PRIVATE LIMITED,PEPPER               CHILLIES             GINGER               TURMERIC             CORIANDER            FENUGREEK            OTHER SEEDS          GARLIC               CURRY POWDER        ,A,I367,"62/1814- AAJAY VIHAR ,COCHIN ,KERALA  Pin:682016",9388411201,purchase@intergrowfoods.com
SUMI MERCANTILE COMPANY PVT.LTD,PEPPER               CARDAMOM SMALL       CHILLIES             GINGER               TURMERIC             CORIANDER            CUMIN                FENNEL               FENUGREEK            OTHER SEEDS          GARLIC               TAMARIND             NUTMEG/MACE CURRY POWDER        ,A,S859,"39/5866 (A), PANAMPILLY NAGARPARAMBITHARA CROSS ROAD ,COCHIN ,KERALA  Pin:682 036",9388811315,sumisindia@gmail.com
LA SHIVE EXIM PVT LTD,PEPPER               CARDAMOM SMALL       CHILLIES             GINGER               TURMERIC             CORIANDER            CUMIN                CELERY               FENNEL               FENUGREEK            OTHER SEEDS          GARLIC               NUTMEG/MACE CURRY POWDER        ,A,L039,"NEELKANTH NIRANJAN PREMISES COOP SOC LTDNIRANJAN 3RD FLOOR, OFF - 306,99 ,MUMBAI ,MAHARASHTRA  Pin:400002",9821787551,info@lashiveexim.com
GAUTAM EXPORT CORPORATION,PEPPER               CARDAMOM SMALL       CARDAMOM LARGE       CHILLIES             GINGER               TURMERIC             CORIANDER            CUMIN                CELERY               FENNEL               FENUGREEK            OTHER SEEDS          GARLIC               TAMARIND             NUTMEG/MACE CURRY POWDER        ,A,G620,"G-1 GROUND FLOOR, KOOL BREEZE CHS LTD17TH ROAD, KHAR (WEST) ,MUMBAI ,MAHARASHTRA  Pin:400 052",9821787551,info@gautamexport.com
SHREE RAM EXPORTS,PEPPER               CARDAMOM SMALL       CARDAMOM LARGE       CHILLIES             TURMERIC             CORIANDER            CUMIN                FENNEL               FENUGREEK            OTHER SEEDS          GARLIC               CURRY POWDER        ,A,S3264,"52SAINIK VIHAR ,NEW DELHI ,DELHI  Pin:110034",9818459394,uniqueindustries1978@gmail.com
JAFFERBHOY SALEHBHOY &#38 CO,PEPPER               CARDAMOM SMALL       CARDAMOM LARGE       CHILLIES             GINGER               TURMERIC             CORIANDER            CUMIN                FENNEL               FENUGREEK            OTHER SEEDS          TAMARIND             NUTMEG/MACE,A,J007,"MOHAMMEDI MANZIL, 1ST FLOOR ,MUMBAI ,MAHARASHTRA  Pin:400003",9820351314,jasco.exporters@gmail.com
ADANI FOOD PRODUCTS PVT. LTD.,PEPPER               CARDAMOM SMALL       CARDAMOM LARGE       CHILLIES             GINGER               TURMERIC             CORIANDER            CUMIN                CELERY               FENNEL               FENUGREEK            OTHER SEEDS          GARLIC               TAMARIND             NUTMEG/MACE CURRY POWDER        ,A,A809,"RASHTRIYA SHALA MARGRAJKOT , ,GUJARAT  Pin:360002",8460837882,seddharth@adanispices.com
MADINA EMPEX,PEPPER               CARDAMOM SMALL       CORIANDER            CUMIN                NUTMEG/MACE CURRY POWDER        ,A,M1887,"17 1 182/11BANU NAGAR ,HYDERABAD ,TELANGANA  Pin:500059",9398067940,madinaempex2005@gmail.com
NIWA AGRO FOODS,PEPPER               CARDAMOM SMALL       CHILLIES             GINGER               TURMERIC             CORIANDER            CUMIN                FENUGREEK            CURRY POWDER        ,A,N548,"7/175A ,KOZHIKODE ,KERALA  Pin:673602",8606242488,rajeshniwa@gmail.com
SRESTA  NATURAL  BIOPRODUCTS PVT.LTD,PEPPER               CARDAMOM SMALL       CHILLIES             GINGER               TURMERIC             CORIANDER            CUMIN                FENNEL               FENUGREEK            OTHER SEEDS          CURRY POWDER        ,A,S1382,"203, PAVANI ANNEXE ,HYDERABAD ,TELANGANA  Pin:500034",9000008006,johnson.m@srestaorganic.com
MANJILAS FOOD TECH PVT .LTD,PEPPER               CHILLIES             GINGER               TURMERIC             CORIANDER            CUMIN                FENNEL               FENUGREEK            OTHER SEEDS          GARLIC               TAMARIND             CURRY POWDER        ,A,M1398,"TC-16/1382,SASTHRI ROADNELLIKUNNU ,THRISSUR ,KERALA  Pin:680005",944600384,mojexp@manjilas.com
EASTERN RED RUBY FOOD PVT. LTD.,PEPPER               CARDAMOM SMALL       CHILLIES             GINGER               TURMERIC             CORIANDER            CUMIN                FENNEL               FENUGREEK            OTHER SEEDS          TAMARIND             NUTMEG/MACE CURRY POWDER        ,A,E158,"NO.3A  3RD STREET  GANESH NAGARG.K.INDUSTRIAL ESTATE ,PORUR   CHENNAI ,TAMIL NADU  Pin:600 116",8939678849,info@imfrfood.com
KHAJANCHI EXPORTS,PEPPER               CARDAMOM SMALL       CHILLIES             GINGER               TURMERIC             CORIANDER            FENNEL               FENUGREEK            OTHER SEEDS          GARLIC               CURRY POWDER        ,A,K560,"D-89/2, T.T.C. INDUSTRIAL AREAINDIRA NAGAR ,TURBHE, NAVI MUMBAI, THANE ,MAHARASHTRA  Pin:400705",9619001587,khajanchiexports@gmail.com
AKSHAR IMPEX,PEPPER               CHILLIES             GINGER               TURMERIC             CORIANDER            CUMIN                FENNEL               FENUGREEK            OTHER SEEDS          TAMARIND             CURRY POWDER        ,A,A1249,"B 106CHITRA APT.,TABNE NAGAR, ,MUMBAI ,MAHARASHTRA  Pin:400080",9920964111,export.aksharimpex@gmail.com
AVA CONDIMENTS LLP,PEPPER               CHILLIES             TURMERIC             CORIANDER            CUMIN                FENUGREEK            CURRY POWDER        ,A,A2769,"CC/42/2319NEAR KASABA POLICE STATION ,ERNAKULAM ,KERALA  Pin:682018",9447000017,wilfred@melam.com
NANI AGRO FOODS (P) LTD.,PEPPER               CARDAMOM LARGE       CHILLIES             GINGER               TURMERIC             CORIANDER            CUMIN                FENNEL               FENUGREEK            OTHER SEEDS          TAMARIND             NUTMEG/MACE CURRY POWDER        ,A,N334,"32, OTTUKKARRA CHINNAIYA STREETPOST BOX NO.549 ,ERODE ,TAMIL NADU  Pin:638 003",9600220003,saratha@nani.co.in
KURUWA ENTERPRISES,PEPPER               CARDAMOM SMALL       GINGER               NUTMEG/MACE,A,K097,"18/24 ,KOCHI, ERNAKULAM ,KERALA  Pin:682005",9447195777,kuruwa@bsnl.in
KHYATI ADVISORY SERVICES LIMITED,PEPPER               CARDAMOM SMALL       CARDAMOM LARGE       CHILLIES             GINGER               TURMERIC             CORIANDER            CUMIN                CELERY               FENNEL               FENUGREEK            OTHER SEEDS          TAMARIND             NUTMEG/MACE CURRY POWDER        ,A,K1428,"11/1GOLD MOHUR ,MUMBAI ,MAHARASHTRA  Pin:400002",9324248868,info@khyatigroup.com
MADHA INTERNATIONALZ,PEPPER               CHILLIES             TURMERIC             CUMIN                FENNEL               CURRY POWDER        ,A,M1890,"106 H12TNHB ,Gobichettipalayam ,TAMIL NADU  Pin:638476",9962494665,sandy211153@gmail.com
BAYIR EXTRACTS PVT.LTD,PEPPER               GINGER               SPICE OILS & OLEORES,A,B598,"NO 4112UTKARSHA, 3RD & 4TH FLOOR ,BANGALORE ,KARNATAKA  Pin:560070",9686204657,manjunath@bayirextracts.com
MIDEAST EXPORTS,PEPPER               CHILLIES             GINGER               TURMERIC             CORIANDER            CUMIN                GARLIC               CURRY POWDER        ,A,M883,"7/389KODUTHAPILLIL ,ERANAKULAM ,KERALA  Pin:686673",9446928644,mideastexports@hotmail.com
J.D. CORPORATION,PEPPER               CARDAMOM SMALL       CARDAMOM LARGE       CHILLIES             GINGER               TURMERIC             CORIANDER            CUMIN                FENNEL               FENUGREEK            OTHER SEEDS          TAMARIND             NUTMEG/MACE CURRY POWDER        ,A,J376,"605, 6TH FLOORSAI SAMARTH COMM ,MUMBAI ,MAHARASHTRA  Pin:400088",9820617100,jdcorporation1998@gmail.com
CONTIL INDIA LTD.,PEPPER               CARDAMOM SMALL       CHILLIES             TURMERIC             CORIANDER            CUMIN                FENNEL               FENUGREEK            OTHER SEEDS         ,A,C444,"811SIDDHARTH COMPLEX ,BARODA ,GUJARAT  Pin:390007",9824062060,office@contilgroup.com
PRIYA EXPORTS,PEPPER               CARDAMOM SMALL       TURMERIC             CORIANDER            CUMIN                FENUGREEK            OTHER SEEDS          NUTMEG/MACE,A,P337,"NO.40/25, KANNUSAMY ROADR.S. PURAM ,COIMBATORE ,TAMIL NADU  Pin:641 002",9443050349,info@priyaexports.in
SHREEJI INTERNATIONAL,PEPPER               CHILLIES             TURMERIC             CORIANDER            CUMIN                FENNEL               FENUGREEK            OTHER SEEDS          GARLIC               TAMARIND             CURRY POWDER        ,A,S992,"403, VRAJDEEP,OPP.MAYUR TOWER, ,BORIVALI(W), MUMBAI ,MAHARASHTRA  Pin:400092",9820055061,shahigolden@gmail.com
NAVEENA QUALITY FOODS PRIVATE LIMITED,PEPPER               CARDAMOM SMALL       CARDAMOM LARGE       CHILLIES             GINGER               TURMERIC             CORIANDER            CUMIN                FENNEL               FENUGREEK            OTHER SEEDS          NUTMEG/MACE,A,N765,"6-3-347/P/6,PLOT NO.33RD FLOOR,M.P.R RESIDENCY ,HYDERABAD ,TELANGANA  Pin:500082",9533445035,satishkumartg@gmail.com
VISAKAREGA TRADING PVT.LTD.,PEPPER               TURMERIC            ,A,V504,"X/165 -A,KADAYIRUPPUPUTHENCRUZ ,ERNAKULAM ,KERALA  Pin:682 311",9447150008,grkandcompany@vsnl.net
MADIA IMPEX PRIVATE  LIMITED,PEPPER               CARDAMOM SMALL       CARDAMOM LARGE       TURMERIC             CORIANDER            FENNEL               FENUGREEK            OTHER SEEDS          CURRY POWDER        ,A,M1373,"1818 ,PANIPAT ,HARYANA  Pin:132103",9215224555,tayal70@gmail.com
R.KANTILAL,PEPPER               CARDAMOM SMALL       CHILLIES             TURMERIC             CORIANDER            CUMIN                FENNEL               OTHER SEEDS          CURRY POWDER        ,A,K118,"535,KANTA TERRACE ,MUMBAI. ,MAHARASHTRA  Pin:400 002",9819456184,rkanti@mtni.net.in
LAKSHMI TRADING COMPANY,PEPPER               TURMERIC            ,A,L938,"VI/1738THEKKEMADOM ,ERNAKULAM ,KERALA  Pin:682002",9447150008,lakshmitradingcompanycochin@gmail.com
P.C.KANNAN &#38 CO.,PEPPER               CARDAMOM SMALL       CARDAMOM LARGE       CHILLIES             GINGER               TURMERIC             CORIANDER            CUMIN                FENNEL               FENUGREEK            OTHER SEEDS          GARLIC               TAMARIND             NUTMEG/MACE CURRY POWDER        ,A,K130,"133/2PULLALAKOTTAI ,VIRUDHUNAGAR ,TAMIL NADU  Pin:626001",9826033660,mail@maamis.com
QUIX INTERNATIONAL PRIVATE LIMITED,PEPPER               CARDAMOM SMALL       CHILLIES             GINGER               TURMERIC             CORIANDER            CUMIN                FENNEL               FENUGREEK            OTHER SEEDS         ,A,Q43,"1, JAY GATRAD MA JOSHI FALIYA BOKHIRA ,PORBANDAR ,GUJARAT  Pin:360579",8000044555,himmat27@gmail.com
ABIRAAJA VENTURES PRIVATE LIMITED,PEPPER               CHILLIES             CUMIN                FENNEL               FENUGREEK            OTHER SEEDS         ,A,J956,"3KAMARAJAR NAGAR ,CHENNAI ,TAMIL NADU  Pin:600095",9677252144,abiraajaventures@gmail.com
MAANAS FOODS &#38 SPICES IMPEX,PEPPER               GINGER               TURMERIC             CORIANDER            FENUGREEK            OTHER SEEDS          NUTMEG/MACE,A,M2031,"12, KOHINOOR SOCIETYVIJAYANAGAR ROAD ,AHMEDABAD ,GUJARAT  Pin:380013",9377152671,maanasimpex@gmail.com
SKYWAY MARKETING PVT LTD,PEPPER               CARDAMOM SMALL       CARDAMOM LARGE       CUMIN                FENUGREEK            OTHER SEEDS         ,A,SH20,"124-B,MITTAL COURT ,MUMBAI ,MAHARASHTRA  Pin:400021",9820338825,abbas@sunrichgroup.com
SHRI VENUE EXPORTS,PEPPER               CARDAMOM SMALL       CHILLIES             GINGER               TURMERIC             CUMIN                CELERY               FENNEL               FENUGREEK            OTHER SEEDS          GARLIC               TAMARIND             NUTMEG/MACE CURRY POWDER        ,A,S1209,"4-A,GROUND FLOOR DHUN BUILDING14 DADASAHEB PHALKE ROAD ,DADAR-E MUMBAI ,MAHARASHTRA  Pin:400 014",09322313030,venue@mtnl.net.in
J D EXPORTS,PEPPER               CARDAMOM SMALL       CARDAMOM LARGE       CHILLIES             TURMERIC             CORIANDER            CUMIN                FENNEL               FENUGREEK            OTHER SEEDS          TAMARIND             NUTMEG/MACE CURRY POWDER        ,A,J596,"LAXMI BLDG3RD FLOOR, ,MUMBAI ,MAHARASHTRA  Pin:400 003",09821011082,jdexports9@gmail.com
RICHABEL BIO FOODS (INDIA)PRIVATE LIMITED,PEPPER              ,A,R1080,"1/741, ASHISHA MANGALATHSATELLITE TOWNSHIP ,KAKKANAD WEST, KOCHI ,KERALA  Pin:682 030",9400052605,richabelbfds@gmail.com
EARTH ORGANIC FOODS PRIVATE LIMITED,PEPPER               GINGER               TURMERIC             NUTMEG/MACE,A,E495,"A-1101, TOWER-4, ORLOV COURTESSEL TOWERS, M.G. ROAD ,GURGAON ,HARIYANA  Pin:122002",9971657989,archit@earthorganicfoods.in
JANUZ UNIVERSAL,PEPPER               CHILLIES             TURMERIC             CORIANDER            CUMIN                FENNEL               FENUGREEK            OTHER SEEDS          TAMARIND             CURRY POWDER        ,A,J660,"305, MAHINDER CHAMBERS619/28,W.T.PATIL MARG ,CHEMBUR, MUMBAI ,MAHARASHTRA  Pin:400 071",9820617017,januz@januzuniversal.in
CAPITAL VENTURES PRIVATE LIMITED,PEPPER               CHILLIES             GINGER               TURMERIC             CORIANDER            CUMIN                FENUGREEK            OTHER SEEDS          CURRY POWDER        ,A,C528,"SHOP NO 7ROHINI, SECTOR-7 ,DELHI NORTH ,DELHI  Pin:110085",9999217333,kripa.choudhary@cvpl.in
EXIM TRAC,PEPPER               CARDAMOM SMALL       CARDAMOM LARGE       GINGER               TURMERIC             CORIANDER            CUMIN                FENNEL               FENUGREEK            OTHER SEEDS          TAMARIND            ,A,E213,"SHOP NO.3,  LAXMI CO OP HSG SOC BBEHIND PATEL NAGAR ,KANDIVALI (W), MUMBAI ,MAHARASHTRA  Pin:400 067",09699268642,eximtrac@gmail.com
HIMATLAL BROTHERS,PEPPER               CARDAMOM SMALL       CARDAMOM LARGE       CHILLIES             GINGER               TURMERIC             CORIANDER            CUMIN                FENNEL               FENUGREEK            OTHER SEEDS          CURRY POWDER        ,A,H341,"J/20APMC MKT  1, SPICE MARKET, PHASE II ,NAVI MUMBAI ,MAHARASHTRA  Pin:400705",9167445335,himatlalbrothers@gmail.com
PRACHI EXPORTS,PEPPER               CARDAMOM SMALL       CHILLIES             TURMERIC             CORIANDER            FENNEL               FENUGREEK            OTHER SEEDS          TAMARIND             CURRY POWDER        ,A,P775,"B/402,SHIVGOVIND COMPLEXKHARGHAR, SECTOR 13 ,NAVI MUMBAI ,MAHARASHTRA  Pin:410 210",9867776888,prachiexports@rediffmail.com
M.S.S. ASAN EXPORTS,PEPPER               CARDAMOM SMALL       GINGER               TURMERIC             FENUGREEK            OTHER SEEDS          NUTMEG/MACE,A,M940,"12/1, MELARATHA VEETHISOUTH CAR STREET ,K K DISTRICT ,TAMIL NADU  Pin:629001",9442558052,mssasan@hotmail.com
DINERS FOOD PRODUCTS PVT.LTD,PEPPER               CHILLIES             GINGER               TURMERIC             CORIANDER            CUMIN                FENUGREEK            GARLIC               CURRY POWDER        ,A,D512,"TC-36/138-2 ,TRIVANDRUM ,KERALA  Pin:695008",9447060011,landmarkxport@gmail.com
MAJESTIC ASSOCIATES,PEPPER               CORIANDER            CUMIN                FENNEL               FENUGREEK            OTHER SEEDS         ,A,M2027,"48,RAILWAY FEEDER ROAD ,VIRUDHUNAGAR ,TAMIL NADU  Pin:626001",9486667999,majesvnr28@gmail.com
MAAMI FOODS PRIVATE LIMITED,PEPPER               CHILLIES             TURMERIC             CUMIN                CURRY POWDER        ,A,M976,"133/2PULLALAKOTTAI ,VIRUDHUNAGAR ,TAMIL NADU  Pin:626 001",9443142868,mail@maamis.com
D.N. TRADERS,PEPPER               CHILLIES             GINGER               TURMERIC             CORIANDER            CUMIN                FENNEL               FENUGREEK            OTHER SEEDS         ,A,D449,"A-3603, TIRUMALA HABITATS ,MUMBAI ,MAHARASHTRA  Pin:400 080",9821173437,minkuramchandani18@hotmail.com
JUST CHANGE INDIA PRODUCER COMPANY LIMITED,PEPPER              ,A,J645,"18/514  ACCORD THOTTAMOOLA ,GUDALUR POST NILGIRIS ,TAMIL NADU  Pin:643212",09048046980,tonyjoseaccord@gmail.com
PATANJALI AYURVED LTD,PEPPER               TURMERIC             CORIANDER            CUMIN                FENUGREEK            CURRY POWDER        ,A,P986,"D-26PUSHPANJALI BIJWASAN ENCLAVE ,NEW DELHI ,DELHI  Pin:110061",09760031177,praneet0807@yahoo.com
M.T.R.  FOODS PRIVATE LIMITED,PEPPER               CHILLIES             TURMERIC             CORIANDER            CUMIN                CURRY POWDER        ,A,M707,"No. 1, 2nd &   3rd FloorAshwini Layout, Vivek Nagar ,BANGALORE ,KARNATAKA  Pin:560 070",9845159741,mtrfoods@vsnl.net
Green Valley Organics Spices,PEPPER               CARDAMOM SMALL       GINGER               TURMERIC             CORIANDER            CUMIN                FENNEL               FENUGREEK            OTHER SEEDS          NUTMEG/MACE,A,G695,"NO. 219,AANESALU VILLAGE, BILGI POST ,NORTH KANNADA ,KARNATAKA  Pin:581322",8277005555,greenvalleyorg@gmail.com
SAKTHI MASALA PRIVATE LIMITED,PEPPER               CHILLIES             TURMERIC             CORIANDER            CUMIN                CURRY POWDER        ,A,SH19,"6SAKTHI MASALA PRIVATE LIMITED ,ERODE ,TAMIL NADU  Pin:638004",9443778060,sakthidsanthi@gmail.com
P.J. EXPORTS,PEPPER               CARDAMOM SMALL       CARDAMOM LARGE       CHILLIES             TURMERIC             CORIANDER            CUMIN                FENNEL               FENUGREEK            OTHER SEEDS          NUTMEG/MACE CURRY POWDER        ,A,P075,"395/97, NARSI NATHA STREETASHMULCO KATHA BAZAR ,MUMBAI ,MAHARASHTRA  Pin:400 009",09619012012,info@pjexports.com
SUBHASH MASALA COMPANY PVT. LTD.,PEPPER               CARDAMOM SMALL       CHILLIES             GINGER               TURMERIC             CUMIN                GARLIC               CURRY POWDER        ,A,S2825,"F 15AJINDAL COMPLEX ,DELHI ,DELHI  Pin:110092",9818160680,subhash_masale@rediffmail.com
J &#38 T EXPORTS,PEPPER               CARDAMOM SMALL       CARDAMOM LARGE       CHILLIES             GINGER               TURMERIC             CORIANDER            CUMIN                FENNEL               FENUGREEK            OTHER SEEDS          GARLIC               TAMARIND             NUTMEG/MACE CURRY POWDER        ,A,J549,"#802ND FLOOR, DD CORNER STONE ,KADAVANTHARA, COCHIN ,KERALA  Pin:682 020",9847722900,info@jandtinternational.com
KEVAL EXPORTS PVT. LTD,PEPPER               CARDAMOM LARGE       CHILLIES             GINGER               TURMERIC             CORIANDER            CUMIN                FENNEL               FENUGREEK            OTHER SEEDS          TAMARIND             NUTMEG/MACE CURRY POWDER        ,A,K888,"401, 4TH FLOOR, THE AMBIENCE COURTPLOT NO.02, SECTOR-19-D ,VASHI, NAVI MUMBAI ,MAHARASHTRA  Pin:400 703",9819882341,tejaskeval@yahoo.com
OBSON INTERNATIONAL PRIVATE LIMITED,PEPPER               CARDAMOM SMALL       CARDAMOM LARGE       CHILLIES             GINGER               TURMERIC             CORIANDER            CUMIN                FENNEL               FENUGREEK            OTHER SEEDS          GARLIC               NUTMEG/MACE CURRY POWDER        ,A,O145,"3,DECOR,SHASTRI NAGAROFF.4 BUNGLOWS, NEAR LOKHANDWALA CIRCLE ,ANDHERI (W),MUMBAI ,MAHARASHTRA  Pin:400 053",9223371520,exports@obsongroup.com
J.P. FOODS,PEPPER               CHILLIES             TURMERIC             CORIANDER            CUMIN                CURRY POWDER        ,A,J396,"1001, ATMA HOUSE, 1001, NR.TIMES OF INDIA ,AHMEDABAD ,GUJARAT  Pin:380 009",7600034743,wonder@jpfoodsindia.com
TRETA AGRO PRIVATE LIMITED,PEPPER               CARDAMOM SMALL       CORIANDER            CUMIN                FENNEL               OTHER SEEDS          CURRY POWDER        ,A,T953,"C/O. TIRISH AGARWALMOH ALLI KHAN ,UDAM SINGH NAGAR ,UTTARAKHAND  Pin:110047",8800798585,pankaj@justorganik.com
ATHITHIYAN EXPORTS COMPANY,PEPPER               CHILLIES             GINGER               TURMERIC             CORIANDER            CUMIN                FENNEL               GARLIC               CURRY POWDER        ,A,A899,"C-303, SANDAL BLOCKPRINCE GREEN WOODS, 66, VANAGARAM ROD ,ATHIPET,  CHENNAI ,TAMIL NADU  Pin:600 058",9840990510,athithiyanexports@gmail.com
SELMAX EXPORTS PVT. LTD.,PEPPER               CARDAMOM SMALL       CARDAMOM LARGE       CHILLIES             GINGER               TURMERIC             CORIANDER            CUMIN                FENNEL               FENUGREEK            OTHER SEEDS          TAMARIND             NUTMEG/MACE CURRY POWDER        ,A,SI08,"28,CREATIVE IND. ESTATESUNDER NAGAR ROAD, NO.2, KALINA, ,SANTACRUZ (E) MUMBAI ,MAHARASHTRA  Pin:400098",9820710550,mail@selmax.co.in
SPECTRUM INTERNATIONAL,PEPPER               CHILLIES             GINGER               TURMERIC             CUMIN                FENUGREEK            OTHER SEEDS          TAMARIND             NUTMEG/MACE CURRY POWDER        ,A,SI66,"BLDG NO. 7 ROOM NO 8DHIRWANI BHUVAN, ,CHINCH BUNDER, MUMBAI ,MAHARASHTRA  Pin:400009",9820451485,spos3008@gmail.com
SUNITA EXPORTS,PEPPER               CARDAMOM LARGE       CHILLIES             GINGER               TURMERIC             CORIANDER            CUMIN                FENNEL               FENUGREEK            OTHER SEEDS          NUTMEG/MACE CURRY POWDER        ,A,S2094,"B/1601,VRINDAVAN TOWER, ,MUMBAI ,MAHARASHTRA  Pin:400092",9004757453,sunitaexportsindia@gmail.com
BANSAL ART EXPORTS,PEPPER               CHILLIES             TURMERIC             CORIANDER            CUMIN                FENNEL               CURRY POWDER        ,A,B972,"1099/740/1 ,JODHPUR ,RAJASTHAN  Pin:342005",9414126635,info@bansalart.com
AKAY FLAVOURS &#38 AROMATICS PVT. LTD,PEPPER               TURMERIC             CORIANDER            SPICE OILS & OLEORES,A,A570,"V/315 A,B,C,D,E,F,G,HAMBUNAD ,ALUVA,  ERNAKULAM ,KERALA  Pin:683561",9447045114,info@akay-group.com
GUDHKA BROTHERS,PEPPER               CHILLIES             GINGER               TURMERIC             CORIANDER            CUMIN                FENNEL               FENUGREEK            NUTMEG/MACE,A,G044,"ROOM NO. 57, COMMERCIAL CHAMBERSYUSUF MEHERALI ROAD ,MUMBAI ,MAHARASHTRA  Pin:400003",9821126005,gudhkabrothers@gmail.com
SPECIALITY INDIAN FOOD PARKS & EXPORTS PVT.LTD,PEPPER               CARDAMOM SMALL       CURRY POWDER        ,A,S1948,"1/662-HAMAYAR ,VANDANMEDU, IDUKKI ,KERALA  Pin:685 551",9447000770,tomsoncyril@gmail.com
J.K.SPICES &#38 FOOD PRODUCTS,PEPPER               CARDAMOM SMALL       CHILLIES             TURMERIC             CORIANDER            CUMIN                FENNEL               FENUGREEK            OTHER SEEDS          CURRY POWDER        ,A,J434,"22AMRATOLLA STREET ,KOLKATTA ,WEST BENGAL  Pin:700 001",8335007499,ashish.baid@jkspices.in
RYANIS OVERSEAS PRIVATE LIMITED,PEPPER               CARDAMOM LARGE       CHILLIES             GINGER               TURMERIC             CORIANDER            CUMIN                OTHER SEEDS          NUTMEG/MACE CURRY POWDER        ,A,R1444,"H.NO. 381P ,GURGAON ,HARIYANA  Pin:122015",9582769282,decent.purchase@gmail.com
JAIRAMDASS KHUSHIRAM,PEPPER               CARDAMOM SMALL       CARDAMOM LARGE       CHILLIES             GINGER               TURMERIC             CUMIN                CELERY               FENNEL               FENUGREEK            OTHER SEEDS          GARLIC               NUTMEG/MACE,A,J016,"PLOT NO.5, SECTOR-19-COPP.PUNJAB NATIONAL BANK ,NAVI MUMBAI ,MAHARASHTRA  Pin:400 703",9820232098,jk@herbaltrade.com
DIVYA DARSHINI EXPORTS,PEPPER               CARDAMOM SMALL       CHILLIES             GINGER               TURMERIC             CORIANDER            CUMIN                FENNEL               FENUGREEK            OTHER SEEDS          TAMARIND             NUTMEG/MACE,A,D739,"NEW NO. 21   OLD NO. 7/2DHARMARAJA KOIL STREET   2ND STREET ,CHENNAI ,TAMIL NADU  Pin:600010",044 27921342,divyadarshiniexports@yahoo.in
MAS ENTERPRISES LIMITED,CARDAMOM SMALL      ,B,M048,"1/178 MAS BUILDINGAMAYAR ,VANDANMEDU ,KERALA  Pin:685 551",94470 70770,mail@masindia.com
S.P.G.RAMASAMY NADAR &38 SONS,CARDAMOM SMALL      ,B,R044,"77/1SOUTH CAR STREET ,VIRUDHUNAGAR ,TAMIL NADU  Pin:626001",9443143364,spgr07@hotmail.com
A.V.THOMAS &#38 CO.LTD.,CARDAMOM SMALL      ,B,T044,"BLDG NO. 28/961 BPANAMPILLY NAGAR ,COCHIN ,KERALA  Pin:682 036",9895366770,avtcpd@avtcpd.co.in
SAMEX  AGENCY,CARDAMOM SMALL       CARDAMOM LARGE       CHILLIES             GINGER               TURMERIC            ,B,S016,"NO.201,  2ND FLOOR,  SABARI SAMRIDHI, PLOT NO.10,OPP. UNION PARK, V.N. PURAV MARG ,MUMBAI ,MAHARASHTRA  Pin:400071",09867726561,hemen@samexagency.com
THE KERALA CARDAMOM PROCESSING &#38 MKTG.CO.LTD,CARDAMOM SMALL      ,B,T161,"KP12/691SPICE HOUSE, THEKKADY ,KUMILY ,KERALA  Pin:685 509",9446574565,info@kcpmc.com
TRIDENT CREATION,CARDAMOM SMALL       CARDAMOM LARGE       CHILLIES             GINGER               TURMERIC             CORIANDER            CUMIN                FENNEL               FENUGREEK            OTHER SEEDS          TAMARIND             NUTMEG/MACE,B,T224,"G-3, NAHAR & SETH, INDL. ESTATECG. ROAD, CHAKALA ,ANDHERI (E), MUMBAI ,MAHARASHTRA  Pin:400 099",9819533706,trade@tridentcreation.com
GREENSLAM INTERNATIONAL,CARDAMOM SMALL      ,B,G713,"11-A, V.O.C. NAGARNORTH STREET ,BODINAYAKANUR ,TAMIL NADU  Pin:625 513",9677010707,greenslam.in@gmail.com
HIGHRANGE SPICES,CARDAMOM SMALL      ,B,H514,"KP XII/1364N.H.183, K K ROAD, KUMILY ,IDUKKI ,KERALA  Pin:685509",9446922137,mail@highrangespices.com
SPICES ASIA,CARDAMOM SMALL      ,B,S2883,"60SULOCHAN STREET ,virudhunagar ,TAMIL NADU  Pin:626001",9952293949,kumaran@spicesasia.co.in
SAM EXPORTS AND IMPORTS,CARDAMOM SMALL      ,B,S2095,"10/1064TVS COLONY ,CHENNAI ,TAMIL NADU  Pin:600101",9790911075,sameandi@gmail.com
KOLAMBIL TRADING (EXPORTS &#38 IMPORTS),CARDAMOM SMALL      ,B,K1498,"50/724-B(1)MANGALATHARA ,EDAPPALLY,COCHIN ,KERALA  Pin:682041",8848683771,hakeem.kolambil@gmail.com
VEERPRABHU EXPORT HOUSE,CARDAMOM SMALL       TURMERIC             CORIANDER            CUMIN                FENNEL               FENUGREEK            OTHER SEEDS          CURRY POWDER        ,B,V055,"A112/113/114KAILASH PLAZA ,GHATKOPAR ,MAHARASHTRA  Pin:400077",8655215199,jenil@mtnl.net.in
JAIN &#38 ROY TRADERS,CARDAMOM SMALL       NUTMEG/MACE,B,J655,"45/8/1, PURBAPARA ROAD, BARISHA ,KOLKATA ,WEST BENGAL  Pin:700 063",9830166362,jainroytraders@gmail.com
PACE VENTURES PVT LTD,CARDAMOM SMALL      ,B,P1076,"166 BNABASHRUTI BUILDING ,MUMBAI ,MAHARASHTRA  Pin:400014",9819995845,paceventures.in@gmail.com
HARIDAS NANJI &#38 SONS,CARDAMOM SMALL      ,B,H010,"VI/474BAZAR ROAD ,COCHIN ,KERALA  Pin:682 002",9447034180,nanjee@md2.vsnl.net.in
R.K. INDUSTRIES,CARDAMOM SMALL       CHILLIES             GINGER               TURMERIC             CORIANDER            CUMIN                CELERY               FENNEL               FENUGREEK            OTHER SEEDS          TAMARIND             NUTMEG/MACE CURRY POWDER        ,B,R765,"G-184 ,JODHPUR ,RAJASTHAN  Pin:342005",8094019713,docs@rkindustriesgroup.com
MEHRA CARPET MANUFACTURERS,CARDAMOM SMALL      ,B,M692,"79,CRYSTALDR. A.B ROAD ,MUMABI ,MAHARASHTRA  Pin:400 018",9821052844,mehracarpets@gmail.com
K.M. GANATRA &#38 CO.,CARDAMOM SMALL       CHILLIES             GINGER               TURMERIC             CORIANDER            CUMIN                CELERY               FENNEL               FENUGREEK            OTHER SEEDS         ,B,G003,"702, KRUSHAL COMMERCIAL COMPLEXABOVE SHOPPERS STOP ,CHEMBUR (W), MUMBAI ,MAHARASHTRA  Pin:400089",9867585901,mail@kmganatra.com
QUALITY SPICES &#38 FOOD EXPORTS PVT.LTD,CARDAMOM SMALL       CARDAMOM LARGE       CHILLIES             GINGER               TURMERIC             CORIANDER            CUMIN                FENNEL               FENUGREEK            OTHER SEEDS          GARLIC               TAMARIND             NUTMEG/MACE CURRY POWDER        ,B,Q022,"G1&2PRABHU PRERNA VALLABH BAUG ,GHATKOPAR [E], MUMBAI ,MAHARASHTRA  Pin:400 077",9821020582,qsfpl08@gmail.com
M. D. FOODS,CARDAMOM SMALL       CARDAMOM LARGE       CHILLIES             GINGER               TURMERIC             CORIANDER            CUMIN                FENNEL               FENUGREEK            OTHER SEEDS          GARLIC               TAMARIND             NUTMEG/MACE CURRY POWDER        ,B,M1282,"901/2, STELLERSION TROMBAY ROAD ,CHEMBUR DIST, MUMBAI ,MAHARASHTRA  Pin:400071",9821297783,info@egrocers.co.in
VIRAL CORPORATION,CARDAMOM SMALL       CARDAMOM LARGE       CHILLIES             GINGER               TURMERIC             CORIANDER            CUMIN                FENNEL               FENUGREEK            OTHER SEEDS          GARLIC               NUTMEG/MACE CURRY POWDER        ,B,V594,"LOHANA BORDING BUILDINGRASTRIYA SHALA MARG ,RAJKOT ,GUJARAT  Pin:360 002",8460837882,seddharth@adanispices.com
EVERGREEN EXPORTS,CARDAMOM SMALL       CARDAMOM LARGE       CHILLIES             GINGER               TURMERIC             CORIANDER            CUMIN                CELERY               FENNEL               FENUGREEK            OTHER SEEDS          GARLIC               NUTMEG/MACE CURRY POWDER        ,B,E189,"B-723,JASWANTI ALLIED BUSINESS CENTRERAMCHANDRA LANE EXTN ,MUMBAI ,MAHARASHTRA  Pin:400 064",9820323370,evergreenexportsindia@gmail.com
PANKAJ EXPORTS,CARDAMOM SMALL       CARDAMOM LARGE       CHILLIES             GINGER               TURMERIC             CUMIN                FENNEL               FENUGREEK            OTHER SEEDS          NUTMEG/MACE CURRY POWDER        ,B,P019,"1104,KRISHNA GOVINDA TOWERSSECTOR-24,VASHI ,NEW BOMBAY ,MAHARASHTRA  Pin:400 705",9619009777,pankajexports1981@gmail.com
AL FALAH TRADING COMPANY,CARDAMOM SMALL      ,B,A2880,"37/2289 E2B S ARCADE ,COCHIN ,KERALA  Pin:682024",9961473737,alfalah.ekm@gmail.com
JATIN &#38 COMPANY,CARDAMOM SMALL       CHILLIES             TURMERIC             CORIANDER            CUMIN                CELERY               OTHER SEEDS          CURRY POWDER        ,B,J026,"541-C10 ASHOK BUILDING  GR FLOOR ,MATUNGA (CR) MUMBAI ,MAHARASHTRA  Pin:400 019",9820282365,jatinco@gmail.com
HARLEY CARMBEL (INDIA) PVT.LTD,CARDAMOM SMALL       CHILLIES             GINGER               NUTMEG/MACE,B,H306,"287,  4TH FLOORD.D.VYAPAR BHAVAN ,KOCHI ,KERALA  Pin:682 020",98460 33919,info@harleycarmbel.com
AMAR INTERNATIONAL,CARDAMOM SMALL       CHILLIES             GINGER               TURMERIC             CORIANDER            CUMIN                FENNEL               FENUGREEK            TAMARIND             NUTMEG/MACE CURRY POWDER        ,B,A107,"AMAR  HOUSEMUMBAI MARATHI GRANTHA SANGRAHALAYA MARG ,MUMBAI ,MAHARASHTRA  Pin:400 014",7506253122,amarintl@vsnl.com
ALLANASONS PRIVATE LIMITED,CARDAMOM SMALL       CHILLIES             TURMERIC             CORIANDER            CUMIN                FENNEL               FENUGREEK            OTHER SEEDS          TAMARIND            ,B,A037,"ALLANA HOUSE4 J.A. ALLANA MARG, COLABA ,MUMBAI ,MAHARASHTRA  Pin:400 001",9820206284,exim@allana.com
SPS AGRO CARE,CARDAMOM SMALL       CARDAMOM LARGE       CHILLIES             TURMERIC             CORIANDER            CUMIN                FENNEL               FENUGREEK            OTHER SEEDS          NUTMEG/MACE CURRY POWDER        ,B,S3100,"132-A SOUTH OFFICE PARA, ,RANCHI ,JHARKHAND  Pin:834002",9709056469,sanjay@spsagrocare.com
A and A EXIM,CARDAMOM SMALL      ,B,A2978,"106/H12TNHB ,GOBICHETTIPALAYAM ,TAMIL NADU  Pin:638476",09629761980,aylwin980@gmail.com
MAIYAS BEVERAGES AND FOODS PVT.LTD,CARDAMOM SMALL       CHILLIES             TURMERIC             CORIANDER            CUMIN                FENUGREEK            CURRY POWDER        ,B,M1306,"NEW NO.49, OLD NO.540,YELEMANE, 32ND CROSS, 10TH MAIN ROAD, ,BANGALORE ,KARNATAKA  Pin:560 011",9945620820,rajarathinam@maiyas.in
KARISHMA FOOD PRODUCTS,CARDAMOM SMALL       CUMIN                FENNEL               FENUGREEK           ,B,K1605,"F348DAXIN GODOWN ,UNJHA ,GUJARAT  Pin:384170",9558315163,mail.ankit1987@gmail.com
C. ARUNKUMAR &#38 CO.(EXPORTS),CARDAMOM SMALL       CHILLIES             GINGER               TURMERIC             CORIANDER            CUMIN                FENNEL               FENUGREEK            OTHER SEEDS          TAMARIND             CURRY POWDER        ,B,A087,"9,  2ND FLOORSAGAR BUILDING ,MUMBAI ,MAHARASHTRA  Pin:400 009",9820094763,carun@vsnl.com
INTERNATIONAL TRADING CORPORATION (INDIA),CARDAMOM SMALL       TURMERIC            ,B,I246,"25, GAYA BUILDING,3RD FLOOR ,MUMBAI ,MAHARASHTRA  Pin:400003",9821121489,itcilt@gmail.com
MALWA ORGANIC FOODS PRIVATE LIMITED,CARDAMOM SMALL       CARDAMOM LARGE       CHILLIES             GINGER               TURMERIC             CORIANDER            CUMIN                FENNEL               FENUGREEK            OTHER SEEDS          CURRY POWDER        ,B,M1752,"9 / A, RAJGARH KOTHI, MANORAMA GANJ ,INDORE ,MADHYA PRADESH  Pin:452001",09893001449,organicpulses@gmail.com
SATKAMAL EXPORTS,CARDAMOM SMALL       CARDAMOM LARGE       CHILLIES             GINGER               TURMERIC             CORIANDER            CUMIN                CELERY               FENNEL               FENUGREEK            OTHER SEEDS          GARLIC               TAMARIND             NUTMEG/MACE CURRY POWDER        ,B,S478,"630/631COMMODITY EXCHANGE BLDG. ,NAVI MUMBAI ,MAHARASHTRA  Pin:400705",9870421221,info@satkamalexports.com
SRI MURUGAN EXPORTS,CARDAMOM SMALL       CURRY POWDER        ,B,S1410,"12, AYYANAR KOIL STREET2ND CROSS ,PUDUCHERRY ,PONDICHERRY  Pin:605003",9486269159,sriexim916@gmail.com
CARMEL ORGANICS PRIVATE  LIMITED,CARDAMOM SMALL       GINGER               TURMERIC             CORIANDER            CUMIN                FENNEL               FENUGREEK            OTHER SEEDS          NUTMEG/MACE CURRY POWDER        ,B,C523,"DR.ARJUN LAL DHAKADDHAKAD CLINIC ,SINOLI ,MADHYA PRADESH  Pin:458220",7879194434,info@carmelorganics.in
MALABAR FOOD  STUFF COMPANY,CARDAMOM SMALL       NUTMEG/MACE,B,M144,"VIII/2201KILIKAR ROAD ,COCHI ,KERALA  Pin:682 002",9895443300,kishan@gtspice.com
DIVINE GROCERIES PRIVATE LIMITED,CARDAMOM SMALL       GINGER               TURMERIC             FENNEL               OTHER SEEDS         ,B,D563,"CEN 454VILLAGE LALTON KALAN DISTT ,LUDHIANA ,PUNJAB  Pin:142022",9988291098,divinegroceries@gmail.com
STERLING EXPORTS INC.,CARDAMOM SMALL       CHILLIES             GINGER               TURMERIC             CORIANDER            CUMIN                CELERY               FENNEL               FENUGREEK            OTHER SEEDS          GARLIC               NUTMEG/MACE CURRY POWDER         SPICE OILS & OLEORES,B,S394,"405, KONARK DARSHAN-BABOVE UTI BANK ,MULUND WEST, MUMBAI ,MAHARASHTRA  Pin:400080",9920117264,girish@sterlingexportsinc.com
G.A.CORPORATION,CARDAMOM SMALL       CARDAMOM LARGE       CORIANDER            CUMIN                FENUGREEK            CURRY POWDER        ,B,G686,"203 2ND FLOOR COMMODITY EXCHANGEBLDG PLOT NO 2,3,4 ,VASHI, NAVI MUMBAI ,MAHARASHTRA  Pin:400 705",9821017726,gac@bom5.vsnl.net.in
BJ AGRI COMM,CARDAMOM SMALL       CHILLIES             GINGER               TURMERIC             CORIANDER            CUMIN                CELERY               FENNEL               FENUGREEK            OTHER SEEDS          NUTMEG/MACE,B,B804,"121/127MANDVI NAVJIVAN BLDG,SUIT NO. 303 ,BUNDER WEST, MUMBAI ,MAHARASHTRA  Pin:400003",9820433902,info@bjint.com
TRU VALUE OVERSEAS PVT LTD,CARDAMOM SMALL       CARDAMOM LARGE       CHILLIES             TURMERIC             CORIANDER            CUMIN                FENNEL               FENUGREEK            OTHER SEEDS          CURRY POWDER        ,B,T907,"C-4, 1ST FLOOR ,NEW DELHI ,DELHI  Pin:110015",9810257444,info@truvalueoverseas.com
SABLI IMPEX TRADERS,CARDAMOM SMALL       CARDAMOM LARGE       TURMERIC             CORIANDER            CUMIN                FENNEL               FENUGREEK            OTHER SEEDS         ,B,S1338,"NO.3 ,PAPANASAM ,TAMIL NADU  Pin:614205",9894201540,oaj.farookjamal@gmail.com
SANJEEVANI ORGANICS,CARDAMOM SMALL       CHILLIES             TURMERIC             CORIANDER            CUMIN                FENNEL               FENUGREEK            OTHER SEEDS          CURRY POWDER        ,B,S2415,"SANJEEVANI HOUSE,SANJEEVANI TOWERCHANAKYA MARG, ,dehradun ,UTTARANCHAL  Pin:248002",9412058124,sanjeevaniorganics@gmail.com
RAJAMA EXPORTS,CARDAMOM SMALL       CHILLIES             TURMERIC             CORIANDER            CUMIN                OTHER SEEDS          CURRY POWDER        ,B,R412,"SF NO.33B 34 35/1,2 AND 5,63/227  VANDALUR- KELAMBAKKAM ROAD ,CHENNAI ,TAMIL NADU  Pin:600127",9976713333,rajamaexport@gmail.com
KAPS INTERNATIONAL,CARDAMOM SMALL       CHILLIES             GINGER               TURMERIC             CORIANDER            CUMIN                FENNEL               FENUGREEK            OTHER SEEDS          TAMARIND             CURRY POWDER        ,B,K611,"201,ROSEWOOD CHAMBERSTULSIWADI,TARDEO ,MUMBAI ,MAHARASHTRA  Pin:400 034",9820542685,kapstree@gmail.com
AVON AGRO INDUSTRIES PVT. LTD.,CARDAMOM SMALL       CARDAMOM LARGE       CHILLIES             CORIANDER            CUMIN                FENNEL               FENUGREEK            OTHER SEEDS          TAMARIND             CURRY POWDER        ,B,A654,"578FIRST FLOOR ,DELHI ,DELHI  Pin:110006",9711153810,info@avonagro.com
R.M. TRADING CO,CARDAMOM SMALL       CARDAMOM LARGE       CHILLIES             GINGER               TURMERIC             CORIANDER            CUMIN                FENNEL               FENUGREEK            OTHER SEEDS          GARLIC               CURRY POWDER        ,B,R1081,"1454MADHUKANT COMPLEX ,AHMEDABAD ,GUJARAT  Pin:380 004",9925280008,rakesh@kxol.in
SAKTHI AGRO IMPEX,CARDAMOM SMALL       TURMERIC             CORIANDER            CUMIN                FENNEL               FENUGREEK            OTHER SEEDS          TAMARIND            ,B,S3384,"NEW NO.2,  MALAVIYA AVENUENATHANS ARCADE ,CHENNAI ,TAMIL NADU  Pin:600041",9841039410,sakthiagroimpex@gmail.com
PARAYIL EXPORTS,CARDAMOM SMALL       CHILLIES             GINGER               TURMERIC             CORIANDER            CUMIN                FENNEL               FENUGREEK            OTHER SEEDS          TAMARIND             CURRY POWDER        ,B,P343,"345/W-V, BHARANANGANAM  PANCHAYATH ,KOTTAYAM ,KERALA  Pin:686579",9946444276,parayilexports@gmail.com
ORION TRADERS,CARDAMOM SMALL       GINGER               TURMERIC             CORIANDER            CUMIN                FENUGREEK            OTHER SEEDS          NUTMEG/MACE,B,O006,"403READY MONEY TERRACE ,MUMBAI ,MAHARASHTRA  Pin:400018",9820121601,srdoshi27@gmail.com
VACCO EXPORTS,CARDAMOM SMALL       CARDAMOM LARGE       CHILLIES             TURMERIC             CORIANDER            FENNEL               FENUGREEK            TAMARIND             CURRY POWDER        ,B,V247,"144/4, SAMUEL STREET1ST FLOOR ,MUMBAI ,MAHARASHTRA  Pin:400 009",9820071168,vacco@vsnl.com
PREMCHAND TRADING COMPANY,CARDAMOM SMALL       CHILLIES             TURMERIC             CORIANDER            CUMIN                FENNEL               FENUGREEK            OTHER SEEDS          TAMARIND             SPICE OILS & OLEORES,B,P842,"A-230,ANTOP HILL WAREHOUSING COMPLEXVIDYALANKAR COLLEGE ROAD ,NEAR BARKAT ALI NAKA,WADALA(E)MUMBAI ,MAHARASHTRA  Pin:400037",09820190090,info@ptcoexports.com
G.S. EXPORTS,CARDAMOM SMALL       CARDAMOM LARGE       CHILLIES             GINGER               TURMERIC             CORIANDER            CUMIN                FENNEL               FENUGREEK            OTHER SEEDS          TAMARIND             CURRY POWDER        ,B,G863,"C - 167, MIDCTTC INDL.AREA ,NAVI MUMBAI ,MAHARASHTRA  Pin:400705",9820216980,spices@vsnl.com
KRISHNA EXPORTS,CARDAMOM SMALL       CARDAMOM LARGE       CHILLIES             GINGER               TURMERIC             CORIANDER            CUMIN                FENNEL               FENUGREEK            OTHER SEEDS          CURRY POWDER        ,B,K715,"B/H RAILWAY STATIONGAYATRI ESTATE ,THASRA ,GUJARAT  Pin:388250",9426018747,krishnaexports9@gmail.com
SHREE SHYAM PAN PRODUCTS PVT. LTD,CARDAMOM SMALL       CARDAMOM LARGE      ,B,S2628,"A 269, DSIDCNARELA INDUSTRIAL AREA ,NEW DELHI ,DELHI  Pin:110040",9810752849,sspppl2010@gmail.com
HERBS N SPICES INTERNATIONAL,CARDAMOM SMALL       TURMERIC             CORIANDER            CELERY               FENNEL               FENUGREEK            OTHER SEEDS          NUTMEG/MACE,B,H238,"528, AVIOR, NIRMAL GALAXYL.B.S. MARG ,MUMBAI ,MAHARASHTRA  Pin:400080",9821227142,info@hnspice.com
JUPITER  EXPORTS,CARDAMOM SMALL       CHILLIES             GINGER               TURMERIC             CORIANDER            OTHER SEEDS          TAMARIND            ,B,J520,"NATHANS ARCADE21, MALAVIYA AVENUE ,THIRUVANMIYUR, CHENNAI ,TAMIL NADU  Pin:600041",9841039410,jupitermurugesan@gmail.com
WELTWEIT AGRI EXPORTS LLP,CARDAMOM SMALL       TURMERIC             CORIANDER            FENNEL               OTHER SEEDS          GARLIC              ,B,W117,"B-817JASWANTI ALLIED BUSINESS CENTRE, ,MUMBAI ,MAHARASHTRA  Pin:400064",9833996267,accounts@weltweitagri.com
BENZ EXPORTS,CARDAMOM SMALL       CARDAMOM LARGE       FENNEL               OTHER SEEDS          CURRY POWDER        ,B,B745,"175SATYA NIWAS,5, 1ST FLOOR ,MUMBAI ,MAHARASHTRA  Pin:400001",9867089053,info@benzexports.com
SHIVANDITTA MAL &#38 COMPANY,CARDAMOM LARGE       CUMIN                FENNEL               TAMARIND             NUTMEG/MACE,C,S396,"B-171SAKET ,MEERUT ,UTTAR PRADESH  Pin:252 003",9878051167,sndhwani@vsnl.com
N.C.BHOJRAJ & COMPANY,CARDAMOM LARGE      ,C,N526,"VASHUNDHARAS.F.ROAD ,SILIGURI,DARJEELING ,WEST BENGAL  Pin:734005",9162000000,ncbhojraj@gmail.com
K. KISHORE OVERSEAS,CARDAMOM LARGE       CHILLIES             CORIANDER            CUMIN                FENUGREEK            OTHER SEEDS          TAMARIND             NUTMEG/MACE,C,K1044,"688BAGH JHANDA SINGH ,AMRITSAR ,PUNJAB  Pin:143001",9888060332,mscmilap@gmail.com
BV CORPORATION,CARDAMOM LARGE       CUMIN                TAMARIND            ,C,B876,"2920/XVI-21KOT SARDAR KHAN ,AMRITSAR ,PUNJAB  Pin:143001",9888187000,info@bvcorp.co.in
SAILOR EXPORTS LTD,CARDAMOM LARGE       CHILLIES             GINGER               TURMERIC             CORIANDER            CUMIN                FENUGREEK            OTHER SEEDS         ,C,S2252,"179/3PATTHAR MUNDLA ROAD ,INDORE ,MADHYA PRADESH  Pin:452020",9893300445,info@sailorexports.com
DIN DAYAL AND SONS,CARDAMOM LARGE      ,C,D648,"143/3GADODIA MARKET , ,DELHI  Pin:110006",9971566504,info@dindayalandsons.com
UNIQUE EXPORTS,CARDAMOM LARGE       GINGER               TURMERIC             CORIANDER            FENUGREEK            OTHER SEEDS         ,C,U114,"313BPS PLAZA, 3RD FLOOR ,MULUND (WEST), MUMBAI ,MAHARASHTRA  Pin:400 080",9820811360,uniqexps7@gmail.com
J. HEMCHAND &#38 CO,CARDAMOM LARGE       CHILLIES             GINGER               TURMERIC             CORIANDER            CUMIN                FENNEL               FENUGREEK            OTHER SEEDS          TAMARIND            ,C,H026,"330,NAVRANG BHUVAN3RD FLOOR ,MUMBAI ,MAHARASHTRA  Pin:400 009",9820284678,j.hemchandco@gmail.com
KANAIYA EXPORTS PVT. LIMITED,CARDAMOM LARGE       CHILLIES             GINGER               TURMERIC             CORIANDER            CUMIN                CELERY               FENNEL               FENUGREEK            OTHER SEEDS         ,C,K720,"99, MARKET YARDUNJHA ,MEHSANA ,GUJARAT  Pin:384 170",09825465663,bhatt@kanaiagroup.com
SAMI SPICES AND HERBS PVT.LTD,CARDAMOM LARGE       CHILLIES             GINGER               TURMERIC             CORIANDER            CUMIN                FENNEL               OTHER SEEDS          NUTMEG/MACE CURRY POWDER        ,C,S2036,"803/804BAWA HOUSE,A WING ,SION-CHUNABHATTI EAST, MUMBAI ,MAHARASHTRA  Pin:400 022",9820152502,anilco@anilcospices.com
POOJA EXPORTS,CARDAMOM LARGE       CHILLIES             GINGER               TURMERIC             CORIANDER            CUMIN                FENNEL               FENUGREEK            OTHER SEEDS          CURRY POWDER        ,C,P352,"924,DEENMANI ,CHIKHLI, DIST. NAVSARI ,GUJARAT  Pin:396521",9824145167,bhikhukapadia@yahoo.com
DIVYA ENTERPRISES,CARDAMOM LARGE       CHILLIES             CORIANDER            CUMIN                FENNEL               FENUGREEK            OTHER SEEDS          GARLIC              ,C,D399,"E 3 / 602,HIGHLAND PARK, ,MULUND (W) MUMBAI ,MAHARASHTRA  Pin:400082",09702210066,divyagroup@hotmail.com
JKH EXPORTS,CARDAMOM LARGE       CHILLIES             TURMERIC             CUMIN                CELERY               FENNEL               FENUGREEK            OTHER SEEDS         ,C,J149,"B/62, APMC COMPLEXMARKET-I, PHASE-II, ,NAVI MUMBAI ,MAHARASHTRA  Pin:400 705",9820062233,jkhadmn@jkhexports.com
SANTOSH IMPEX,CARDAMOM LARGE       TURMERIC             FENUGREEK            CURRY POWDER        ,C,S2923,"108-109MEHAK TOWER ,LUDHIANA ,PUNJAB  Pin:141001",9814304123,santoshimpex1@gmail.com
TARGET EXPORTS PVT. LTD,CARDAMOM LARGE       TURMERIC             CORIANDER            CUMIN                FENNEL               FENUGREEK            OTHER SEEDS         ,C,T863,"CEN -454 ,LUDHIANA ,PUNJAB  Pin:142022",9988291098,targetexports2010@gmail.com
P.D. INTERNATIONAL,CARDAMOM LARGE       CHILLIES             TURMERIC             CORIANDER            CUMIN                FENNEL               FENUGREEK            OTHER SEEDS          NUTMEG/MACE CURRY POWDER        ,C,P893,"216/3VANKUNJ ,WADALA (WEST), MUMBAI ,MAHARASHTRA  Pin:400 031",9867294087,pdinternational1@rediffmail.com
PARAYIL FOOD PRODUCTS PVT.LTD,CARDAMOM LARGE       CHILLIES             GINGER               TURMERIC             CORIANDER            CUMIN                FENNEL               FENUGREEK            OTHER SEEDS          CURRY POWDER        ,C,P892,"BLDG.NO.1/781-802INDUSTRIAL DEVELOPMENT AREA ,AROOR,ALAPPUZHA ,KERALA  Pin:688534",9645077276,info@seafood-delight.com
K.K.INTERNATIONAL,CARDAMOM LARGE       TURMERIC             CORIANDER            FENNEL               FENUGREEK            OTHER SEEDS         ,C,K759,"701, GARDEN VIEW,X13,   SHASTRI NAGAR ,ANDHERI(W).  MUMBAI ,MAHARASHTRA  Pin:400 053",9323837200,nanimaa@gmail.com
KUNAL CORPORATION,CARDAMOM LARGE       CHILLIES             GINGER               TURMERIC             CORIANDER            CUMIN                FENNEL               FENUGREEK            OTHER SEEDS          TAMARIND            ,C,K461,"A/25, PHASE II, MARKET IA.P.M.C. COMPLEX, VASHI ,NAVI MUMBAI ,MAHARASHTRA  Pin:400 703",08080599598,kunal@bekc.in
CHATWANI IMPEX PVT. LTD.,CARDAMOM LARGE       CHILLIES             GINGER               TURMERIC             CORIANDER            CUMIN                FENUGREEK            OTHER SEEDS          CURRY POWDER        ,C,C539,"SHOP NO.2,PLOT NO.5, R.D.P. 5, SECTOR 7,INDU SAGAR C.H.S. LTD., ,MUMBAI ,MAHARASHTRA  Pin:400067",9820054365,chatwaniimpex@yahoo.co.in
ABIR INTERNATIONAL,CARDAMOM LARGE       GINGER               CORIANDER            CUMIN                FENNEL               FENUGREEK            OTHER SEEDS          CURRY POWDER        ,C,A2642,"46- B ,LUDHIANA ,PUNJAB  Pin:141012",9876591278,dk_parnami123@yahoo.co.in
NANDYALA SATYANARAYANA,CHILLIES             GINGER               TURMERIC             CUMIN                TAMARIND            ,D,N426,"9/14/2/9, SANTA MARKETTADEPALLIGUDEM, ,WEST GODAVARI DISTRICT ,ANDHRA PRADESH  Pin:534102",9848123229,info@nkexpo.com
SIDHHARTHA CORPORATION PVT.LTD,CHILLIES             TURMERIC             CORIANDER            CUMIN                FENNEL               FENUGREEK            OTHER SEEDS          NUTMEG/MACE,D,S2016,"205/206, 2ND FLOORJ.K. CHAMBERS ,NAVI MUMBAI ,MAHARASHTRA  Pin:400 703",9320120239,ashish@sidhhartha.com
VIJAYAKRISHNA SPICE FARMS PVT.LTD,CHILLIES            ,D,V653,"No.35KHB COLONY ,BELLARY ,KARNATAKA  Pin:583 103",9880933399,mail@vkspice.com
SMJ EXPORTS PVT. LTD.,CHILLIES             GINGER               TURMERIC             CORIANDER            CUMIN                CELERY               FENNEL               FENUGREEK            GARLIC               CURRY POWDER        ,D,S2532,"A- 333SHASTRI NAGAR ,JODHPUR ,RAJASTHAN  Pin:342003",9672273561,tarun2k52000@gmail.com
SHIV KUMAR MAHAVEER KUMAR,CHILLIES            ,D,SG22,"D.NO.24-11-1997TH LANE ,PATNAM BAZAR GUNTUR ,ANDHRA PRADESH  Pin:522003",9000866077,smguntur@gmail.com
AGROGREEN RESOURCES INDIA,CHILLIES            ,D,R1032,"NO. 14WEST PONNAGARAM   10th STREET ,MADURAI ,TAMIL NADU  Pin:625016",9786455667,agrogreen09@yahoo.com
S.JAYAVEL EXIM,CHILLIES            ,D,J528,"OLD NO 69NEW NO 46 ,CHENNAI ,TAMIL NADU  Pin:600013",9585018888,jayavel_exim@yahoo.co.in
AGRO CROPS INDIA  LIMITED,CHILLIES             CUMIN                FENNEL               FENUGREEK           ,D,A1266,"NO.45,  ROOM NO.1, 2ND FLOORSM PLAZA ,CHENNAI ,TAMIL NADU  Pin:600 001",9940141771,bhuv@agrocrops.com
ACE EXPORTS,CHILLIES            ,D,A989,"NO.47, 1ST FLOORLAL BAGH MAIN ROAD ,BANGALORE ,KARNATAKA  Pin:560027",9880309179,ace@ace-exports.com
ITC LIMITED,CHILLIES             TURMERIC             CORIANDER            CUMIN                CELERY               FENUGREEK           ,D,I209,"37 VIRGINIA HOUSEJAWAHARLAL NEHRU ROAD ,KOLKATA ,WEST BENGAL  Pin:700071",9849649215,sanjeev.bisht@itc.in
ASIAN FOOD INDUSTRIES,CHILLIES             GINGER               TURMERIC             CORIANDER            CUMIN                FENNEL               FENUGREEK            OTHER SEEDS          TAMARIND            ,D,A834,"N.H.NO.8,OPP. ESCORT TRACTORS, ,TAL. NADIAD DIST,KHEDA, ,GUJARAT  Pin:387320",9824074444,asianfoodindustries@gmail.com
RAZACK TRADING COMPANY,CHILLIES            ,D,R1035,"6RTC BUILDING ,ARIYALUR ,TAMIL NADU  Pin:621704",09443306472,rtcariyalur@yahoo.com
GINNY FOOD,CHILLIES             CORIANDER            GARLIC              ,D,G882,"103SATYA SAI ENCLAVE ,GUNTUR ,ANDHRA PRADESH  Pin:522007",9849133391,ginnyfoods@gmail.com
GREEN   ASIA   IMPEX    PRIVATE    LIMITED,CHILLIES            ,D,G976,"D  NO   11/18/25BACK    SIDE    OF    HDFC    BANK ,TADEPALLIGUDEM ,Select  Pin:534102",9849041785,raam_pv@yahoo.com
ARIHANT MULTISALES PVT.LTD,CHILLIES            ,D,A2477,"205,2ND FLOORJ.K CHAMBERS, PLOT NO.76 ,NAVI MUMBAI ,MAHARASHTRA  Pin:400703",9320120239,arihantmultisalespvtltd@gmail.com
SAKTHI EXPORTS,CHILLIES            ,D,SE08,"10NORTH CAR STREET ,SANKARANKOVIL ,TAMIL NADU  Pin:627 756",9003930619,agpgroups@yahoo.co.in
SAMBROS EXPORTERS,CHILLIES            ,D,S3141,"126   SASTRI ROADRAMNAGAR ,COIMBATORE ,TAMIL NADU  Pin:641009",9952113377,sambrosexporters@gmail.com
SAHANA ENTERPRISES,CHILLIES             TURMERIC            ,D,S1684,"NO.136, BLOCK NO.1FLAT NO.6-E ,CHENNAI ,TAMIL NADU  Pin:600093",9884799099,sahanaaenterprises@gmail.com
NADIA EXIM,CHILLIES            ,D,N418,"8A, 8TH FLOOR,SOLUS, JAIN HEIGHTS, NO.2 1ST CROSS ,BANGALORE ,KARNATAKA  Pin:560002",9980133734,nadiaexim@yahoo.co.in
F.A.TRADING,CHILLIES             GINGER               TURMERIC            ,D,T562,"48 BAITHAK KHANA ROAD ,KOLKATA ,WEST BENGAL  Pin:700 009",9830020710,fasamirmsaha@yahoo.co.in
K.N.FOODS,CHILLIES            ,D,K786,"9-14-2(68)B.R.MARKET ,W.G.DIST ,ANDHRA PRADESH  Pin:534 102",9848195599,naga@knfoods.in
AVILAA EXPORTS PRIVATE LIMITED,CHILLIES            ,D,A1526,"OLD NO.269/1, NEW NO.126JSJ COMPLEX, IV TH FLOOR ,CHENNAI ,TAMIL NADU  Pin:600001",9677260444,exports@avilaaexports.com
SRI VARU IMPEX AND LOGISTICS,CHILLIES            ,D,S1954,"23-B-2G, SECOND FLOORMANDIRA APART ,T. NAGAR, CHENNAI ,TAMIL NADU  Pin:600017",9884269791,srivaruimpex@gmail.com
RAMA SATYA DEVA CHILLIES,CHILLIES            ,D,R1255,"D.NO. 26-16-150/ AOPP AMC ,GUNTUR ,ANDHRA PRADESH  Pin:522004",09704400444,ramasatyadevachillies2013@gmail.com
GANGADHAR MOTILAL,CHILLIES            ,D,G717,"24-11-1997TH LANE ,PATNAM BAZAR, GUNTUR ,ANDHRA PRADESH  Pin:522003",9399351784,smguntur@gmail.com
SABARI EXPORT,CHILLIES            ,D,S2822,"12A/2BHARATHI NAGAR ,KARUR ,TAMIL NADU  Pin:639002",8124215999,sabariexportind@gmail.com
VENKATRAMA INTERNATIONAL LLP,CHILLIES            ,D,V1030,"D.NO.5 87 39/1 MAIN ROADSAKKU HOUSE ,GUNTUR ,ANDHRA PRADESH  Pin:522007",8978825599,exportmanager@sakkuspinningmills.com
SAKKU SPINNING MILLS PRIVATE LIMITED,CHILLIES            ,D,S3245,"5-87-39/1,SAKKU HOUSE ,GUNTUR ,ANDHRA PRADESH  Pin:522007",8978923399,gmmarketing@sakkuspinningmills.com
G K TRADING COMPANY,CHILLIES            ,D,G1109,"ASST 1990, FEDERAL BANK STREETLINGAYAPALEM,  WARD 1, NEAR NCML COLD STORAGE ,GUNTUR ,ANDHRA PRADESH  Pin:522005",9573455163,gk.bollam@gmail.com
STAR EXPORTS,CHILLIES            ,D,S2772,"25...16...218/4CHINNABBAI HOTEL LANE ,GUNTUR ,ANDHRA PRADESH  Pin:522005",9246757558,rajkumarinfo100@gmail.com
KRISHNA TRADERS,CHILLIES             GINGER               TURMERIC             CUMIN                FENNEL               FENUGREEK            GARLIC              ,D,K081,"20, MURALIDHAMHARA CHANDRA MULLICK ST ,KOLKATA ,WEST BENGAL  Pin:700 005",9830057548,tmohankt@gmail.com
SRI VENKATESHWAR SPICES,CHILLIES             TURMERIC             CORIANDER            GARLIC              ,D,S1487,"PLOT NO.50RMBETGERI ,BYADGI, HAVERI DIST ,KARNATAKA  Pin:581 106",9449915000,rmb.mrb@hotmail.com
Mysore Mercantile Co. Ltd,CHILLIES            ,D,M1227,"No.201- 202, 2ND FLOOR, NO.87, K.R.ROADSHRESHTA BUMI ,BANGALORE ,KARNATAKA  Pin:560004",9449873628,amreen@mmclindia.com
KUNVARJI COMTRADE RETAIL PVT LTD,CHILLIES            ,D,K983,"KUNVARJI, B WING,SIDDHIVINAYAK TOWERS, NR. D.A.V SCHOOL, ,AHMEDABAD ,GUJARAT  Pin:380051",9925226271,bhavin.mehta@kunvarji.com
INDIAN CHILLIES TRADING COMPANY LTD.,CHILLIES             TURMERIC             SPICE OILS & OLEORES,D,I188,"33M.C.CHIDAMBARA NADAR STREET , ,TAMIL NADU  Pin:626 001",9942460624,indianchilliestrading@gmail.com
RAMSIVA TRADERS PRIVATE LIMITED,CHILLIES             TURMERIC             OTHER SEEDS         ,D,R1111,"28, IST MANIN ROADUNITED INDIA COLONY, KODAMBAKKAM ,CHENNAI ,TAMIL NADU  Pin:600024",9444928286,ramsivatpl@gmail.com
DANISH EXPORT CORPORATION,CHILLIES             TURMERIC             CUMIN               ,D,D267,"48,  2ND FLOORIRFAN MANZIL ,KOLKATA ,WEST BENGAL  Pin:700 073",9830350927,danishexport@yahoo.co.in
V.P.S.A.PARAMASIVA NADAR &#38 CO.,CHILLIES             TURMERIC             CORIANDER           ,D,P090,"33M.C.CHIDAMBARA ,VIRUDHNAGAR ,TAMIL NADU  Pin:626 001",9942460624,vpsaparamasiva@gmail.com
NAVIN IMPEX,CHILLIES             GINGER               GARLIC              ,D,N551,"11-1-84/17 ,WEST GODAVARI DIST ,ANDHRA PRADESH  Pin:534102",9831162229,ksnatl1969@gmail.com
SASTHA EXPORTS,CHILLIES            ,D,S2123,"OLD NO.42  NEW NO.21IAF MAIN ROAD ,PATTABIRAM,CHENNAI ,TAMIL NADU  Pin:600072",9840459318,sasthaexportsch@gmail.com
C.M.S. BALAN &#38 CO,CHILLIES             TURMERIC            ,D,C317,"130 AEAST MASI STREET ,MADURAI ,TAMIL NADU  Pin:625 001",9843124868,cmsgopi2011@gmail.com
SRI VAIRAPERUMAL TRADERS,CHILLIES            ,D,S3068,"NO  564 KAMADHENU COLD STORAGEANKIREDDY PALEM ,GUNTUR ,ANDHRA PRADESH  Pin:522005",9440644543,srivairaperumaltraders@gmail.com
FARMICO EXPORTS,CHILLIES             TURMERIC            ,D,S872,"OFFICE NO.1006, 10TH FLOOR ,ANDHERI [E], MUMBAI ,MAHARASHTRA  Pin:400069",9890166000,sales@sureshexports.com
JUGAL KISHORE SANDEEP KUMAR,CHILLIES            ,D,J473,"237- B, ANKIREDDY PALEMBEHIND RAVAL APPARAO COLD STORAGE ,GUNTUR ,ANDHRA PRADESH  Pin:522 004",9396619400,jkishoreskumar@yahoo.co.in
BARON SPICES PVT LTD,CHILLIES            ,D,B872,"6-883 /F/1POTHULA TOWERS ANNEX ,HYDERABAD ,TELANGANA  Pin:500016",9966230800,mahesh.pothula@gmail.com
SRI SAI TRADERS,CHILLIES            ,D,S2806,"NO. 10/329 2ND FLOORTHAMBU CHETTY STREET ,CHENNAI ,TAMIL NADU  Pin:600001",9790979942,srisaitraders38@gmail.com
CAPSICUM OVERSEAS EXPORTS,CHILLIES            ,D,C478,"A-12KAVITHA FLATS,  SBI STAFF COLONY ,CHENNAI ,TAMIL NADU  Pin:600106",9940062499,capsicumoe@gmail.com
TKV MARKETING INDIA PRIVATE LIMITED,CHILLIES            ,D,T508,"515, 5TH FLR., BEZZOLA COMPLEXSION-TROMBAY ROAD, CHEMBUR ,MUMBAI ,MAHARASHTRA  Pin:400 071",9821578865,exim@tkvmarketing.com
ARD AGRO EXPORTS,CHILLIES            ,D,A1187,"8A, 8TH  FLOOR, SOLUS, JAIN HEIGHTSNO.21ST CROSS,  J C ROAD ,BENGALURU,  BENGALURU URBAN ,KARNATAKA  Pin:560002",9880309179,ace@ace-exports.com
SKT EXPORTS,CHILLIES            ,D,S2167,"25/27/33COLLECTOR OFFICE ROAD ,LALPURAM POST, GUNTUR ,ANDHRA PRADESH  Pin:522017",8179808239,sktchillies@gmail.com
VIJAYAKRISHNA SPICES PRIVATE LIMITED,CHILLIES            ,D,V919,"No.35KHB COLONY ,BELLARY ,KARNATAKA  Pin:583103",9849552225,hanuman@vkspice.com
DEVGANESH EXPORTERS,CHILLIES            ,D,D755,"D.NO.2-221SIVA REDDY PALEM ,GUNTUR ,ANDHRA PRADESH  Pin:522509",8977711143,devganeshexporters@gmail.com
TALAKSHI LALJI &#38 CO.,CHILLIES            ,D,T336,"POST BOX NO.5BAHARKOT, ,VERAVAL ,GUJARAT  Pin:362265",9821076289,tilak.agro@gmail.com
VIVID INTERNATIONAL TRADES,CHILLIES            ,D,V856,"No.4/4K.T.K. THANGAMANI NAGAR ,MADURAI ,TAMIL NADU  Pin:625019",9786200607,vividinternationaltrades@gmail.com
ATMAYA INTERNATIONAL,CHILLIES            ,D,A2850,"56-A,Lane C, Ragvilas Society  NorthMain Road, Koregaon Park ,PUNE ,MAHARASHTRA  Pin:411040",7350200555,atmayas.exim@gmail.com
MAA TARA EXIM PVT LTD,CHILLIES             GINGER               TURMERIC             CUMIN                FENNEL               FENUGREEK            TAMARIND            ,D,M1025,"19 ARMENIAN STREET 4TH FLOOR ,KOLKATA ,WEST BENGAL  Pin:700001",9433095759,mteexim_05@yahoo.in
S. R. K. TRADERS,CHILLIES            ,D,S3036,"28,TIRUPUR ROAD ,UDUMALPET ,TAMIL NADU  Pin:642126",9443030255,srk_udt@yahoo.com
UNIVERSAL TRADE LINK,CHILLIES             GINGER               TURMERIC             GARLIC               TAMARIND            ,D,U247,"SHREE KRISHNA CHAMBERS78, BENTINCK ST, BLOCK-B ,KOLKATA ,WEST BENGAL  Pin:700001",9874934321,universaltradelink@yahoo.in
SWASTIK INTERNATIONAL,CHILLIES             CUMIN               ,D,S2064,"65 A/7, SWASTIKJANKALYAN SOCIETY ,RAJKOT ,GUJARAT  Pin:360001",6351383407,hitesh@swastikinternational.biz
DEEPKAMAL EXPORTS PVT LTD,CHILLIES             GINGER               TURMERIC             CUMIN                FENNEL               FENUGREEK            NUTMEG/MACE CURRY POWDER        ,D,D402,"F/163, ARK ARCADEGANESH CHOWK, OLD D.N. NAGAR ,ANDHERI (W), MUMBAI ,MAHARASHTRA  Pin:400  053",9820626024,deepkamalexports@gmail.com
Nithran Impex,CHILLIES            ,D,N909,"18,Dent In, P.V.RAJAMANNAR SALAI ,CHENNAI ,TAMIL NADU  Pin:600078",9884799099,nithranimpex@gmail.com
EMME EXPORTERS,CHILLIES            ,D,E188,"PLOT-49INDUSTRIAL DEVELOPMENT AREA ,ERNAKULAM ,KERALA  Pin:683573",9447146402,emmeexporters@gmail.com
OMVISHKAR EXPORTS,CHILLIES             TURMERIC            ,D,O080,"NEW NO  52OLD NO  297 ,CHENNAI ,TAMIL NADU  Pin:600001",9710935937,omvishkarexports@gmail.com
BOMMIDALA BROTHERS,CHILLIES            ,D,B800,"P.B NO.72MANGALAGIRI ROAD ,GUNTUR ,ANDHRA PRADESH  Pin:522001",9849086773,accountsho@bbmbommidala.com
DS OVERSEAS TRADERS PRIVATE LIMITED,CHILLIES            ,D,D767,"229, A. J. C. BOSE ROADCRESCENT TOWER, 6TH FLOOR ,KOLKATA ,WEST BENGAL  Pin:700020",9830060689,skmall@dsoverseas.org
GAGAN IMPEX PRIVATE LIMITED,CHILLIES             TURMERIC            ,D,G540,"11-7-6,1ST FLOORVERRA RAMANNA STREET,KOTHAPET ,VIJAYAWADA ,ANDHRA PRADESH  Pin:520 001",9866188448,info@gaganimpex.net
RABI TRADING COMPANY,CHILLIES            ,D,R1278,"6THANDAVARYA SERVAI STREET,  RTC BUILDING ,ARIYALUR ,TAMIL NADU  Pin:621704",9443306472,rtcariyalur@gmail.com
CLASSIC EXPORTS,CHILLIES            ,D,C601,"D.NO.15_04_34 1ST FLOORCLASSIC EXPORTS ,GUNTUR ,ANDHRA PRADESH  Pin:522001",9700663197,classicexportsgnt@gmail.com
PREMA TRADERS,CHILLIES            ,D,P327,"126PERIAKADAI STREET ,TUTICORIN ,TAMIL NADU  Pin:628 001",9443126728,prematraderstuty@gmail.com
SUNRISE SPICES EXPORTERS,CHILLIES             TURMERIC            ,D,S3282,"2CHANDRA PALACE ,NADIAD  KHEDA ,GUJARAT  Pin:387001",9825014778,sunrisespicesexporters@gmail.com
EARTH EXPO COMPANY,CHILLIES             CUMIN                CURRY POWDER        ,D,E361,"INDUSTRIAL PLOT NUMBER 305 ,BHAVNAGAR ,GUJARAT  Pin:364060",9898419831,info@earthexpocompany.com
SHARANAM REALINFRA PVT.LTD.,CHILLIES            ,D,S2989,"21CAMAC STREET ,KOLKATA ,WEST BENGAL  Pin:700016",9831166006,export@sharanamgroup.com
AGRICULTURAL EXPORT COMPANY,CHILLIES            ,D,A1119,"33 M.C. CHIDAMBARA NADAR STREET ,VIRUDHUNAGAR ,TAMIL NADU  Pin:626001",9942460624,agriculturalexportco@gmail.com
CAPITAL  EXPORTS,CHILLIES             TURMERIC            ,D,C392,"NO.II,  SHREE OMKAR KRUPAPLOT-IIB-SECTOR-23, DHARVE ,NAVI MUMBAI ,MAHARASHTRA  Pin:400 706",9930037223,sci@asia.com
OROR FLAVOURS &#38 CHEMICALS (P) LTD.,CHILLIES            ,D,O124,"SUBBIAH NAIDU INDUSTRIAL COMPLEXY PUDUPATTY ARUMBANUR POST ,MADURAI NORTH ,TAMIL NADU  Pin:625104",98421 81624,admin@ororflavours.in
KRISHNA SPICES PVT LTD,CHILLIES            ,D,K422,"25-16-138NEAR NEW CHILLY YARD ,CHENNAI ROAD, GUNTUR ,ANDHRA PRADESH  Pin:522 004",9397600395,kk_spices@yahoo.com
ALANKAARS IMPORTS AND EXPORTS,CHILLIES            ,D,A2631,"C-7010 TH C CROSS ,TRICHY ,TAMIL NADU  Pin:620018",9841511020,alankaarimpex@gmail.com
AMEEN EXPORTS &#38 IMPORTS,CHILLIES            ,D,A1254,"HOUSE NO.661/AWARD NO.11 ,PALLIKKARA ,KERALA  Pin:683565",9447181300,contact@ameenexports.com
KEDIA BROTHERS,CHILLIES             TURMERIC             CUMIN                FENNEL               FENUGREEK           ,D,K406,"21 ,KOLKATA ,WEST BENGAL  Pin:700 007",9830328022,exports@kediabrothers.com
PROGRESSIVE INTERNATIONAL,CHILLIES            ,D,P978,"28/R/2NETAJI COLONY ,KOLKATA ,WEST BENGAL  Pin:700090",9748993252,dilip.saha974@gmail.com
SURENDRARAY &#38 CO.,CHILLIES             GINGER               TURMERIC             CUMIN                FENUGREEK            TAMARIND             CURRY POWDER        ,D,S216,"A/209GOKUL ARCADE ,VILE PARLE(E), MUMBAI ,MAHARASHTRA  Pin:400057",09820050554,kamdardinesh@gmail.com
M.K.TRADERS,CHILLIES            ,D,M871,"28/14/115GORILADODDI   RAGHURAM NAGAR ,GUNTUR ,ANDHRA PRADESH  Pin:522 004",9490742522,mktraders161@gmail.com
SARAVAN SPICES,CHILLIES            ,D,S2646,"NO. 26/39/9/1/C37TH LANE ,GUNTUR ,ANDHRA PRADESH  Pin:522004",8978923456,saravan.spices@gmail.com
KAVERI OIL SEEDS PROCESSING COMPANY,CHILLIES            ,D,K932,"34PANKAJAM HOUSE ROAD ,THENI ,TAMIL NADU  Pin:626531",9942460624,kaveroil@gmail.com
SAFAL FOOD PRODUCTS PVT.LTD.,CHILLIES             CURRY POWDER        ,D,S2954,"257, MIDDLE RING ROAD,EAST WARDHAMAN NAGAR, ,NAGPUR ,MAHARASHTRA  Pin:440008",7774002575,purchase@suruchispices.net
THAKKER MERCANTILE PVT.LTD,CHILLIES             TURMERIC             CUMIN                GARLIC               NUTMEG/MACE,D,T528,"H.20, APMC MARKET-1PHASE-II ,VASHI ,MAHARASHTRA  Pin:400 703",9821240229,info@thakkermercantile.in
AK-ILA EXIM CORPORATIONS,CHILLIES            ,D,A2499,"74NEITHAL NAGAR ,NAGAPPATTINAM ,TAMIL NADU  Pin:611001",9842433130,kumaraquatech@gmail.com
SABITRI TRADERS,CHILLIES            ,D,S1685,"20HARA CHANDRA MULLICK STREET ,KOLKATA ,WEST BENGAL  Pin:700005",9830057548,tmohankt@gmail.com
WINCOM TRADING (INDIA) PVT.LTD,CHILLIES             GINGER               TURMERIC             CUMIN                FENNEL               FENUGREEK            OTHER SEEDS         ,D,WO64,"8/26,FLAT NO.6FIRST FLOOR , ,DELHI  Pin:110 008",9810036216,wincomtrading@gmail.com
HS GLOBAL,CHILLIES            ,D,H572,"FLAT NO.08A10, LORD SINHA ROAD ,KOLKATA ,WEST BENGAL  Pin:700 071",9836096800,hsglobal.exp@gmail.com
Frontal Agritech private Limited,CHILLIES            ,D,F170,"52JAIL ROAD, AMBIKAGIRI NAGAR ,JORHAT ,ASSAM  Pin:785001",9435096348,frontalagri@yahoo.com
VARSHINI GENERAL TRADING CO,CHILLIES            ,D,V913,"162/C1   OPP KAMAKSHI  COLD STORAGEKAMAKSHI NAGAR ,GUNTUR ,ANDHRA PRADESH  Pin:522003",9391393898,vgtbujji@gmail.com
AMRUTVA EXPORTS PVT. LTD,CHILLIES             GINGER               TURMERIC             CUMIN                FENNEL               FENUGREEK            GARLIC               TAMARIND            ,D,A988,"OFFICE NO.23,GODAVARI CHAMBERS ,KANDIVALI WEST, MUMBAI ,MAHARASHTRA  Pin:400067",9867643093,info@amrutva.in
MULJI DEVSHI EXPORT PVT. LTD,CHILLIES            ,D,M1709,"542 ,VALSAD ,GUJARAT  Pin:396050",9892362550,nilesh@muljidevshi.com
AHMED INTERNATIONAL,CHILLIES            ,D,A1480,"FLAT NO.313, SHREE OMKAR KRUPAPLOT NO.11-B, SECTOR-23 ,DHARVE, NAVI MUMBAI ,MAHARASHTRA  Pin:400 706",9820469318,aispices@vsnl.net
KUSUM SPICES,CHILLIES             TURMERIC             CORIANDER            CUMIN                FENNEL               FENUGREEK            OTHER SEEDS          CURRY POWDER        ,D,K116,"T-II,KUSUM HOUSECAMA ESTATE ,MUMBAI ,MAHARASHTRA  Pin:400063",9820075802,info@kusumspices.com
BRIGHT FAME INTERNATIONAL,CHILLIES             CUMIN                FENNEL               OTHER SEEDS         ,D,B836,"142TIRUPATI MARKET ,VISNAGAR, MEHSANA ,GUJARAT  Pin:384315",9825121706,brightfame@live.in
SHARMILI  SPICES  PRIVATE  LIMITED,CHILLIES             GINGER               TURMERIC             CORIANDER            CUMIN                FENNEL               FENUGREEK            OTHER SEEDS          CURRY POWDER        ,D,S1331,"638 AVIORNIRMAL GALAXY ,MUMBAI ,MAHARASHTRA  Pin:400080",9869626364,info@indspices.com
DEEPAK TRADING COMPANY,CHILLIES            ,D,D540,"110, YOGESHWAR BUILDING135 ,KAZI SYED STREET ,MUMBAI ,MAHARASHTRA  Pin:400 003",9821049976,chawlaworld@hotmail.com
GANESH INDUSTRIES,CHILLIES             GINGER               TURMERIC             CORIANDER            CUMIN                FENNEL               FENUGREEK            OTHER SEEDS          NUTMEG/MACE,D,G446,"329, NAHAR GARH ROADCHANDPOLE BAZAR ,JAIPUR ,RAJASTHAN  Pin:302 001",9829066031,ganeshexim@gmail.com
S.B.IMPEX,CHILLIES            ,D,S1964,"FLAT NO.501TIRUMALA PALACE APRTS  5TH LANE ,GUNTUR ,ANDHRA PRADESH  Pin:522006",8179318635,sbimpex1@gmail.com
PAPRIKA OLEOS (INDIA) LIMITED,CHILLIES             TURMERIC             SPICE OILS & OLEORES,D,P313,"36M C CHIDAMBARA NADAR STREET , ,TAMIL NADU  Pin:626 001",9865941789,paprikaoleos@gmail.com
SUNIL ENTERPRISES,CHILLIES            ,D,S1323,"D  NO  25-16-179/6SUNIL ENTERPRISES ,GUNTUR ,ANDHRA PRADESH  Pin:522004",9848134417,sunilperiwal@rocketmail.com
CHILLITO FOODS,CHILLIES             CORIANDER            CURRY POWDER        ,D,C636,"104, RAJ MAHALBAJAJ ROAD ,MUMBAI ,MAHARASHTRA  Pin:400067",9820697617,info@chillitofoods.com
SPICES & MORE,CHILLIES             TURMERIC             CUMIN                CELERY               FENNEL               FENUGREEK            OTHER SEEDS         ,D,S1832,"96DHARAMJYOT ,MUMBAI ,MAHARASHTRA  Pin:400 003",9820128050,bhavan@bom3.vsnl.net.in
GANAPATI CHILLIES TRADERS,CHILLIES            ,D,G825,"D  NO  24-9-114R  AGRAHARAM , ,ANDHRA PRADESH  Pin:522003",9393164731,gctguntur@gmail.com
RAJ EXIM,CHILLIES            ,D,R1093,"NO.3, BALAJI STREETM.G.M. NAGAR ,MADURAI ,TAMIL NADU  Pin:625 012",9842109054,rajan@rajexim.com
INDIAN CHILLIES PRODUCTS COMPANY LIMITED,CHILLIES             TURMERIC             SPICE OILS & OLEORES,D,I218,"33M.C.CHIDAMBARA ,VIRUDHUNAGAR ,TAMIL NADU  Pin:626 001",9942460624,indianchilliesproducts@gmail.com
DHAVAL AGRI EXPORTS LLP,CHILLIES             CUMIN                FENNEL              ,D,D629,"A-75NEW MARKET YARD VILLAGE BEDI ,RAJKOT ,GUJARAT  Pin:360003",9824250505,info@dhavalagri.com
S K. MUNDHRA,CHILLIES            ,D,M290,"48,NETAJI SUBHAS ROAD, ,KOLKATA ,WEST BENGAL  Pin:700 001",8444064800,skmundhra2008@gmail.com
UNICORN NATURAL PRODUCTS  LTD.,CHILLIES             GINGER               TURMERIC             CORIANDER            CUMIN                CELERY               FENNEL               FENUGREEK            OTHER SEEDS          NUTMEG/MACE SPICE OILS & OLEORES,D,U176,"UNICORN HOUSE, PLOT NO3,BALAJI ENCLAVE NEAR GUN ROCK ,SECUNDERABAD ,TELANGANA  Pin:500009",9177270234,spices@unicornnature.com
HINDUSTAN GLOBAL,CHILLIES             GINGER               TURMERIC             CORIANDER            CUMIN                CELERY               FENNEL               FENUGREEK            OTHER SEEDS          NUTMEG/MACE CURRY POWDER        ,D,H340,"OFFICE NO.103, PLOT NO.1ASECTOR 19-C, VASHI ,NAVI MUMBAI ,MAHARASHTRA  Pin:400 705",09820071885,hindglobal@vsnl.net
SAMBROS TEX GLOBAL LTD,CHILLIES            ,D,S1264,"126SASTRI ROAD ,COIMBATORE ,TAMIL NADU  Pin:641009",9952223377,sambrostex@gmail.com
VIJAYKUMAR & CO.,CHILLIES            ,D,V075,"D-56, MUDI BAZAAR,APMC MASALA MKT-1, ,NAVI MUMBAI. ,MAHARASHTRA  Pin:400 703",09321020700,seabridge1953@gmail.com
SAI SIDDHI IMPEX,CHILLIES             GINGER               TURMERIC             CORIANDER            CUMIN                FENNEL               FENUGREEK            OTHER SEEDS          CURRY POWDER        ,D,SG16,"38 Kesar Buiding, 3rd Floor,211 Shamaldas Gandhi Marg, ,Mumbai ,MAHARASHTRA  Pin:400002",9833256609,saisiddhiexport@gmail.com
JOY INTERNATIONAL,CHILLIES            ,D,J098,"193RD FLOOR, ROOM NO.5 ,KOLKATA ,WEST BENGAL  Pin:700001",09830071446,joyintl@rediffmail.com
GROVER SONS,CHILLIES             TURMERIC             CORIANDER            CUMIN                CELERY               FENNEL               FENUGREEK            OTHER SEEDS         ,D,G064,"96DHARAMJYOT BLDG ,MUMBAI ,MAHARASHTRA  Pin:400 003",9820128050,bhavan@bom3.vsnl.net.in
MULJI DEVSHI &#38 COMPANY,CHILLIES             GINGER               TURMERIC             FENNEL               NUTMEG/MACE,D,M727,"542, RED CROSS ROAD ,VALSAD ,GUJARAT  Pin:396050",9892362550,info@muljidevshi.com
ASHOK MAJUMDAR,CHILLIES            ,D,A1589,"P.O. & P.S. - BHAKTINAGAR SREE NAGAR CO ,DIST. - JALPAIGURI ,WEST BENGAL  Pin:734007",8609887338,majumder1985ashok@gmail.com
ORCHID INTERNATIONAL,CHILLIES             TURMERIC            ,D,O134,"4/26 ,KOLKATA ,WEST BENGAL  Pin:700040",9831498656,ghosh.orchidinternational@gmail.com
RAJ EXPORTERS,CHILLIES             TURMERIC            ,D,R545,"3/314C   N  RENGANAYAGI ILLAMRAMAIYANKADU ROAD ,SALEM ,TAMIL NADU  Pin:636201",09344469168,rajexporters94@gmail.com
ARAVIND MILK FOODS PVT LTD,CHILLIES            ,D,A2480,"SF NO 542/5ARVIND GARDENS ,KARUR ,TAMIL NADU  Pin:639002",8807700099,customercare@aravindmilkfoods.com
GOODWILL INTERNATIONAL,CHILLIES             TURMERIC             CORIANDER            CUMIN                FENNEL               FENUGREEK            OTHER SEEDS          CURRY POWDER        ,D,G829,"B-505, PLOT NO.14MERCHANT CENTRE,  SECTOR-19 ,GRAIN MARKET,VASHI,  NAVI MUMBAI ,MAHARASHTRA  Pin:400705",9320056222,ajitdugad14@yahoo.com
NOVA IMPEX,CHILLIES             TURMERIC             CORIANDER            CUMIN                CURRY POWDER        ,D,N328,"19BODKE BUILDING ,MUMBAI ,MAHARASHTRA  Pin:400080",9930949911,novaimpex@vsnl.com
SPICE TILLERS AND COMPANY,CHILLIES            ,D,S2477,"291VISWANATHAM ROAD  FIRST FLOOR ,SIVAKASI ,TAMIL NADU  Pin:626123",9942460624,spicetillersandco@gamil.com
VNS IMPORTS AND EXPORTS,CHILLIES            ,D,V858,"84/1   IIIRD FLOORSR ENCLAVE ,CHENNAI ,TAMIL NADU  Pin:600001",9444029224,lakshmi@mfslogistics.in
MBM TRADE LINK PVT LTD,CHILLIES             FENNEL              ,D,M1191,"M-1 100/104GORADIA HOUSE ,MUMBAI ,MAHARASHTRA  Pin:400003",9819015715,info@mbmtradelink.com
NOVAS IMPEX,CHILLIES             TURMERIC             CORIANDER            CUMIN                CURRY POWDER        ,D,N522,"57/59,GARUD CHAMBERS, GROUND FLR ,MASJID BUNBER ,MAHARASHTRA  Pin:400003",9930949918,novasimpex@gmail.com
ABS INTERNATIONAL,CHILLIES            ,D,A1425,"24RAMAN KOVIL STREET ,TIRUNELVELI ,TAMIL NADU  Pin:627 002",9843326422,padmadharsan@gmail.com
VEG INDIA EXPORTS,CHILLIES            ,D,V238,"NO.53/2PRAVISH PLAZA, KARUR BYE PASS ROAD ,ERODE ,TAMIL NADU  Pin:638 002",9500989946,vegnet@tasteefoods.com
AHIRKAR INTERNATIONAL,CHILLIES             TURMERIC             CUMIN               ,D,A2423,"AHIRKAR COMPLEXPANCHPAOLI ROAD, DAGA HOSPITAL SQUARE, ,NAGPUR ,MAHARASHTRA  Pin:440002",8806063436,snehaahirkar@gmail.com
BISHAL ENTERPRISE,CHILLIES             GARLIC              ,D,B580,"ROY VILLAEAST KHIDIRPUR, P.O.KHIDIRPUR ,DAKSHIN DINAJPUR ,WEST BENGAL  Pin:733 103",9434058207,bishal114@yahoo.com
RAJAHRANI IMPEX PRIVATE LIMITED,CHILLIES             TURMERIC            ,D,R1263,"NO. F1/ASIDCO INDUSTRIAL ESTATE ,MADURAI ,TAMIL NADU  Pin:625007",9842139080,raja@rajaraniimpex.com
POPAT RAJA &#38 SONS,CHILLIES             TURMERIC             CORIANDER            CUMIN                TAMARIND             CURRY POWDER        ,D,P582,"UNIT NO.111, 1ST FLOORA-2, SHAH & NAHAR INDL ESTATE ,LOWER PAREL (W), MUMBAI ,MAHARASHTRA  Pin:400 013",9820020672,accounts@gutkafoodexports.com
DANI FOODS INDIA,CHILLIES             TURMERIC             FENUGREEK            GARLIC              ,D,D603,"D/501, VRAJ VIHAR-8NEAR AUDA LAKE ,SATELLITE, AHMEDABAD ,GUJARAT  Pin:380015",9677847353,abhishek@danifoodsindia.com
VAIGHAI AGRO PRODUCTS LIMITED,CHILLIES            ,D,V881,"39 BVAIGHAI HOUSE ,MADURAI ,TAMIL NADU  Pin:625020",9443312065,pounraj@vaighaiagro.com
BRAHMINS FOODS INDIA PVT.LTD,CHILLIES             TURMERIC             CORIANDER           ,D,B696,"IX/584MINI INDUSTRIAL ESTATE ROAD ,THODUPUZHA, IDUKKI DIST ,KERALA  Pin:685608",9446868800,export@brahminsgroup.com
SUPRIYA CORN PRODUCTS PVT LTD,CHILLIES             GINGER               TURMERIC             CUMIN                FENNEL              ,D,S2623,"3/3/83, FLAT NO. 401SILVER OAK APARTMENT ,HYDERABAD ,TELANGANA  Pin:500027",9948012912,info@chowdharyspices.com
LAXMICHAND DAYABHAI (EXPORT) CO,CHILLIES             GINGER               TURMERIC             CUMIN                CELERY               FENNEL               FENUGREEK            OTHER SEEDS          GARLIC               NUTMEG/MACE,D,L020,"512 / 16REWA CHAMBERS,5TH FLOOR ,MUMBAI ,MAHARASHTRA  Pin:400 020",9820084434,ldexportco@gmail.com
CREDENCE AGRI COMMODITIES SOLUTIONS PVT LTD,CHILLIES             CUMIN                FENUGREEK            GARLIC              ,D,C536,"MUN. NO. 11/1/24NR RAILWAY CROSSING, BESIDE UMIYA HOTEL ,UNJHA ,GUJARAT  Pin:384170",9825406282,info@credenceagri.com
VICTORIAFALLS INGREDIENTS PRIVATE LIMITED,CHILLIES             FENUGREEK           ,D,V940,"FLAT NO. A/603 HIMALIYA SKY'S ,BHAVNAGAR ,GUJARAT  Pin:364002",9979194848,amit@victoriafood.in
SHIVARAJA IMPEX COMPANY,CHILLIES             CURRY POWDER        ,D,S1072,"182/1AKATTAYAPURAM ,VIRUDHUNAGAR ,TAMIL NADU  Pin:626001",9443153735,shimco.india@gmail.com
ARYAN INTERNATIONAL,CHILLIES             GINGER               TURMERIC             CORIANDER            CUMIN                FENUGREEK            OTHER SEEDS         ,D,A907,"D-184FREEDOM FIGHTERS ENCLAVE ,NEW DELHI ,DELHI  Pin:110068",9818362646,info@aryanint.com
SABI FOODS (INDIA) PVT.LTD,CHILLIES             CURRY POWDER        ,D,S1635,"SURVEY NO.95/2,PADUNELLI VILLAGESOHANDI ROAD, ,KANCHEEPURAM TALUK & DISTRICT ,TAMIL NADU  Pin:631502",9003073829,ceo.sabiindia@gmail.com
ABHI TRADERS,CHILLIES             GINGER               TURMERIC             GARLIC              ,D,A2758,"120N.S. AVENUE, MAYFAIR PLAZA ,SERAMPORE ,WEST BENGAL  Pin:712201",9874019509,milanvora65@gmail.com
SPICES EXPORT COMPANY,CHILLIES             CELERY              ,D,S141,"33   M.C. CHIDAMBARA NADAR STREET ,Virudhunagar ,TAMIL NADU  Pin:626001",9942460624,spicesexportco@gamil.com
SUNKO SPICES,CHILLIES             TURMERIC             CORIANDER           ,D,S3139,"V/621 ADP VELAKKODE ,THRISSUR ,KERALA  Pin:680541",9447971300,sunkospices@gmail.com
HEMU EXPORTS,CHILLIES             TAMARIND            ,D,H027,"34/38,  MASTER BUILDINGCHANA STREET, BORA BAZAR ,MUMBAI ,MAHARASHTRA  Pin:400 001",9820054067,hemuexp007@gmail.com
WILSON ENTERPRISES,CHILLIES            ,D,W101,"85/129LLOYDS ROAD ,CHENNAI ,TAMIL NADU  Pin:600 014",9382111130,wiltrade.chennai1@gmail.com
VIKRAM GLOBAL COMMODITIES PVT LTD,CHILLIES            ,D,V992,"NO.230NAGARJUNA HIG-A,5TH PHASE, III FLOOR ,BANGALORE ,KARNATAKA  Pin:560064",9444971144,svraghunathan@yahoo.com
SHREE RIDDHIMA MERCHANTILE PVT LTD,CHILLIES             CUMIN               ,D,S2498,"A/22CRYSTAL II ,MUMBAI ,MAHARASHTRA  Pin:400071",9820646157,mhjnkiran@gmail.com
WYNAD EXPORTS,CHILLIES            ,D,W073,"340-APULIMOOTTIL BUILDING ,PATHANAMTHITTA ,KERALA  Pin:689 641",9544303890,wynadexpo@gmail.com
N R S TRADERS,CHILLIES            ,D,N904,"S.NO.57/3A2NRS ,THIRUVALLUR ,TAMIL NADU  Pin:602024",9710200470,nrstradersindia@gmail.com
AACHI MASALA FOODS PVT.LTD,CHILLIES             TURMERIC             OTHER SEEDS          CURRY POWDER        ,D,A1205,"No 1926, 34th StreetI Block, Ishwarya Colony ,CHENNAI ,TAMIL NADU  Pin:600 040",9500125011,exports@aachigroup.com
MURTUZA FOODS PVT. LTD.,CHILLIES             GINGER               TURMERIC             CUMIN                FENUGREEK            OTHER SEEDS          GARLIC              ,D,M644,"NEAR GIDC ESTATE PB NO 17UMANIYAWADAR MAHUA ,MAHUVA ,GUJARAT  Pin:364290",9925766966,mail@murtuzafoods.com
PANKY EXPORT CORPORATION,CHILLIES             TURMERIC             CORIANDER            CUMIN                FENNEL               TAMARIND            ,D,P018,"176/178SHARIFF BUILDING 1ST FLOOR ,MUMBAI ,MAHARASHTRA  Pin:400 009",9820245458,pankyexp@gmail.com
SHARP  EXIMS,CHILLIES            ,D,S2332,"4/7,VIJAYALAKSHMIPURAM ,AMBATTUR,CHENNAI ,TAMIL NADU  Pin:600053",9789999459,sunilapl@rediffmail.com
HEYLANDS EXPORTS (P) LTD,CHILLIES             GINGER               GARLIC               CURRY POWDER        ,D,H084,"NO.8,PERIYA COLONYEXTENSION ROAD,ATHIPET ,CHENNAI ,TAMIL NADU  Pin:600 058",9840990510,heylandsexports@gmail.com
V.P &#38 SONS.,CHILLIES             GINGER               TURMERIC             CORIANDER            CUMIN                FENNEL               FENUGREEK            CURRY POWDER        ,D,V344,"16/18, B.P.S. PLAZAGROUND FLOOR, DEVIDAYAL ROAD ,MULUND (W), MUMBAI ,MAHARASHTRA  Pin:400080",02225628001,info@vpsons.com
JAY BHARAT SPICES PVT. LTD,CHILLIES             CURRY POWDER        ,D,J976,"1020/ANEW INDUSTRIAL ESTATE ,CUTTACK ,ORISSA  Pin:754200",9437078592,jbspl@bharatmasala.in
VKL SEASONING PRIVATE LIMITED,CHILLIES             TURMERIC             CUMIN                NUTMEG/MACE CURRY POWDER        ,D,V836,"A 401, TTC INDL AREAMIDC, THANE BELAPUR ROAD ,NAVI MUMBAI ,MAHARASHTRA  Pin:400710",9744340111,shipping@vklspices.com
APAR GLOBAL VENTURES,CHILLIES             TURMERIC             CORIANDER           ,D,A2922,"1001, 10TH FLOORHORIZON ,Mumbai ,MAHARASHTRA  Pin:400049",9820024816,info@apargroup.com
K.K. ENTERPRISE,CHILLIES             TURMERIC             CUMIN                CURRY POWDER        ,D,K809,"28/B, CHANGODAR INDUSTRIAL ESTATECHANGODAR ,AHMEDABAD ,GUJARAT  Pin:382 213",9909946232,kkenterprise28@gmail.com
PRAVIN MASALEWALE,CHILLIES             TURMERIC             CORIANDER            CUMIN                FENUGREEK            CURRY POWDER        ,D,P099,"44PRAVIN MASALEWALE ,PUNE ,MAHARASHTRA  Pin:411 013",9011013620,abhijeet.sapar@suhana.co.in
SHAH INTERNATIONAL EXPORTS INC,CHILLIES             TURMERIC            ,D,S3227,"S No 140 BLOCK NO 257 DHOBI KUVA VILLAGEPADRA JAMBUSA ROAD ,VADODARA ,GUJARAT  Pin:391440",9925041034,shahinternationalexports@gmail.com
INDIAN KISMIS COMPANY,CHILLIES             GINGER               TURMERIC             FENUGREEK            TAMARIND            ,D,I368,"F27, APMC MARKETMASALA MARKET ,NAVI MUMBAI ,MAHARASHTRA  Pin:400705",02227664142,inkismis@yahoo.co.in
ACE FOODS PRIVATE LTD,CHILLIES            ,D,A839,"C30,INDUSTRIAL ESTATE ,MANGALORE ,KARNATAKA  Pin:575008",9945046303,info@acefoodspl.com
AJMAL AGENCY,CHILLIES            ,D,10005,"NEW DOOR NO 114ROSHAN  MANZIL   FIFTH MAIN ROAD ,CHENNAI ,TAMIL NADU  Pin:600035",9884707049,ajmalagency123@gmail.com
AKBAR TRADING COMPANY,CHILLIES            ,D,A2527,"No.6RTC BUILDING ,ARIYALUR ,TAMIL NADU  Pin:621704",9443165072,rtcariyalur@yahoo.com
KOMAL EXOTIC SPICES PVT LTD,CHILLIES            ,D,K1000,"121,SOONA VILLAPERRY CROSS ROAD ,MUMBAI ,MAHARASHTRA  Pin:400050",9820021235,komalexoticspices@gmail.com
PARTH EXPORTS,CHILLIES            ,D,P373,"KRISHNA BHAVAN517 SVP ROAD ,MUMBAI ,MAHARASHTRA  Pin:400004",9820145140,pex1@vsnl.com
NILAMEL EXPORTS,CHILLIES             GINGER               TURMERIC             CORIANDER            GARLIC               CURRY POWDER        ,D,N268,"TC10/94,KILLIYAR GARDENS ,TRIVANDRUM ,KERALA  Pin:695005",9847060305,exportsnilamel@gmail.com
A.G. EXPORTS,CHILLIES             TURMERIC             CORIANDER            CURRY POWDER        ,D,A585,"128,CROWN COURTCATHEDRAL ROAD ,CHENNAI ,TAMIL NADU  Pin:600086",09841016217,agnasirahmed@gmail.com
KBN GENERAL TRADING COMPANY,CHILLIES            ,D,K1072,"1804, THE AMBIENCE COURT18TH FLOOR, PLOT NO.2 ,THANE ,MAHARASHTRA  Pin:400705",8291771771,docs.kbn@gmail.com
IMEX ENTERPRISES,CHILLIES            ,D,I219,"15NOORMAL LOHIA LANE ,KOLKATA ,WEST BENGAL  Pin:700 007",9830067955,imex1976@gmail.com
MOHAMED UMER ABDULLABHAI &#38 SONS,CHILLIES             TURMERIC            ,D,M793,"172-A, SAMUEL STREET ,MUMBAI ,MAHARASHTRA  Pin:400 009",9820126460,eajaz@masons.co.in
BHARAT EXIM &#38 TRADING COMPANY PRIVATE LIMITED,CHILLIES            ,D,B923,"DC. 100 ,KOLKATA ,WEST BENGAL  Pin:700059",9434206618,bharateximin@gmail.com
R.R. ENTERPRISES,CHILLIES             CUMIN               ,D,R1212,"NO. 117SOLAI KRISHNAN STREET   JANAKI NAGAR ,CHENNAI ,TAMIL NADU  Pin:600087",9790952666,vsr.rajinder@gmail.com
PANACEA WORLDWIDE TRADERSS,CHILLIES            ,D,P834,"26C1ST FLOOR ,KUMBAKONAM ,TAMIL NADU  Pin:612001",9094056000,info@panaceafoods.com
HARIHAR FOODS PVT. LTD.,CHILLIES             TURMERIC             CUMIN               ,D,H247,"A/16.MOHAN ESTATENR.ANUPAM THEATRE ,AHMEDABAD ,GUJARAT  Pin:380008",9824081918,shreeganeshmasala@yahoo.com
DELVE CORPORATION,CHILLIES            ,D,D544,"SHOP NO.9, VASANT NAGRISHUBHLAXMI SHOPPING CENTRE ,VASAVI ROAD (E),THANE ,MAHARASHTRA  Pin:401 208",9823445999,delvecorp@gmail.com
R  K   TRADING COMPANY,CHILLIES            ,D,R1275,"16- 10- 1/S/161/C 1ST FLOORSRI KRUPA MARKET MAHABOOB MANSION ,HYDERABAD ,ANDHRA PRADESH  Pin:500036",9397193101,ratnani.sul@gmail.com
ASIAN CONSUMABLES INDIA PRIVATE LIMITED,CHILLIES            ,D,A1616,"NO.3, BALAJI STREETMGM NAGAR, ,MADURAI ,TAMIL NADU  Pin:625012",9842109054,rajan@asianconsumables.com
SHINGOTEX,CHILLIES             FENNEL               TAMARIND            ,D,SA41,"SANAS BUILDING, 3RD FLOORDR.AMBEDKAR ROAD ,MUMBAI ,MAHARASHTRA  Pin:400033",9821032690,email@shingotex.com
JDR Exports,CHILLIES            ,D,J905,"63/10 ,chennai ,TAMIL NADU  Pin:600020",9841054717,jdrexports41@gmail.com
KANNOLY CORPORATION,CHILLIES             CORIANDER           ,D,K904,"10- 1536, NEAR HARITHA NAGAR COLONYTHONDAYAD ,CALICUT ,KERALA  Pin:673017",9847167131,roopeshkannoly@yahoo.co.in
SANJAY VIVEK TRADING CO.,CHILLIES             TURMERIC             CUMIN                FENUGREEK           ,D,S095,"333/337,27 28 MAHAVIR CHAMBER, 4TH FLOOR ,MUMBAI ,MAHARASHTRA  Pin:400003",9820052490,spicerus@bom.vsnl.net.in
SGM CORPORATION,CHILLIES             GINGER               TURMERIC             CUMIN                FENUGREEK            OTHER SEEDS         ,D,S2641,"F2, OFFICE NO. 5SECTOR 4EB , NEAR NEHA HOTEL ,KALAMBOLI, NAVI MUMBAI ,MAHARASHTRA  Pin:410218",9323742752,sgmexim@gmail.com
FENNEL AGRO EXPORTS,CHILLIES             TURMERIC             CURRY POWDER        ,D,F198,"No.36, NEW STREET, ALINJIVAKKAMVADAKARAI POST ,THIRUVALLORE DIST.,  CHENNAI ,TAMIL NADU  Pin:600 052",6381675093,fennelagroexports@gmail.com
SHELLSMYER INTERNATIONAL,CHILLIES             TURMERIC             CORIANDER            CURRY POWDER        ,D,S1972,"NO  4   B-BLOCK 1ST FLOORST PAUL'S COMPLEX ,TRICHY ,TAMIL NADU  Pin:620001",9791408539,info@shellsmyer.co
AKS EXIM INDIA,CHILLIES             TURMERIC            ,D,A1564,"75,  GV COMPLEXCHINNERY VAYALKADU MAIN ROAD ,SALEM ,TAMIL NADU  Pin:636 009",9843036485,aksexim2010@gmail.com
ELITE GREEN PRIVATE LIMITED,CHILLIES             TURMERIC             FENUGREEK            NUTMEG/MACE,D,E407,"A-806, 8th FLOOR,  PRIVILIONB/H ISCON TEMPLE AMBLI BOPAL RD ,AHMEDABAD ,GUJARAT  Pin:380054",9846990117,prabhat@elitegreen.in
KINAL GLOBAL CARE PVT LTD,CHILLIES             GINGER               TAMARIND            ,D,K1624,"FLAT NO 705, PLOT NO 4,BLDG NO 4AMARANTE CHS, SECTOR 9E ,NAVI MUMBAI ,MAHARASHTRA  Pin:410218",9930319222,kinalglobalcare@gmail.com
DURGA CORPORATION,CHILLIES             TURMERIC             CUMIN                FENUGREEK           ,D,D670,"25/26SMALL PLOTS ,MARKET YARD, PATAN ,GUJARAT  Pin:384265",9924290927,d_malani86@yahoo.com
COINS FOODS AND SPICES PVT LTD,CHILLIES             TURMERIC             CORIANDER            CUMIN                OTHER SEEDS          CURRY POWDER        ,D,C235,"28/3060 BCHERUPARAMBATH ,KADAVANTHARA, COCHIN ,KERALA  Pin:682020",9447598912,mail@coinsfoods.com
ALTITUDE EXPORTS,CHILLIES             TURMERIC             CUMIN                FENUGREEK            OTHER SEEDS          GARLIC               CURRY POWDER        ,D,A1629,"T3/204,  NATRAJ ENCLAVE,RBG COMPLEX, NR.JALRAM TEMPLE ,VADODARA ,GUJARAT  Pin:390018",9925006979,altitudeexports@gmail.com
JEERAWALA TRADERS,CHILLIES             TURMERIC             CUMIN                FENNEL               FENUGREEK            OTHER SEEDS         ,D,J598,"98NEW GUNJ BAZAR ,UNJHA ,GUJARAT  Pin:384 170",9825393124,hemu.bhuta@gmail.com
KEVENTER AGRO LIMITED,CHILLIES             TURMERIC             CORIANDER            CUMIN                FENUGREEK            OTHER SEEDS         ,D,K853,"34/1 ,KOLKATA ,WEST BENGAL  Pin:700027",9836269700,opmundra@keventer.com
SR INTERNATIONAL,CHILLIES             TURMERIC             CORIANDER            CURRY POWDER        ,D,S3134,"NO. 45 UTHIRA NORTH STREETNEAR RAJ VIDYALAYA SCHOOL  KUTTALAM ,KUTTALAM ,TAMIL NADU  Pin:609801",9042858493,kssraaja2000@yahoo.co.in
SETHI INTERNATIONAL,CHILLIES             GINGER               TURMERIC             CORIANDER            CUMIN                FENUGREEK            CURRY POWDER        ,D,S2084,"H.NO.178STREET NO 10 ,HOSHIARPUR ,PUNJAB  Pin:146001",7837907860,sethiinternational786@gmail.com
CLASSIC INTERNATIONAL,CHILLIES             CUMIN                FENNEL               OTHER SEEDS         ,D,C334,"6IMPERIAL COMPLEX ,CHENNAI ,TAMIL NADU  Pin:600008",9381037885,classic.intl29@gmail.com
Lunar Agro chemicals,CHILLIES            ,D,L932,"SHOP NO. 53MUNICIPALITY MARKET ,TINSUKIA ,ASSAM  Pin:786125",9891399918,lunaragrochemicals@gmail.com
MARUTHI IMPEX,CHILLIES            ,D,M1798,"NEW No. 3 / OLD No. 4SRENEVASS ,KUMBAKONAM ,TAMIL NADU  Pin:612001",9360641294,kmu.maruthiimpex@gmail.com
FARTHEST EXPORT PRIVATE LIMITED,CHILLIES            ,D,F336,"NO.10A, GANAPATHY STREET,VASANTHAM NAGAR, AVADI ,CHENNAI ,TAMIL NADU  Pin:600 071",9962030353,farthestexport@gmail.com
FAB GROUP INDIA,CHILLIES            ,D,F354,"OLD NO 10.C, PLOT NO.16IST FLOOR, 2ND MAIN ROAD ,VELACHERY, CHENNAI ,TAMIL NADU  Pin:600042",8113800800,thaizeeraran@yahoo.com
DIMPLE TRADING COMPANY,CHILLIES            ,D,D766,"OFFICE NO.20, 4TH FLOORDHEERAJ HERITAGE ,MUMBAI ,MAHARASHTRA  Pin:400054",9820032536,dimpletc@gmail.com
MOHINI FINE FOODS PVT. LTD,CHILLIES             FENUGREEK            TAMARIND             CURRY POWDER        ,D,M932,"101, BLDG NO.8, ARIHANT COMPOUNDKOPAR, THANE BHIWANDI RD., ,THANE ,MAHARASHTRA  Pin:421 302",9820431926,info@mohinifoods.com
BAWA MASALA COMPANY PRIVATE LIMITED,CHILLIES             FENUGREEK            CURRY POWDER        ,D,B471,"G-42LAWRENCE ROAD INDUSTRIAL AREA ,DELHI ,DELHI  Pin:110 035",9811170050,bmcpvt1234@gmail.com
H.C. &#38 COMPANY,CHILLIES             CUMIN               ,D,H452,"F-15 ,RAJKOT ,GUJARAT  Pin:360003",9376725149,sales@swastikinternational.biz
SANGHAR EXPORTS,CHILLIES            ,D,S1301,"732/A1ST FLOOR, LEELA CHAMBERS ,PUNE ,MAHARASHTRA  Pin:411037",9890360835,arti.bhagde@sanghargroup.com
FRUMAR  MARKETING  PRIVATE LIMITED,CHILLIES            ,D,F167,"PNO-241-C1ST FLOOR, NR VAJRAS SREE NIVASAM ,KONDAPUR, HYDERABAD ,TELANGANA  Pin:500084",9848895566,frumar999@gmail.com
VLC Spices,CHILLIES             TURMERIC             CORIANDER            CUMIN                FENNEL               OTHER SEEDS          CURRY POWDER        ,D,V990,"31SHIVA ESTATE ,BANDRA WEST, MUMBAI ,MAHARASHTRA  Pin:400050",9820017353,info@vlcspices.com
NATHUBHAI COOVERJI &#38 SONS,CHILLIES             TURMERIC             CUMIN                FENNEL               FENUGREEK            OTHER SEEDS         ,D,N088,"417VASANT NIVAS , 3 RD FLOOR ,MATUNGA (C.R.), MUMBAI ,MAHARASHTRA  Pin:400 019",9833223669,ncsons@gmail.com
BABBULA VENKATESHWARLU,CHILLIES            ,D,B688,"CHILLI  MERCHANTSOPP  NEW GRAIN MARKET  1ST GATE ,ENUMAMULA  WARANGAL ,TELANGANA  Pin:506006",9502944222,babbula_chilly@yahoo.co.in
QIK  EXPORTS,CHILLIES             TURMERIC            ,D,Q015,"SAIFI MAHALA.G. BELL MARG, MALABAR HILL ,MUMBAI ,MAHARASHTRA  Pin:400 006",8451896462,qikexports@yahoo.com
MAC IMPEX,CHILLIES             TURMERIC             CUMIN                CURRY POWDER        ,D,M1197,"R-22, APMC MARKET-IIPHASE-II ,VASHI,NAVI  MUMBAI ,MAHARASHTRA  Pin:400705",9920645645,assorted@omsomgroup.com
RANJIT CORPORATION,CHILLIES             TURMERIC            ,D,R584,"OFFICE NO.20,4TH FLOORDHEERAJ HERITAGE, S.V.ROAD ,MUMBAI ,MAHARASHTRA  Pin:400 054",9820032536,dimpletc@gmail.com
K.I.Z. FOODS LIMITED,CHILLIES             TURMERIC             GARLIC              ,D,K935,"SURVEY No. 199, MAHUVA SARVARKUNDLANEAR MURTUZA EXPORTS LTD, TAVEDA ,BHAVNAGAR ,GUJARAT  Pin:364290",9099074694,logistics@kizfoods.com
SHEESH SPICES,CHILLIES             TURMERIC             CORIANDER            CUMIN               ,D,S3374,"82/1 ,JAORA DISTRICT, RATLAM ,MADHYA PRADESH  Pin:457226",9826270888,shabbar_888@yahoo.co.in
G D FOODS MANUFACTURING INDIA PVT LTD,CHILLIES             GINGER               GARLIC               CURRY POWDER        ,D,G919,"PLOT NO 14 B BLOCKCOMMUNITY CENTRE ,NEW DELHI ,DELHI  Pin:110058",9268567815,sksaxena@tops.co.in
RUDRA AGRO INTERNATIONAL,CHILLIES             TURMERIC             FENUGREEK           ,D,R1030,"OFFICE NO 41, 5TH FLOORSHRI KRISHNA CENTER, ,AHMEDABAD ,GUJARAT  Pin:380009",9925333633,rudra_agro@hotmail.com
SRI GOKUL INTERNATIONAL,CHILLIES            ,D,S2586,"2/2276  GRAHATHAYAMMAL NAGAR R.R. NAGAR ,SIVAKASI ,TAMIL NADU  Pin:626123",9943230805,muthu.gokulintl@gmail.com
TALENT TRADER,CHILLIES             CURRY POWDER        ,D,T949,"CPXVII/665Thampiyedath Thekkathil ,CHAVARA ,KERALA  Pin:691583",9895742632,talenttrader@gmail.com
M.S. & SONS,CHILLIES             TAMARIND            ,D,M838,"V/298-B ,ERNAKULAM ,KERALA  Pin:683 563",09388839316,msandsons786@gmail.com
RANJITH AGRO FOODS,CHILLIES            ,D,R1304,"12   ALAGIRI STREET GROUND FLOORRED HILLS ROAD ,CHENNAI ,TAMIL NADU  Pin:600099",9677286235,admin@qualitychef.in
SRI MATA BIO SOURCE,CHILLIES             TURMERIC             NUTMEG/MACE,D,S1225,"3, SRI MATA1st Main, Meenakshi Residency ,Bangalore ,KARNATAKA  Pin:560060",9.19448E+11,smbiosource@gmail.com
SUNBEAM INDUSTRIES,CHILLIES             GINGER               CURRY POWDER        ,D,SC68,"TC 9-2183-1SUNBEAM ,TRIVANDRUM ,KERALA  Pin:695010",9895128766,sunbeam@sunbeamonline.com
FIVE STAR ENTERPRISES PVT.LTD.,CHILLIES             CUMIN                FENNEL               FENUGREEK            CURRY POWDER        ,D,F166,"SURVEY NO.138/IB   DARKAS ROADPALLIKUPPAM VILLAGE ,RED HILLS   CHENNAI ,TAMIL NADU  Pin:600 052",7845541020,fivestarexp@yahoo.co.in
SHARAFIYA TRADING,CHILLIES             TURMERIC             CORIANDER            TAMARIND             CURRY POWDER        ,D,S1812,"X11/126-CNEELAMBRA BUILDING ,WANDOOR, MALAPPURAM ,KERALA  Pin:679328",9633721131,sharafiyaexports@gmail.com
EGIANT AGROCONNECT PVT. LTD.,CHILLIES             TURMERIC             CORIANDER            CUMIN                FENNEL               FENUGREEK            CURRY POWDER        ,D,E419,"FL 902HYDE PARK, TOWER A,S.NO.587 ,MARKET YARD, PUNE ,MAHARASHTRA  Pin:411037",09011569199,nishant@egiant.in
FAZLANI EXPORTS PVT.LTD.,CHILLIES             GINGER               TURMERIC             CORIANDER            CUMIN                CELERY               FENNEL               FENUGREEK            OTHER SEEDS          CURRY POWDER        ,D,F152,"21STFLOORNIRMAL BUILDING ,MUMBAI ,MAHARASHTRA  Pin:400021",9820915460,info@fazlani.com
PASHUPATI TRADERS,CHILLIES             CUMIN                FENNEL               OTHER SEEDS         ,D,P852,"OPP. NEW GANJBAZAR GATE ,UNJHA ,GUJARAT  Pin:384 170",9427040541,paresh2288@yahoo.co.in
NILONS  ENTERPRISES  PRIVATE  LIMITED,CHILLIES             TURMERIC             CURRY POWDER        ,D,N484,"S.NO.131/1A/5, SUNDERBAM COMPLEX1ST & 2ND FLR, NEXT TO GANESH DUTTA TAMPLE , ,MAHARASHTRA  Pin:411045",9997832001,ambrish.singh@nilons.net
GREEN MOUNT SPICES PRIVATE LIMITED,CHILLIES             TURMERIC             CORIANDER            CURRY POWDER        ,D,G775,"IX/21 A, NEAR GREENVALLEY PUBLIC SCHOOLKOTHAMANGALAM ,ERNAKULAM ,KERALA  Pin:686 691",9048990861,greenmountspices@yahoo.com
JMS EXPORTS,CHILLIES            ,D,J725,"45/268FIRST FLOOR ,PALAKKAD ,KERALA  Pin:678006",9400712391,jmsxpo@gmail.com
SHAH PREMCHAND KESHAVJI AND CO,CHILLIES             TURMERIC             CELERY               NUTMEG/MACE,D,S2265,"53-KAZI SAYED STREET,MODI BAZAR ,MUMBAI ,MAHARASHTRA  Pin:400003",9820247813,vipulgosrani@gmail.com
D D EXIM,CHILLIES            ,D,D776,"37/7537/75 ANGALAMMAN KOIL STREET SHEVAPET ,SALEM ,TAMIL NADU  Pin:636002",9443266717,eximdd@gmail.com
MAHESH AGRO FOOD INDUSTRIES,CHILLIES             TURMERIC             CORIANDER            CUMIN                FENNEL               FENUGREEK            OTHER SEEDS         ,D,M1290,"H-1, 21 TO 24 ,BARMER ,RAJASTHAN  Pin:344 001",9414106883,akm_mafi@hotmail.com
DGS SPICES,CHILLIES             TURMERIC            ,D,D782,"59/107KANJIRAPARAMBIL ESTATE ,COCHIN ,KERALA  Pin:682013",9496127649,dgscochin@gmail.com
KOTTACKAL AGRO FOODS,CHILLIES             TURMERIC             CORIANDER            CURRY POWDER        ,D,K735,"VII/124 D, KOMARAMOOKKANNOOR, ANGAMALY ,ERNAKULAM DIST. ,KERALA  Pin:683 577",9526537117,info@mayilrice.com
JC TRADES,CHILLIES             GINGER               TURMERIC             CORIANDER            CUMIN                FENNEL               FENUGREEK            OTHER SEEDS          NUTMEG/MACE,D,J505,"3/1, SRIDEVI APARTMENTS,4TH CROSS STREET, TRUSTPURAM, ,CHENNAI ,TAMIL NADU  Pin:600024",9840053024,vcprakaash@gmail.com
SAGAR INTERNATIONAL,CHILLIES             GINGER               TURMERIC             CORIANDER            CUMIN                FENNEL               FENUGREEK            CURRY POWDER        ,D,S815,"D-402THE IMPERIAL HEIGHTS ,RAJKOT ,GUJARAT  Pin:360005",9824041974,sagar@sagarintl.com
K.P. OVERSEAS,CHILLIES             CUMIN                FENNEL               FENUGREEK            OTHER SEEDS          CURRY POWDER        ,D,K576,"FIRST FLOORJAYVIJAY SOCIETY ROAD ,UNJHA ,GUJARAT  Pin:384 170",9.19825E+11,bhatt@kanaiyagroup.com
SRI RAMAKRISHNA AGENCIES,CHILLIES            ,D,S2344,"160,CHITRAKARA STREET ,MADURAI ,TAMIL NADU  Pin:625001",9843029747,ramakrishnanwin@gmail.com
GANDHI SPICES PVT.LTD.,CHILLIES             GINGER               TURMERIC             CORIANDER            FENUGREEK            CURRY POWDER        ,D,G729,"PARA-BAZARGOLPITH CHOWK ,RAJKOT ,GUJARAT  Pin:360 001",9099970215,overseas@gandhispices.com
BLUE BHARATH EXIM (P) LTD,CHILLIES             TURMERIC             FENNEL               SPICE OILS & OLEORES,D,B479,"6, 3RD FLOOR26, FAGUN CHAMBERS ,EGMORE, CHENNAI ,TAMIL NADU  Pin:600 008",9840049493,bbharath2k@gmail.com
BLS IMPEX PRIVATE LIMITED,CHILLIES             TURMERIC             CORIANDER            CUMIN                CURRY POWDER        ,D,B728,"FLAT NO.301H.NO.8-2-293/3 ,HYDERABAD ,TELANGANA  Pin:500034",9959800766,blsimpexpvtltdhyd@gmail.com
SRI SARAVANA ENTERPRISES,CHILLIES             CUMIN               ,D,S2620,"258AYYAPPA HOUSE ,CHENNAI ,TAMIL NADU  Pin:600087",9841806988,sigmachennai@gmail.com
GRAND INTERNATIONAL EXPORTERS,CHILLIES            ,D,G1153,"3/95,96POTTUR ,MALAPPURAM ,KERALA  Pin:679578",9947682786,care@roastersfoods.com
RAINBOW INDUSTRIES,CHILLIES             TURMERIC             CUMIN               ,D,R971,"104DAYAL BHAWAN NO.4A, K.N. ROAD ,MUMBAI ,MAHARASHTRA  Pin:400 009",9821043278,rainbowind2004@yahoo.co.in
KERALA HOME FOODSTUFF EXPORTS,CHILLIES            ,D,K859,"XI/94, MADATHIPARAMBILMADATHIPARAMBIL ,MADAYIKONAM P.O, THRISSUR DISTRICT ,KERALA  Pin:680 712",9847287712,keralahomefood@gmail.com
ABN TRADES,CHILLIES             TURMERIC             OTHER SEEDS          NUTMEG/MACE CURRY POWDER        ,D,A1683,"V11 / 760C, NILE GARDEN COMPOUNDTHURAVOOR SOUTH P.O ,CHERTHALA.P.O, ALLEPPEY ,KERALA  Pin:688532",8129086212,qc@abntrades.com
SYMEGA FOOD INGREDIENTS LIMITED,CHILLIES             CURRY POWDER        ,D,S1396,"XI/312 G, SYNTHITE TASTE PARK ,ERNAKULAM ,KERALA  Pin:682310",9746474100,symega@symega.in
GRIFFITH FOODS PVT LTD,CHILLIES             CUMIN                CURRY POWDER        ,D,G697,"GRIFFITH HOUSE, SITE NO. 3 AND 4,KHB COLONY, AIRPORT BY PASS ROAD ,BANGALORE ,KARNATAKA  Pin:560064",8884425674,rnagg@griffithfoods.com
GAJANAND FOODS PVT. LTD.,CHILLIES             TURMERIC             CUMIN                CURRY POWDER        ,D,G904,"1ST FLOORGAJANAND HOUSE ,AHMEDABAD ,GUJARAT  Pin:380061",9879111544,export@gajanand.com
HARSH IMPEX,CHILLIES             GARLIC               CURRY POWDER        ,D,H524,"VILLAGE BHADRODNEAR POST OFFICE ,MAHUVA, BHAVNAGAR ,GUJARAT  Pin:364295",9898032340,info@harshimpexindia.com
JAINAM EXIM,CHILLIES             TURMERIC             CORIANDER            CURRY POWDER        ,D,J843,"ROOM NO. 3, BULIDING NO. 6NILGIRI BUILDING, ,THANE WEST ,MAHARASHTRA  Pin:400601",9987731437,jainamexim@gmail.com
J.V.TRADELINK PVT.LTD.,CHILLIES             TURMERIC            ,D,J639,"PLOT NO. 1825,NEAR DIVYA VIJAY SOC. ,AHMEDABAD ,GUJARAT  Pin:382345",9726693947,jvoverseas09@gmail.com
ABINAND I &#38 E PORTS,CHILLIES            ,D,A2806,"NEW NO 21C K COLONY ,COIMBATORE ,TAMIL NADU  Pin:641 044",9843060239,abinandexports@gmail.com
GANPATI MILLS,CHILLIES             FENUGREEK            CURRY POWDER        ,D,G878," ,TEH.GHARAUNDA, KARNAL ,HARIYANA  Pin:132037",8395983287,ganpatimillsknl@gmail.com
SHREE GENERAL TRADING,CHILLIES             TURMERIC             CORIANDER            CUMIN               ,D,S2824,"C  6AYOJAN FLAT ,AHMEDABAD ,GUJARAT  Pin:380007",9429021315,shreeim_ex@yahoo.com
ELMAC FOODS,CHILLIES             TAMARIND             CURRY POWDER        ,D,E193,"DIAMOND TOWER, 1ST BUILDING, 9TH FLOOR ,KOLKATA ,WEST BENGAL  Pin:700027",9830030787,vnthacker@gmail.com
KANAKASREE EXPORTS,CHILLIES             GINGER               TURMERIC             GARLIC               TAMARIND            ,D,K829,"KANAKASREENADAKKAL ,KOLLAM ,KERALA  Pin:691 548",944618191,kanakasreetvm@gmil.com
MALABAR PICKLES AND PRESERVES,CHILLIES             TAMARIND            ,D,M1748,"V/297 ,ERNAKULAM ,KERALA  Pin:683563",9846921937,malabarpreserves@gmail.com
OMAN TRADE,CHILLIES             TURMERIC             CORIANDER            CURRY POWDER        ,D,O125,"502, B WING, NAMAN MIDTOWNSENAPATI BAPAT MARG ,MUMBAI ,MAHARASHTRA  Pin:400 013",9821447656,exports@omantrade.co.in
ARAPPURA EXPORTS,CHILLIES             CURRY POWDER        ,D,A2676,"XIII/120INDUSTRIAL DEVELOPMENT PLOT NO.4 ,KOLLAM ,KERALA  Pin:691001",9446813325,arappuraexports@gmail.com
JANUS GLOBAL TRADE PVT. LTD.,CHILLIES             CURRY POWDER        ,D,J840,"1/3KISMET BUILDING ,MUMBAI ,MAHARASHTRA  Pin:380015",9909967716,info@janusglobaltrade.com
Alba International,CHILLIES             FENNEL               FENUGREEK           ,D,A884,"12/3DLAKSHMI   PURAM ,COIMBATORE ,TAMIL NADU  Pin:641025",9843013284,albacbe@gmail.com
GRB DAIRY FOODS PVT. LTD,CHILLIES             TURMERIC             CORIANDER            CURRY POWDER        ,D,G815,"NO  N-10PHASE  III ,HOSUR ,TAMIL NADU  Pin:635126",9003818764,qad@grbdairyfood.com
M M POONJIAJI SPICES LTD.,CHILLIES             TURMERIC             CUMIN                CURRY POWDER        ,D,P046,"42-ANANDILAL PODAR MARG ,MUMBAI ,MAHARASHTRA  Pin:400002",9819467829,exports@poonjiaji.com
ANAND FOOD &#38 DAIRY PRODUCTS,CHILLIES             GINGER               TURMERIC             CORIANDER            CUMIN                FENNEL              ,D,A1509,"CHIKHODRA-SARSA ROADAT & PO CHIKHODRA ,ANAND ,GUJARAT  Pin:388320",9825566288,anandfood@gmail.com
QUALITY  EXPORTS,CHILLIES             TAMARIND            ,D,Q013,"NO.1/161  B   IST MAIN ROADV  G  P LAYOUT ,CHENNAI ,TAMIL NADU  Pin:600041",9444086528,qualityexports3@yahoo.co.in
M.S TRADING EXPORT &#38 IMPORT,CHILLIES             CURRY POWDER        ,D,M1786,"11/983 ,NILAMBUR, MALAPPURAM ,KERALA  Pin:679329",9447275439,mstradingnbr@gmail.com
S &#38 J SALES CORPORATION,CHILLIES             GINGER               CORIANDER            GARLIC              ,D,S1636,"T.C.26/863GLASS HOUSE,PANAVILA JUNCTION ,TRIVANDRUM ,KERALA  Pin:695 014",8129050088,accounts@sndjonline.com
APEX INTERNATIONAL,CHILLIES             GINGER               CORIANDER            CUMIN                FENUGREEK            GARLIC              ,D,A1486,"2-C TILAK BHAWANOPP UDYOG BHAWAN ,JAIPUR ,RAJASTHAN  Pin:302 005",9828114665,sales@apexherbex.com
BABU    ENTERPRISES,CHILLIES             TURMERIC             CURRY POWDER        ,D,B768,"PLOT NO  BCHINNAMMAL    NAGAR ,PUZHUTHIVAKKAM   CHENNAI ,TAMIL NADU  Pin:600091",9444024331,tebabuenterprises@gmail.com
BUSINESS  NAVIGATORS   INDIA,CHILLIES            ,D,B536,"NO.71, OLD NO.33FIRST MAIN RD ,CHENNAI ,TAMIL NADU  Pin:600 020",9940159717,vlimpex@gmail.com
NATIONAL MASALA MILLS (REGD),CHILLIES             TURMERIC             CORIANDER            CUMIN                FENUGREEK            OTHER SEEDS          CURRY POWDER        ,D,N359,"D-1523DSIDC COMPLEX ,NARELA ,DELHI  Pin:110 040",9958427799,delhi@kanwalspices.com
UVARAJAS TEX TRADE,CHILLIES             TAMARIND            ,D,U184,"No. 47FIRST STREET ,COIMBATORE ,TAMIL NADU  Pin:641 012",9894447350,uttexports@yahoo.com
URVASHI INTERNATIONAL,CHILLIES             CUMIN                FENNEL               OTHER SEEDS          NUTMEG/MACE,D,U242,"259KATRA PEDAN ,DELHI ,DELHI  Pin:110006",9810086907,dinesh_4k@yahoo.com
ANGEL IMPEX,CHILLIES             TURMERIC             CORIANDER            CUMIN                TAMARIND             NUTMEG/MACE CURRY POWDER        ,D,A2737,"No.164G1, F BLOCK ,CHENNAI ,TAMIL NADU  Pin:600102",8939577789,mahesh@post.pl
AARNA AGRO EXPORTS,CHILLIES             CORIANDER            CUMIN                FENNEL               FENUGREEK            OTHER SEEDS         ,D,A2845,"OLD NO 70A ,70B, FIRST FLOORLINGHI CHETTY STREET ,CHENNAI ,TAMIL NADU  Pin:600 001",9940143745,info@aarnaagroexports.in
PARESH IMPEX,CHILLIES             TURMERIC             CORIANDER            FENNEL               FENUGREEK            TAMARIND             NUTMEG/MACE,D,P619,"ROOM NO.126, CENTRAL FACILITY BLDG.NO.1APMC MARKET, SECTOR-19 ,VASHI, MUMBAI SUBURBAN ,MAHARASHTRA  Pin:400 705",9869687960,par_g1@yahoo.co.in
LASOMO IMPORT EXPORT INTERNATIONAL,CHILLIES             TURMERIC             CUMIN                FENUGREEK           ,D,L262,"VP1V1108SONUS GARDENS ,KOLLAM ,KERALA  Pin:691508",9895521566,lasomoexports@gmail.com
HILLGREEN HERBALS PRIVATE LIMITED,CHILLIES             GINGER               SPICE OILS & OLEORES,D,H330,"NO.17, 13TH CROSSVASANTHANAGAR (EAST) ,BANGALORE ,KARNATAKA  Pin:560 052",9845122446,karthik@hillgreen.com
ARICHA TRADING CO LTD,CHILLIES             GINGER               TURMERIC             CORIANDER            CUMIN                FENNEL               FENUGREEK            OTHER SEEDS          CURRY POWDER        ,D,A1182,"8B.B.D. BAG ,KOLKATA ,WEST BENGAL  Pin:700001",9830067949,trade@arichaindia.com
CITADEL IMPEX PVT. LTD.,CHILLIES             CURRY POWDER        ,D,C542,"2B7/8, SHANTI APARTMENT ,MUMBAI ,MAHARASHTRA  Pin:400067",9892726007,cipl.admin@citadelimpex.com
TEXTON EXIMS PRIVATE LIMITED,CHILLIES             TURMERIC             CORIANDER            CUMIN                FENNEL               FENUGREEK            OTHER SEEDS          CURRY POWDER        ,D,T972,"4-30  MERAKA STREETATREYAPURAM ,ATREYAPURAM ,ANDHRA PRADESH  Pin:533235",8179796161,mvraju_mit@yahoo.co.in
KT &#38 AHMU HAIR CARE PRODUCTS,CHILLIES             GARLIC              ,D,K1516,"218-B ,THRISSUR ,KERALA  Pin:680614",9446615999,alwafa.kt@gmail.com
GODART EXPORT CORPORATION,CHILLIES            ,D,G558,"153, LAKE TOWNBLOCK-B ,KOLKATA ,WEST BENGAL  Pin:700089",9836031731,leo_raj1981@yahoo.co.in
INDIAN COMMERCIAL COMPANY,GINGER               TURMERIC            ,E,I009,"P.B. NO.117, 8/2151A.M. CROSS ROAD ,COCHIN ,KERALA  Pin:682 002",9388606027,indcomco@yahoo.com
N.B.ENTERPRISE,GINGER              ,E,N479,"VILL.DITH BATARASHIP.O.TILLABAZAR ,KARIMGANJ ,ASSAM  Pin:788709",7002949126,nbenterprise@yahoo.co.in
TANIA EXPORTS,GINGER              ,E,T466,"BIPIN PAUL ROADKARIMGANJ ,KARIMGANJ ,ASSAM  Pin:788711",9435078986,mohanbps@yahoo.co.in
FAIR EXPORTS (INDIA)   PVT. LTD,GINGER               TURMERIC             GARLIC              ,E,F124,"501, MADHAVABANDRA-KURLA COMPLEX ,BANDRA (E), MUMBAI ,MAHARASHTRA  Pin:400 051",9847044780,harilal@fairexports.net
RBG TRADING CORPORATION PRIVATE LTD.,GINGER               NUTMEG/MACE,E,R1094,"VI/93RBG YASHODHAN ,KOCHI ,KERALA  Pin:682002",9446001536,rbgkochi@gmail.com
H.B.GUM INDUSTRIES PVT LTD,GINGER              ,E,H443,"NEW COMMERCIAL PREMISES CO.OP SCTY LTDOFFICE NO.1,GR.FLOOR,82/84 ,YUSUF MEHARALI RD,MUMBAI ,MAHARASHTRA  Pin:400003",09820073163,hbi@vsnl.com
RAJ FOODS INTERNATIONAL,GINGER               TURMERIC             CORIANDER            CUMIN                FENNEL              ,E,R914,"1ST FLOORJ A PATEL BUILDING ,UNJHA ,GUJARAT  Pin:384170",09925732566,jigar@rajfoods.co.in
M.S.D.INTERNATIONAL,GINGER              ,E,M1446,"VILL. BISKUTP.O AYLABARI DIST ,KARIMGANJ ,ASSAM  Pin:788712",9435893601,mohanbps@yahoo.co.in
SHANKAR TRADING (EXPORT),GINGER              ,E,S2345,"SILCHAR ROAD ,KARIMGANJ ,ASSAM  Pin:788713",9435074777,nrdebroy@gmail.com
MUNNA ENTERPRISE,GINGER              ,E,M913,"VILL. BAKARSHAL ,KARIMGANJ ,ASSAM  Pin:788710",9435076001,munnaenterprise@rediffmail.com
MOLVIZADAH SONS,GINGER               TURMERIC             FENNEL               FENUGREEK            OTHER SEEDS          GARLIC              ,E,M1058,"165,2ND FLOORSAMUEL STREET ,MUMBAI ,MAHARASHTRA  Pin:400009",9820104561,molvizadahsons@hotmail.com
Nature Pearls Pvt. Ltd.,GINGER               TURMERIC            ,E,N795,"H NO 27 RIGHT PORTION1ST FLOOR ,NEW DELHI ,DELHI  Pin:110054",09899064090,abhishek.sharma@naturepearlsmail.com
BTL HERBS &#38 SPICES PVT. LTD.,GINGER              ,E,B900,"536, COMMODITY EXCHANGE BUILDING5TH FLOOR, PLOT NO.2,3,&4, SECTOR 19-A ,NAVI MUMBAI ,MAHARASHTRA  Pin:400705",9820137949,info@btlherbsspices.com
SOWKAT ENTERPRISE,GINGER               GARLIC              ,E,S1180,"SEKHPUR,BHASAIPAIKAR,DIST MURSHIDABAD ,MURSHIDABAD ,WEST BENGAL  Pin:742202",9932332417,sowkatenterprise@yahoo.in
PIYA INTERNATIONAL TRADING COMPANY,GINGER               TURMERIC             CUMIN                FENUGREEK           ,E,P1070,"OFFICE NO.125MANALI TOWER ,GANDHIDHAM  KACHCHH ,GUJARAT  Pin:370201",9.17601E+11,exports.1859@gmail.com
JAMIR UDDIN,GINGER              ,E,J264,"253MASJID ROAD ,KARIMGANJ ,ASSAM  Pin:788711",9435074741,mohanbps@yahoo.co.in
M.H. INTERNATIONAL,GINGER              ,E,M1052,"VILL. BAKARSHAL ,KARIMGANJ ,ASSAM  Pin:788 713",9401430321,mh.iinternational.321@gmail.com
S.G.SPICE & SEED TRADING CO. PVT.LTD,GINGER               TURMERIC             OTHER SEEDS         ,E,S1095,"D81 TTC INDUSTRIAL AREA,TURBHE MIDC ,NAVI MUMBAI ,MAHARASHTRA  Pin:400705",09820184893,sgspicenseed@gmail.com
NISHAT  BAGH  EXPORTS,GINGER              ,E,N815,"P-327, BLOCK -  A ,KOLKATA ,WEST BENGAL  Pin:700089",9830913744,nishatbagh@yahoo.in
AFTAB UDDIN,GINGER              ,E,A2796,"VILL.NIJ NATHUPUR ,KARIMGANJ ,ASSAM  Pin:788713",9435076002,aftabuddin15@gmail.com
SATNAM ORGANICS,GINGER               TURMERIC             FENUGREEK            GARLIC              ,E,S2197,"RED STAR TOWER, LOWER GROUND, ,LUDHIANA ,PUNJAB  Pin:141001",09592185800,sachit@satnamorganics.com
AMBADI FOOD,GINGER               TURMERIC             GARLIC              ,E,A1165,"TC 48/1630 ,TRIVANDRUM ,KERALA  Pin:695002",9447069500,ambadifood@gmail.com
MADHUR INDUSTRIES LTD,GINGER               TURMERIC             CORIANDER            CURRY POWDER        ,E,M545,"MADHUR  COMPLEX, 3RD FLOOR ,AHMEDABAD ,GUJARAT  Pin:380009",9898004099,svp@madhur.co
GREEN CHEM,GINGER               SPICE OILS & OLEORES,E,G592,"LAKSHMI  5 BDADOMLUR II STAGE ,BANGALORE ,KARNATAKA  Pin:560071",9663711002,rajendran22@gmail.com
SHRADDHA IMPEX,GINGER              ,E,S1785,"308,3RD FLOORFORTUNE BUSINESS CENTER ,INDORE ,MADHYA PRADESH  Pin:452001",09425400471,shradhaimpacs@yahoo.com
KAVERI TRADERS,GINGER               TURMERIC             GARLIC              ,E,K1408,"TP.X/148MACHIRIAYATHU ,KOLLAM ,KERALA  Pin:690568",9496006969,kavexpo4tvm@gmail.com
GURUKRUPA TRADING,GINGER               TURMERIC             CUMIN                FENUGREEK            NUTMEG/MACE,E,G986,"A-21 MAYUR MARKETSHREENATHJI MARKET ,KESHOD JUNAGADH ,GUJARAT  Pin:362220",9904816700,ramguru.exports@gmail.com
SAM IMPORTS&#38 EXPORTS,GINGER               TURMERIC             GARLIC              ,E,S2153,"MANAMA HOUSE,BUILDING NO.929WARD NO.VIII,MAYYANAD ,KOLLAM ,KERALA  Pin:691571",9447795470,samexport@live.com
REGENCY SPICES LLP,GINGER               TURMERIC             CUMIN                FENNEL               OTHER SEEDS          NUTMEG/MACE,E,R1098,"F/24APMC MARKET NO. 1 ,NAVI MUMBAI ,MAHARASHTRA  Pin:400 703",9320804900,dipakspices@vsnl.net
Ancient Greenfields Private Limited,GINGER               TURMERIC             SPICE OILS & OLEORES,E,A2754,"14/39, BRINDAVAN NAGARP & T COLONY ,COIMBATORE ,TAMIL NADU  Pin:641030",9894282202,admin@agfindia.com
AQUADDAS ALI,GINGER              ,E,A1308,"VILL. ALONGJURIPO. KARIMGANJ ,KARIMGANJ ,ASSAM  Pin:788711",9435987959,aliaquaddas@gmail.com
KALYAN CHAKRABORTY,GINGER              ,E,K1505,"VILL. INATHPURP.O. AMBARKHANA ,KARIMGANJ ,ASSAM  Pin:788712",9435987959,milonlongai1972@gmail.com
ELITE EXPORTS,GINGER               TURMERIC             GARLIC              ,E,E305,"12/4KALLINGAL ROAD ,MALAPURAM ,KERALA  Pin:676 101",9645330999,elitemumbai1b@gmail.com
ASHVIN EXPORTS AND IMPORT,GINGER               TURMERIC             FENNEL               FENUGREEK           ,E,A412,"OFFICE N0.447TH FLOOR, TARDEO AIR CONDITIONED MARKET ,MUMBAI ,MAHARASHTRA  Pin:400034",9820143995,ashvinexportsandimport@gmail.com
KISAN FOODS,GINGER               GARLIC               CURRY POWDER        ,E,K1049,"PATEL JEWELLERSKANSARA BAZAR, ,MAHUVA,DIST.BHAVNAGAR ,GUJARAT  Pin:364290",09724247800,kisanfoods12@gmail.com
KEYEN EXPORTS,GINGER               TURMERIC             GARLIC              ,E,K1029,"NO.272 ,KANNUR ,KERALA  Pin:670565",9447300073,keyenindia@gmail.com
GRENERA   NUTRIENTS   PRIVATE LIMITED,GINGER               TURMERIC            ,E,G979,"S  F  NO  1357   UPPU  KINARU  THOTTAMAVAL  POONDURAI   VILLAGE ,ERODE ,TAMIL NADU  Pin:638115",9500989946,grenera@gmail.com
ASIAN FRESH,GINGER               TURMERIC             GARLIC              ,E,A2675,"W 54, RABALE MIDC, NR. BUSHAN HOTEL ,NAVI MUMBAI ,MAHARASHTRA  Pin:400701",9594282911,aasianfresh@gmail.com
Kadamba Marketing Souharda Sahakari Niyamita,GINGER               TURMERIC            ,E,K1659,"No. 7Kadamba ,Sirsi ,KARNATAKA  Pin:581402",9242185319,kadambamarketing@gmail.com
P S S  EXPORTS,GINGER               CUMIN                OTHER SEEDS         ,E,P414,"52P S S  NADAR STREET ,TUTICORIN ,TAMIL NADU  Pin:628 001",9843226810,pssexports@gmail.com
MD.FOKRUL ISLAM,GINGER              ,E,F134,"VILL:- BAKARSHAL ,KARIMGANJ ,ASSAM  Pin:788710",9435075998,fokrulislam66@rediffmail.com
SANAT PRODUCTS LIMITED,GINGER               TAMARIND             SPICE OILS & OLEORES,E,SG29,"B-8, INDUSTRIAL AREASIKANDARABAD ,BULANDSHAHR DIST. ,UTTAR PRADESH  Pin:203205",05735 222137,info@sanat.co.in
PEPPERTRAIL TRADING PRIVATE LIMITED,GINGER               GARLIC              ,E,P1163,"546,Raindrops, ,Bangalore ,KARNATAKA  Pin:560102",9895478103,sujith@peppertrail.co.in
MAYI INDUSTRIES,GINGER               GARLIC              ,E,M629,"T.C. 9/1179, SREEKRISHNA VILASOMMANGALAM LANE ,TRIVANDRUM ,KERALA  Pin:695 010",9895666230,mayi@asianetindia.com
SREE AMMAN EXPORTS,GINGER              ,E,S2848,"225 ,PERUNDURAI ,TAMIL NADU  Pin:638052",9442689124,export@sreeammangroup.net
MRT ORGANIC GREEN PRODUCTS,GINGER               SPICE OILS & OLEORES MINT OILS           ,E,M1305,"OLD NO XV/41-2 NEW NO XIX/305-1PALATTY BUILDING NO 3 ,ALUVA ,KERALA  Pin:683101",9946352024,admin@mrtorganic.in
SANTULAN IMPEX PVT. LTD.,GINGER               TURMERIC            ,E,S1193,"1170/12, RAJANIGANDHA APTS.,REVENUE COLONY, SHIVAJI NAGAR ,PUNE ,MAHARASHTRA  Pin:411005",9822320422,pharmacy@santulan.in
G.S.ENTERPRISES,TURMERIC            ,F,G770,"7/44B, BAZAAR STREETODUVANKURUCHI RASIPURAM TALUK ,NAMAKKAL DIST ,TAMIL NADU  Pin:637 406",9843330789,gsenterprises789@gmail.com
LANCO AGRO FOODS INDIA PVT. LTD.,TURMERIC            ,F,L258,"39/109MEENAKSHI SUNDARAM STREET ,ERODE ,TAMIL NADU  Pin:638003",9360606090,lanco@vsnl.com
D L TANUMAL PVT LTD,TURMERIC             OTHER SEEDS         ,F,T118,"1107 A , C WING, 11TH FLRONE BKC ,MUMBAI ,MAHARASHTRA  Pin:400051",9821253225,info@dltanumal.com
K.S. SHAHUL HAMEED,TURMERIC            ,F,S397,"TURMERIC MERCHANT, 31, KONGALAMMAN KOIL STREETP.BOX NO.359 ,ERODE ,TAMIL NADU  Pin:638 001",9843085566,turmeric@airtelmail.com
LANCER SPICES PRIVATE LIMITED,TURMERIC             CORIANDER            CUMIN                FENUGREEK           ,F,L911,"440/441G I D C INDUSTRIAL ESTATE ,VADODARA ,GUJARAT  Pin:391760",9898810287,accounts@lancerspices.com
PRAKASH OVERSEAS,TURMERIC            ,F,P563,"10SAJAN NAGAR ,INDORE ,MADHYA PRADESH  Pin:452 001",9993030340,info@posagri.com
VARSHA INDUSTRIES PRIVATE LIMITED,TURMERIC             CUMIN                FENNEL              ,F,V870,"SURVEY NO.35RAJKOT HIGHWAY ,SUKHPUR, JUNAGADH ,GUJARAT  Pin:362310",9687634031,varshaindustriespvtltd@gmail.com
MORE &#38 COMPANY,TURMERIC             CUMIN                FENNEL               FENUGREEK           ,F,M971,"8MANGTU RAM RD. ,SILIGURI ,WEST BENGAL  Pin:734405",9434006332,skmore47@yahoo.in
SEASONS INTERNATIONAL PVT.LTD,TURMERIC             CORIANDER            CUMIN                FENNEL               FENUGREEK            OTHER SEEDS         ,F,S1671,"5-O-1R.C.VYAS COLONY , ,RAJASTHAN  Pin:311 001",7665437114,info@seasonsinternational.in
D.K.ENTERPRISES,TURMERIC            ,F,D537,"5-2-946OSMAN GUNJ ,HYDERABAD ,ANDHRA PRADESH  Pin:500 012",09959156680,dkegums@yahoo.com
VARCHASVA AGRO,TURMERIC             CORIANDER            FENUGREEK            GARLIC              ,F,V769,"30/1/3KUMARIYA VIRAN ,NEEMUCH ,MADHYA PRADESH  Pin:458441",9425923176,varchasva@hotwanifoods.com
DAKSHA OVERSEAS LLP,TURMERIC            ,F,D576,"309 SAI INFOTECHPATEL CHOWK, ,GHATKOPAR EAST,MUMBAI ,MAHARASHTRA  Pin:400 077",9819100077,tejasshah81@hotmail.com
N V S R K SPICES EXPORTS,TURMERIC            ,F,N640,"D NO. 16/22/59, GMC 364IST  FLOOR, ,WARD 4, OLD GUNTUR,GUNTUR ,ANDHRA PRADESH  Pin:522001","9985245270,",nsraonvsrkspices@gmail.com
UNIVERSAL TRADING,TURMERIC            ,F,U218,"303, SHIKHAR APARTMENTSUNIVERSITY ROAD ,JALARAM-2, RAJKOT ,GUJARAT  Pin:360 007",09993030093,vipulpatel@yahoo.co.in
BAHADURMAL CHOWDHARY &#38 SONS,TURMERIC            ,F,B533,"50 SHARDANAND GUNJNIZAMABAD ,NIZAMABAD ,TELANGANA  Pin:503 002",9505002000,bmc_chowdhary@hotmail.com
MEGH OVERSEAS PVT LTD,TURMERIC            ,F,M1820,"A/43ADITYA RESIDENCY ,AHMEDABAD ,GUJARAT  Pin:380059",9898255500,jigarbhavsar19@gmail.com
SHREE NAKODA EXIM,TURMERIC             CORIANDER            CUMIN                FENUGREEK            OTHER SEEDS         ,F,S2336,"GAUSHALA MARKET HOTELSHREE KE NEECHE ,MANDSAUR ,MADHYA PRADESH  Pin:458002",9009290908,shreenakodaexim@gmail.com
JENSON ENTERPRISES P LIMITED,TURMERIC            ,F,J984,"NO 30 ,CHENNAI ,TAMIL NADU  Pin:600021",9840978787,jensonexports@gmail.com
KANISHKA IMPORTS &#38 EXPORTS,TURMERIC            ,F,K1024,"NO 18/17/6 ,SALEM ,TAMIL NADU  Pin:636141",9944972938,kanishkaimports.exports@gmail.com
AMBOOTIA TEA EXPORTS PVT. LTD.,TURMERIC            ,F,A2529,"34A ,KOLKATA ,WEST BENGAL  Pin:700013",9903011800,das1521954@gmail.com
NAGAWAT TRADERS,TURMERIC             CORIANDER            CUMIN                FENUGREEK            OTHER SEEDS          GARLIC               CURRY POWDER        ,F,N428,"CHAMPA NIWAS ,MANDSAUR ,MADHYA PRADESH  Pin:458001",9926090599,info@nagawatindia.com
AISHWARYA AGRI PRODUCTS,TURMERIC             CORIANDER            CUMIN                FENNEL               FENUGREEK            OTHER SEEDS         ,F,A1265,"30 OLD M.I.D.C.COOPERATIVE BLDG.MIDC AREA ,JALGAON ,MAHARASHTRA  Pin:425 003",9765477999,aniljain_jal@hotmail.com
FRINGE PAPO INTERNATIONAL,TURMERIC            ,F,F340,"FLAT NO. 88, FIRST FLOORTYPE- A, POCKET- 10, ,NEW DELHI ,DELHI  Pin:110085",9205191051,info@fringepapo.com
PR EXPORTS,TURMERIC             SPICE OILS & OLEORES,F,P1051,"12BADRINATH  BLDG ,MUMBAI ,MAHARASHTRA  Pin:400052",9820590735,primpexindia@gmail.com
JAY BHOLE SHANKAR STORES,TURMERIC             CORIANDER            GARLIC              ,F,J1017,"NAGA ROAD ,EAST CHAMPARAN, PURBI, CHAMPARAN ,BIHAR  Pin:845305",8296114585,httprajan@gmail.com
BHANU TRADERS,TURMERIC            ,F,B824,"17 ,NIZAMABAD, ANDHRA PRADESH ,ANDHRA PRADESH  Pin:503002",9393557579,bhanutrader@gmail.com
AG AGRO FOOD EXPORTS,TURMERIC             CORIANDER            CURRY POWDER        ,F,A2496,"B-29 1ST MAIN ROADAMBATTUR INDUSTRIAL COMPLEX ,CHENNAI ,TAMIL NADU  Pin:600 058",9841016217,agagexp@gmail.com
SHREE RAM TRADERS,TURMERIC             CORIANDER            CUMIN                FENNEL               FENUGREEK            OTHER SEEDS         ,F,S2283,"65, BADRI VIHARLAL SAGAR ,JODHPUR ,RAJASTHAN  Pin:342007",9829085868,shreeramtraders135@gmail.com
K. PATEL PHYTO EXTRACTIONS PVT. LTD,TURMERIC             SPICE OILS & OLEORES,F,K1060,"507, EUREKA TOWER MINDSPACE ,MUMBAI ,MAHARASHTRA  Pin:400064",9821150636,info@phytoextractskp.com
VIPUL DOSHI &#38 CO.,TURMERIC             CORIANDER            FENNEL               OTHER SEEDS          CURRY POWDER        ,F,V498,"504, JAISINGH LAND MARQUEAZAD ROAD ,MUMBAI ,MAHARASHTRA  Pin:400 057",9920605001,vipuldoshi35@yahoo.co.in
S H EXIM INTERNATIONAL LLP,TURMERIC             FENUGREEK            OTHER SEEDS         ,F,S3209,"FLT 5,CTS 1263/2,JM RD,B/H SUBHADRAHOTEL,GOKULESH APT,S NAGAR ,DECCAN ,PUNE ,MAHARASHTRA  Pin:411004",9922995097,sheximintl@gmail.com
P.S.S. GANESAN &#38 SONS,TURMERIC            ,F,G377,"C-82-83, SIPCOT COMPLEXTUTICORIN ,TUTICORIN ,TAMIL NADU  Pin:628 008",9443150001,ganesan1@vsnl.com
SAURAS EXPORTS PRIVATE LIMITED,TURMERIC             CUMIN                FENNEL               FENUGREEK            OTHER SEEDS          TAMARIND            ,F,S864,"B-51,APMC MARKET NO.1PHASE-II,SECTOR-19 ,VASHI,NAVI MUMBAI ,MAHARASHTRA  Pin:400705",9820076055,hitesh_s63@yahoo.com
EVERPLUS EXIM PRIVATE LIMITED,TURMERIC             FENNEL               FENUGREEK           ,F,E412,"A9/104GOYAL INTERCITY ,AHMEDBAD ,GUJARAT  Pin:380 054",9376999587,everplus.exim@gmail.com
BHAILAL TRIKAMLAL &#38 CO,TURMERIC             CORIANDER            CUMIN                FENNEL               FENUGREEK            OTHER SEEDS         ,F,B618,"A-49, MAIN LINEGUNJ BAZAR , ,GUJARAT  Pin:384 170",9898699998,bt_exporters@yahoo.co.in
KALAN PHARMACEUTICALS,TURMERIC            ,F,K984,"IX/262263 & 160 ,TRICHUR DIST ,KERALA  Pin:680305",9447054887,mail@kalanpharmaceuticals.com
MARWAHA AGRO FOODS,TURMERIC            ,F,10580,"SHOP NO.116, 2ND FLOORMANDI FENTON GANJ ,JALANDHAR ,PUNJAB  Pin:144003",9872074750,rvmspices@gmail.com
A.S.M. NAVEEN &#38 CO,TURMERIC            ,F,A1376,"NO 27/1, PARIVALLAL STREETLOURTHU NAGAR, K. PUDUR ,MADURAI ,TAMIL NADU  Pin:625 007",9952173529,naveenherbs@gmail.com
INDIAN TEA ESTATES INDUSTRIES,TURMERIC            ,F,I382,"143/42ND FLOOR ,MADURAI ,TAMIL NADU  Pin:625010",9952380304,ssjeyakumar@hotmail.com
BODHI TREE EXIM PVT LTD (OPC),TURMERIC            ,F,B967,"OLD TARIDIHMASTIPUR, NEAR PRAJNA VIHAR SCHOOL ,GAYA ,BIHAR  Pin:824231",9955549073,indiabodhitree@gmail.com
LOVSON INDUSTRIES,TURMERIC             FENNEL              ,F,L229,"405REWA CHAMBERS, 4TH FLOOR ,MUMBAI ,MAHARASHTRA  Pin:400020",9819224675,lovson@hotmail.com
LANDMARK EXPORTS,TURMERIC             CORIANDER            TAMARIND            ,F,L151,"TC . 36/138 - 2EANCHAKKAL ,THIRUVANANTHAPURAM ,KERALA  Pin:695008",9447060011,landmarkxport@gmail.com
RAGHVANI EXPORTS PVT.LTD,TURMERIC             CUMIN                OTHER SEEDS          CURRY POWDER        ,F,R1048,"PLOT NO.97, 9TH FLOOR, BAJAJ BHAVANNARIMAN POINT ,MUMBAI ,MAHARASHTRA  Pin:400 021",9820101654,exports@laxconind.in
SAI EXPORTS,TURMERIC             CORIANDER            CUMIN                OTHER SEEDS          SPICE OILS & OLEORES,F,S2741,"HIBISCUS SOCIETY A4/C14,GODREJ HILL COMPLEX ,KALYAN WEST ,MAHARASHTRA  Pin:421301",9870344450,saiexport2010@yahoo.com
VEDIC AGROTECH PVT LTD,TURMERIC            ,F,V883,"80, CIVIL LINES ,JHANSI ,UTTAR PRADESH  Pin:284 001",7839452834,anil.mathur@vedicagrotech.com
BUSH TEA COMPANY PVT LTD,TURMERIC            ,F,B838,"3HIDE ROAD ,KOLKATA ,WEST BENGAL  Pin:700043",9903011800,das1521954@gmail.com
SHREE HARI GRUH UDHYOG,CORIANDER            CUMIN                FENNEL               FENUGREEK            OTHER SEEDS         ,H,S3072,"B/H VETERNARY HOSPITALMOVIYA ROAD ,GONDAL ,GUJARAT  Pin:360311",9909980124,yogi190184@gmail.com
DHIRENDRA INTERNATIONAL PVT.LTD,CORIANDER            CUMIN                FENNEL               FENUGREEK            OTHER SEEDS         ,H,D558,"20, MODI BUILDING ,NEEMUCH ,MADHYA PRADESH  Pin:458441",9301610167,cadeepak@dhirendrainternational.com
SURAJMAL SHANTILAL JAIN,CORIANDER            CUMIN                FENUGREEK            OTHER SEEDS          GARLIC              ,H,S212,"334, TILAKMARG ,NEEMUCH ,MADHYA PRADESH  Pin:458441",9425328197,surajmalshantilal@gmail.com
DHANRAJ DILIP JAIN,CORIANDER            FENUGREEK           ,H,D638,"3C- 46 ,III KOTA ,RAJASTHAN  Pin:324005",9829090069,dilipjain1103@gmail.com
SATYAM TRADERS,CORIANDER           ,H,S1942,"15MARKET YARD ,VYARA TAPI ,GUJARAT  Pin:394650",9824156483,mail@satyamtraders.com
K.P.INDUSTRIES,CORIANDER           ,H,K469,"M-39 ,SHAHIBAG ROAD, AHMEDABAD ,GUJARAT  Pin:380004",9426052939,mausamfoods@hotmail.com
NAVNEET IMPEX,CORIANDER            CUMIN                FENNEL               FENUGREEK            OTHER SEEDS         ,H,N427,"411- A,  CITY CENTRE570, ,INDORE ,MADHYA PRADESH  Pin:452 001",98930 24311,info@navneetimpex.com
NAGAUR COMMERCIAL CORPORATION,CORIANDER            CUMIN                FENNEL              ,H,N461,"82 ,NAGAUR ,RAJASTHAN  Pin:341001",9414111413,ncckum@gmail.com
AMBALAL LALLUDAS PATEL,CORIANDER            CUMIN                FENUGREEK            OTHER SEEDS         ,H,A047,"402APMC BUILDING MARKET YARD UNJHA ,UNJHA ,GUJARAT  Pin:384170",09426392074,altrader@rediffmail.com
JAY DATTATRAY TRADING CO.,CORIANDER            CUMIN                FENNEL               FENUGREEK            OTHER SEEDS         ,H,J643,"26,KRUSHNA MILL COMPOUNDRAILWAY STATION ROAD ,UNJHA ,GUJARAT  Pin:384 170",9825034504,info@jdspices.com
G.L. ENTERPRISE,CORIANDER            CUMIN                FENNEL               OTHER SEEDS         ,H,G177,"B-92GANJ BAZAR ,UNJHA ,GUJARAT  Pin:384170",9825013035,glvictory@rediffmail.com
EMJAY EXIMP PVT. LTD.,CORIANDER            TAMARIND            ,H,E362,"404CHHEDA BHAVAN ,MUMBAI ,MAHARASHTRA  Pin:400 009",09821433459,emjayent@vsnl.com
G.T.C. FOODS PVT LTD.,CORIANDER            FENUGREEK           ,H,G569,"4083NAYA BAZAR ,DELHI ,DELHI  Pin:110 006",09810052916,gtcfoods@gmail.com
PEPCOS AGENCIES,CORIANDER           ,H,P568,"7/179 ,COCHIN ,KERALA  Pin:682 002",9447026004,pepcosagencies@gmail.com
MASALA KING EXPORTS TRADING PVT.LTD,CORIANDER            CUMIN                FENNEL               FENUGREEK            OTHER SEEDS          CURRY POWDER        ,H,M1205,"118, SIDDHIVINAYAK COMPLEX, SECTOR-19CNEAR APMC MKT, OPP. BANK OF SOURASHTRA ,VASHI,NAVI MUMBAI ,MAHARASHTRA  Pin:400 705",9022111717,finance@masalakingexports.com
MANILAL JAMNADAS,CORIANDER            CUMIN                FENNEL               FENUGREEK            OTHER SEEDS         ,H,M610,"C 140,  NADIADWALANADIADWALA ,UNJHA ,GUJARAT  Pin:384 170",9825159818,manilal@nadiadwala.com
SHREE BHAGWATI ENTERPRISE,CORIANDER            CUMIN                FENNEL               FENUGREEK           ,H,S2633,"PLOT NO.219G.I.D.C - 2 ,JUNAGADH ,GUJARAT  Pin:362037",9925032602,bejunagadh@yahoo.com
G.M. TRADERS,CORIANDER            FENUGREEK           ,H,G1114,"PRAGATI CHAURAHADALOUDA ,MANDSAUR ,MADHYA PRADESH  Pin:458 667",9926037473,gminternational99@gmail.com
SHRINIVASA FOODS INTERNATIONAL,CORIANDER            CUMIN                FENNEL               FENUGREEK            OTHER SEEDS         ,H,S1721,"G/F-13, CENTURY APARTMENTBODAKDEV ,AHMEDABAD ,GUJARAT  Pin:380 054",9879548046,bhatt@kanaiyagroup.com
M.M. ENTERPRISE,CORIANDER            CUMIN                FENNEL               FENUGREEK            OTHER SEEDS          CURRY POWDER        ,H,M936,"1/2, J.B.HOUSE ,BORSAD ,GUJARAT  Pin:388 540",9825429408,petalsinc@gmail.com
BHARATKUMAR KANTILAL &#38 CO,CORIANDER            CUMIN                FENNEL               OTHER SEEDS         ,H,B044,"OPP. NEW GANJBAZAR GATE ,UNJHA ,GUJARAT  Pin:384 170",9825265453,bkcunjha@yahoo.co.in
DARAKH QUALITY PRODUCTS PVT. LTD.,CORIANDER            CUMIN                FENNEL               FENUGREEK            OTHER SEEDS         ,H,D699,"A-77 2ND FLOORSECTOR 65 ,NOIDA ,UTTAR PRADESH  Pin:201301",9311111401,darakhindia@gmail.com
DHANRAJ KUMAR MUKESH KUMAR,CORIANDER           ,H,D758,"GODAWN NO.05 ,BIAORA ,MADHYA PRADESH  Pin:465674",9406529651,niteshgpt1@gmail.com
M.R.AGRO INDUSTRIES,CUMIN               ,I,M1287,"123 ,UNJHA ,GUJARAT  Pin:384170",9825082144,mitesh@mragroindustries.com
J  LAL FOODS PVT. LTD.,CUMIN                FENNEL               FENUGREEK            OTHER SEEDS         ,I,J846,"OPP. GUNJ BAZAR GATE1ST FLOOR ,UNJHA, MEHSANA ,GUJARAT  Pin:384170",9737077675,jlalfoods@gmail.com
VINAY FOODS INTERNATIONAL,CUMIN                FENNEL              ,I,V825,"E-323NEW MARKET YARD ,UNJHA ,GUJARAT  Pin:384170",9909054531,vinaysortex@yahoo.com
M.R. CORPORATION,CUMIN                FENNEL              ,I,M1789,"123NEW GUNJ BAZAR ,UNJHA ,GUJARAT  Pin:384170",9426781044,mitesh@mragroindustries.com
OM INDIA TRADING COMPANY PRIVATE LIMITED,CUMIN               ,I,O199,"EAST MARKETP.O. KARIMGAJ BAZAR ,KARIMGANJ ,ASSAM  Pin:788710",9810580074,m.asokan@seeds-grains.com
R. PRAVINCHANDRA &#38 CO,CUMIN                CELERY               FENNEL               OTHER SEEDS         ,I,P514,"VISNAGAR ROAD ,UNJHA ,GUJARAT  Pin:384 170",9825024148,savaj11010@gmail.com
SPICE AGRO INTERNATIONAL,CUMIN                FENNEL              ,I,S2844,"NEAR WATER TANKRAILWAY STATION ROAD ,UNJHA, NORTH GUJARAT ,GUJARAT  Pin:384170",09925329725,spiceagrointernational@gmail.com
SHREE RANG ENTERPRISE,CUMIN                FENNEL               OTHER SEEDS         ,I,S477,"7MAIN LINE ,UNJHA ,GUJARAT  Pin:384170",9825046077,shreerang.a36@gmail.com
DHAIRYA INTERNATIONAL,CUMIN                FENNEL               FENUGREEK           ,I,D605,"E-323 ,UNJHA,  MAHESANA ,GUJARAT  Pin:384170",9909054531,docs@dhairyasesameseeds.com
SHREE VAIBHAV CORPORATION,CUMIN               ,I,S2439,"60NEW MARKET YARD ,UNJHA ,GUJARAT  Pin:384170",9377712351,info@svcunjha.com
SAKUMA EXPORTS LTD,CUMIN               ,I,S1005,"301-A, AURUS CHAMBERSNEAR MAHINDRA TOWER, ,WORLI, MUMBAI ,MAHARASHTRA  Pin:400 013",9619001812,sakumaex@mtnl.net.in
J.H.B. ENTERPRISES,CUMIN               ,I,J309,"556/VI-3MAJITH MANDI ,AMRITSAR ,PUNJAB  Pin:143 006",9855468771,dicky239@yahoo.com
Liza Traders,CUMIN               ,I,L910,"P.O. SONAMURA ,SONAMURA ,TRIPURA  Pin:799131",9436127591,lizatraders2802@gmail.com
SHYAM TRADING COMPANY,CUMIN                FENUGREEK            OTHER SEEDS         ,I,S1982,"H-II, 18 ,JODHPUR ,RAJASTHAN  Pin:342008",9828527448,stcrajasthan@gmail.com
PINEX MINERALS,CUMIN               ,I,P1177,"322MADHAV SQUARE OPP AVANTIKA COMPLEX ,JAMNAGAR ,GUJARAT  Pin:361008",9824400408,pinexminerals@yahoo.in
REVABHAI RANCHHODDAS PATEL,CUMIN               ,I,R671,"56, MAIN LANEOLD MARKET YARD ,NORTH GUJARAT ,GUJARAT  Pin:384 170",9824080430,sachinkpp@yahoo.com
ANVIN OVERSEAS,CUMIN               ,I,A2977,"VIRAL STORES ,(VANDHAY) BHUJ ,GUJARAT  Pin:370040",9601325980,export@anvinoverseas.com
A.A.COMODITIES,CUMIN                FENNEL               FENUGREEK           ,I,A2719,"33/AJALNAGAR SOCIETY ,BILIMORA ,GUJARAT  Pin:396321",09322920202,aacomodi@gmail.com
SAWDAGAR EXPORTS,CUMIN                FENUGREEK           ,I,S2324,"VILL  PO 147BHOTEBARI ,JALPAIGURI ,WEST BENGAL  Pin:735301",09434406002,sawdagarexports@gmail.com
N.K. BROTHERS,CUMIN               ,I,N204,"B 92GANJ BAZAR ,UNJHA ,GUJARAT  Pin:384 170",9825284342,glvictory@rediffmail.com
SWASTIK TRADING COMPANY,CUMIN                FENNEL               FENUGREEK            OTHER SEEDS         ,I,S1001,"NAI ABADIGOL CHOURAHA ,MANDSAUR ,MADHYA PRADESH  Pin:458001",9425923047,swastik77@hotmail.com
PARAS WHITE GOLD AGRO INDUSTRIES,CUMIN               ,I,P1155,"GIRWAI NAKA ,GWALIOR ,MADHYA PRADESH  Pin:474003",9329764101,paraswhitegold@gmail.com
BALAJI  TRADERS,CUMIN                SPICE OILS & OLEORES,I,B366,"161T  S  VIJAYA  COMPLEX ,VIRUDHUNAGAR ,TAMIL NADU  Pin:626001",9443744092,tsvijayacompany@gmail.com
YUNUS EXPORTS,CUMIN                FENNEL               FENUGREEK            OTHER SEEDS         ,I,Y018,"L 55APMC MARKET 1, PHASE 2, ,NAVI MUMBAI ,MAHARASHTRA  Pin:400705",9820226414,yunus@hebatbhoy.com
RAJ EXPORTS INDIA,CUMIN                CURRY POWDER        ,I,R1307,"A/304ABHINANDAN BLDG, OPP HATKESH ,MIRA ROAD EAST,DIST.THANE ,MAHARASHTRA  Pin:401107",9833617027,rajexports.india@yahoo.com
MALHAR ENTERPRISES,CUMIN                FENUGREEK            CURRY POWDER        ,I,M1301,"2/234,GROHITAM BUILDING, PLOT 14B, ,VASHI,NAVI MUMBAI ,MAHARASHTRA  Pin:400705",9004684900,info@malharenterprises.net.in
AGRO SPICE INDIA PRIVATE LIMITED,FENNEL              ,K,A1635,"47-GVYASARPADI CO-OPERATIVE INDL. ESTATE ,CHENNAI ,TAMIL NADU  Pin:600039",9884123410,rohit@agrospiceindia.com
UNJHA AGRO COMPANY,FENNEL              ,K,U270,"C-143KHADIYA, GANJ BAZAR UNJHA, ,UNJHA ,GUJARAT  Pin:384170",9726670501,unjhaagrocompany@yahoo.om
SEEDS &#38 GRAINS INDIA PVT.LTD,FENNEL              ,K,S1654,"EAST MARKETP.O. KARIM GANJ BAZAR ,KARIMGANJ ,ASSAM  Pin:788711",9810580074,m.asokan@seeds-grains.com
MOORTHY TRADERS,FENNEL              ,K,M663,"73 G/13 B ,TUTICORIN ,TAMIL NADU  Pin:628 002",9443146618,velu@exoflorindia.com
SURESH SEJPAL &#38 CO.,FENNEL              ,K,S218,"P.O. BOX  284VII/654  JEW TOWN ,COCHIN ,KERALA  Pin:682002",9447794105,ssejpal@vsnl.net
MURLI FLOUR MILLS PVT LTD,FENUGREEK           ,L,M1364,"INDUSTRIAL AREA ,NOKHA, BIKNER ,RAJASTHAN  Pin:334803",9413389802,murlibhog@gmail.com
SIMOSIS INTERNATIONAL,FENUGREEK           ,L,S1670,"604,GREAT EASTERN GALLERIASECTOR-4 ,NAVI MUMBAI ,MAHARASHTRA  Pin:400 706",8652170003,admin@simosis.com
DEV ENTERPRISES,FENUGREEK            OTHER SEEDS         ,L,D717,"F105,RIICO Industrial Area, ,Jodhpur ,RAJASTHAN  Pin:342001",9829181020,enterprisesdev@yahoo.com
SUN ENTERPRISE,FENUGREEK           ,L,SF99,"71KHADIA, MARKET YARD ,UNJHA ,GUJARAT  Pin:384 170",9825336253,sunpsyindia@gmail.com
G.S.INDUSTRIES,FENUGREEK           ,L,G1159,"J 385 385G.S.INDUSTRIES ,BIKANER ,RAJASTHAN  Pin:334001",9414141285,rtcbkn5@gmail.com
SHREENATH MULTITRADE PVT. LIMITED,FENUGREEK            OTHER SEEDS         ,L,S2337,"203-KPALDA ,INDORE ,MADHYA PRADESH  Pin:452001",8349667737,shrinathtradingcorporation@hotmail.com
DOSI TRADING COMPANY,FENUGREEK           ,L,D454,"72/3DOSI BHAWAN ,MANDSAUR ,MADHYA PRADESH  Pin:458 001",9893316534,doshikushal@gmail.com
L. CHHOTALAL & CO,FENUGREEK           ,L,C054,"1ST FLOOR, 103 - SANCHETI BHAVANP.O.BOX 2369 ,MUMBAI ,MAHARASHTRA  Pin:400 002",9820146576,lcco@mtnl.net.in
ISHWARCHAND CHANDMAL,FENUGREEK           ,L,I202,"NEW MANDI PRANGAN, NEMUCH ROAD, ,MANDSAUR ,MADHYA PRADESH  Pin:458001",9926465100,manishherbal@rediffmail.com
Marisha Trading International,FENUGREEK           ,L,M2044,"8/CGate 2,  Ground Floor ,Kolkata ,WEST BENGAL  Pin:700023",9836713606,georgeycgsi@hotmail.com
P.S.S.KRISHNAMURTHI EXPORTS (P)LTD,FENUGREEK           ,L,K473,"PLOT NO.C18 & C19-ASIPCOT INDUSTRIAL COMPLEX ,TUTICORIN ,TAMIL NADU  Pin:628008",9842135252,rajasankaralingam2009@gmail.com
Jaroli Agro Private Limited,FENUGREEK            OTHER SEEDS         ,L,J917,"C506Gokul Garden ,Mumbai ,MAHARASHTRA  Pin:400101",9322009711,honey@jaroliagro.com
ARVIND TRADING CO.,FENUGREEK            OTHER SEEDS         ,L,A2467,"N-1KRISHI UPAJ MANDI ,JODHPUR ,RAJASTHAN  Pin:342001",9414127126,riteshjain1983@yahoo.com
RK MERCHANDISE,FENUGREEK           ,L,R1222,"313, RAJNI VIHARAJMER ROAD ,JAIPUR ,RAJASTHAN  Pin:302021",9314937817,cmd@rkmerchandise.in
ADVENTA EXPORT PVT.LTD,FENUGREEK           ,L,A1353,"102-103, AKIK COMPLEXOPP. RAJATH CLUB, S.G. ROAD ,AHMEDABAD ,GUJARAT  Pin:380015",9909040095,adventaexport@gmail.com
SHREE PADMANATH EXIM TRADE PRIVATE LIMITED,FENUGREEK           ,L,S2611,"A/202,SHEETAL SWAR CHS, SHEETAL NAGAR ,THANE ,MAHARASHTRA  Pin:401107",7208826640,padmanatheximtrade@yahoo.com
Merchant Dehydrates pvt ltd,FENUGREEK            GARLIC              ,L,M1893,"Godown no 2 Station Road ,mahuva ,GUJARAT  Pin:364290",09099832727,info@merchantdehydrates.com
KOHLICO FOODS AND BEVERAGES PVT. LTD.,OTHER SEEDS         ,M,K690,"391, NARSI NATHA STREETMAHESH CHAMBER, ROOM NO.1 & 2 ,IST FLOOR, MUMBAI ,MAHARASHTRA  Pin:400 009",7715820005,msk@kohlicofoods.com
KHATU SHYAMJI TRADERS,OTHER SEEDS         ,M,K976," ,BARABANKI ,UTTAR PRADESH  Pin:225 306",9455929655,vijayjaiswal623@gmail.com
RAJAT AGRO COMMODITIES PVT. LTD,OTHER SEEDS         ,M,R976,"GRAM PALDA ,INDORE ,MADHYA PRADESH  Pin:452020",9425322004,rajul@rajatagro.com
NARENDRA TRADING COMPANY,OTHER SEEDS         ,M,N415,"SHOP NO.42 ,KURNOOL ,ANDHRA PRADESH  Pin:518 003",9000009961,ajwanwala@gmail.com
SRINIWAS HERBS PRIVATE LIMITED,OTHER SEEDS         ,M,S3312,"D659 ,KOLKATA ,WEST BENGAL  Pin:700045",9831823629,sriniwasherbspvt@gmail.com
JAIN IRRIGATION SYSTEMS LTD,GARLIC              ,N,J368,"JAIN PLASTIC PARK ,JALGA0N ,MAHARASHTRA  Pin:425 001",09422774951,jisl@jains.com
V.T. FOODS PVT LTD,GARLIC              ,N,V798,"G-9, SWAMI VIVEKANAND COMPLEXVASI TALAV,GARDEN ROAD ,MAHUVA DIST,BHAVNAGAR ,GUJARAT  Pin:364290",9978136555,vtfoods.onion@gmail.com
SARAH EXIM PVT.LTD,GARLIC              ,N,S2209,"1803/1804, SEA QUEEN HERITAGEPLOT NO.6, SECTOR-18 ,SANPADA, NAVI MUMBAI ,MAHARASHTRA  Pin:400705",9167441944,sarahdocument@gmail.com
SANTRAM FOOD EXPORT,GARLIC              ,N,S2792,"S 3, 2ND FLOORPANDIT DINDAYAL COMPLEX ,MAHUVA ,GUJARAT  Pin:364290",9898182912,santramfoodexport@gmail.com
Real Dehydrates,GARLIC              ,N,R1395,"SAILESH SEEDSOPP. M.M.SHOPPING CENTRE ,DIST. BHAVNAGAR ,GUJARAT  Pin:364290",07802900900,export@realdehydrates.com
CHHATARIYA VEG EXPO PVT LTD,GARLIC              ,N,C526,"BEHIND H.P. PETROL PUMP ,MAHUVA ,GUJARAT  Pin:364290",9426731112,info@chhatariyaveg.com
PRIDE FRESH PRODUCE,GARLIC              ,N,P1018,"B12, 6TH FLOORGROMA HOUSE ,VASHI, NAVI MUMBAI ,MAHARASHTRA  Pin:400705",9820136456,pridetrading@mtnl.net.in
TARSEEL EXPORTS,GARLIC              ,N,T617,"PLOT NO.C-48/1T.T.C.  INDUSTRIAL AREA ,NAVI MUMBAI, THANE ,MAHARASHTRA  Pin:400 705",9867869398,tarseelexports@hotmail.com
GARLICO INDUSTRIES LIMITED,GARLIC              ,N,G244,"9/1INDUSTRIAL ESTATE ,MANDSAUR ,MADHYA PRADESH  Pin:458 001",7389905287,info@garlicoindia.com
APPLE FOOD INDUSTRIES,GARLIC              ,N,A2924,"SURVEY NO.261 ,UNA ,GUJARAT  Pin:362560",9825836050,info@applefood.in
BSR FOODS,GARLIC              ,N,B939,"SURVEY  No. 45/1OLD RATOL ROAD ,MAHUVA, BHAVNAGAR ,GUJARAT  Pin:364290",9879461716,info@bsrfoods.in
DAKSH FOODS PVT LTD,GARLIC              ,N,D517,"B-32MARKETING YARD ,BHAVNAGAR ,GUJARAT  Pin:364004",9898508079,info@dakshfoods.com
PARDES DEHYDRATION COMPANY,GARLIC              ,N,P320,"POST BOX No 31 GONDAL NATIONAL HW BY PASSNR GUNDALA CROSSING ,GONDAL RAJKOT ,GUJARAT  Pin:360 311",9825076026,hp@pardesdehydration.com
A AND F DEHY FOODS,GARLIC              ,N,A1395,"SURVEY NO.49/P ,MAHUVA ,GUJARAT  Pin:364290",9512351414,mail@murtuzafoods.com
CAPITAL DEHYDRATION,GARLIC              ,N,C449,"107, NOMONY BAZAR, MEGHDOOT CINEMAMAHUVA DT, BHAVNAGAR DT ,MAHUVA ,GUJARAT  Pin:364290",9825836050,info@capitaldehydration.com
GARON DEHYDRATES PVT.LTD,GARLIC              ,N,G727,"SURVEY NO.56/3,56/4,56/5VILLAGE BIHADIA ,INDORE ,MADHYA PRADESH  Pin:452020",9406684917,garonfoods@yahoo.in
AARTI TRADING,GARLIC              ,N,A1623,"359, CENTRAL FACILITY BLDG.NO.1MASALA MARKET (MUDI BAZAR) ,SECTOR-19, VASHI, NAVI MUMBAI ,MAHARASHTRA  Pin:400705",9967999117,aartitradingindia@gmail.com
PARTH FOODS,GARLIC              ,N,P1068,"BHAVNAGAR NATIONAL HIGHWAY,VILLAGE BHADROD ,MAHUVA ,GUJARAT  Pin:364290",9925332210,info@parthfoods.in
SUMAN INTERNATIONAL EXPORT IMPORT PVT LTD,GARLIC              ,N,S3024,"D65B, KH NO.60TOP FLOOR, FREEDOM FIGHTER ENCLAVE ,NEW DELHI ,DELHI  Pin:110068",9560320009,akarsh.srivastva@gmail.com
HAMID INTERNATIONAL,GARLIC              ,N,H291,"180,STAR EXPORT HOUSE ,CHENNAI ,TAMIL NADU  Pin:600 108",9841078640,export@hamidinternational.com
PRIME AGRO FOOD PRODUCTS,GARLIC              ,N,P994,"PLOT NO. 31JAMWADI G.I.D.C - 2 ,GONDAL, RAJKOT ,GUJARAT  Pin:360311",9879879689,info@primeagrofoodproducts.com
SKY AGRI EXPORT,GARLIC              ,N,S3004,"G-15Sahyog Complex ,Mahuva,Bhavnagar ,GUJARAT  Pin:364290",8000520406,info@skyagriexport.com
FOODTECH CORPORATION,GARLIC              ,N,F285,"B/102,GREEN MEADOWS CHS LTD. ,ST. ROAD, MIRA ROAD EAST ,MAHARASHTRA  Pin:401107",9833353303,ftcorp@hotmail.com
HBH FOODS,GARLIC              ,N,H561,"38/B,  DIAMOND NAGARNEAR APMC ,MAHUVA ,GUJARAT  Pin:364290",9979343499,sales@hbhfoods.in
NALANDA INDUSTRIES,GARLIC              ,N,N596,"59INDUSTRIAL AREA ,MANDSAUR ,MADHYA PRADESH  Pin:458001",9425105116,nalandaindustries59@gmail.com
FORTUNE TRADES,GARLIC              ,N,F271,"No.03A    QUEENS COURTMONTIETH ROAD ,CHENNAI ,TAMIL NADU  Pin:600008",9940085810,fortunetrades13@gmail.com
BAGORA DEHYDRATES,GARLIC              ,N,B647,"AT. BHUNAVA, SURVEY NO. 106/PAIKIHADAMTALA INDUSTRIAL AREA ,TA -GONDAL RAJKOT ,GUJARAT  Pin:360311",9979850566,export@bagoradehydrates.com
SOUTHERN HEALTH FOODS PRIVATE LIMITED,GARLIC              ,N,S3040,"129   Z BLOCK   PLOT No  11606TH AVENUE ,CHENNAI ,TAMIL NADU  Pin:600040",8754481894,mannafoodsindia@gmail.com
ROYAL EXIM,GARLIC              ,N,R1379,"OLD NO.4/1NEW NO.7 ,CHENNAI ,TAMIL NADU  Pin:600001",9791148768,royalexim786@gmail.com
POPULAR FOOD PRODUCTS,GARLIC              ,N,P1141,"XII/630,OKKAL P O, M C ROADPERUMBAVOOR ,ERNAKULAM ,KERALA  Pin:683 550",9946200200,sales.tiruvonam@gmail.com
PARAG IMPEX,TAMARIND            ,O,P896,"208 B/2, CHADDA CRESCENTSECTOR 17 ,VASHI, NAVI MUMBAI ,MAHARASHTRA  Pin:400 703",9321025757,paragimpex@yahoo.com
S.D.ENTERPRISE,TAMARIND            ,O,S2667,"161/1ANJALI BHAWAN ,KOLKATA ,WEST BENGAL  Pin:700 049",9831075365,sdenterprise.india@gmail.com
MOHANSUNDARAM EXPORTS,TAMARIND            ,O,P531,"3/79D,MAINROAD ,SALEM ,TAMIL NADU  Pin:637504",9443246363,sltextile@gmail.com
SEEDS &#38 SPICES (INDIA),TAMARIND            ,O,S587,"SAI SHIDHI BLDG. 1ST FLOOROFFICE NO. 105, PLOT NO. 165/174 ,SANPADA, NAVI MUMBAI ,MAHARASHTRA  Pin:400706",09448332766,almizan_acjohn@hotmail.com
MINEX AGENCIES,TAMARIND            ,O,M409,"71GANESH CHANDRA AVENUE ,KOLKATA ,WEST BENGAL  Pin:700013",9830043450,minx@dataone.in
AVT NATURAL PRODUCTS LIMITED,TAMARIND             SPICE OILS & OLEORES MINT OILS           ,O,T253,"60Rukmani Lakshmipathy Salai ,CHENNAI ,TAMIL NADU  Pin:600 008",9841061191,dileepraj.p@avtnatural.com
KANCOR INGREDIENTS LIMITED,TAMARIND             CURRY POWDER         SPICE OILS & OLEORES MINT OILS           ,O,K790,"5TH FLOOR, IMPERIUM 159MAROL MAROSHI ROAD,  VIJAY NAGAR ,MUMBAI ,MAHARASHTRA  Pin:400059",9995869744,imports@kancor.in
SAFA TRADELINK,TAMARIND            ,O,S2675,"4/2718VANIA SHERI ,SURAT ,GUJARAT  Pin:395003",9825123130,info@safatradelink.com
GD ENTERPRISES,TAMARIND             CURRY POWDER        ,O,G638,"302, JAMUNA APARTMENT68, OPP SHOPPERS STOP ,MUMBAI ,MAHARASHTRA  Pin:400 058",9821012234,mehta@mehtaexpo.com
OVERSEAS   TRADERS,TAMARIND            ,O,O059,"5/6,GREEN FIELD BUILDING ,MAHIM (W),MUMBAI ,MAHARASHTRA  Pin:400 016",9820033596,otmumbai@hotmail.com
INDO WORLD TRADING CORPORATION,TAMARIND             SPICE OILS & OLEORES,O,I051,"B-II/6MOHAN CO-OPERTIVE INDL. ESTATE ,NEW DELHI ,DELHI  Pin:110044",9810137932,anil@indo-world.com
AAYU IMPEX,TAMARIND             CURRY POWDER        ,O,A766,"SHOP NO.1PAVAPURI APTS ,MUMBAI ,MAHARASHTRA  Pin:400004",9820281445,aayuimpex@gmail.com
V.K. ENTERPRISE,TAMARIND            ,O,V291,"MEGHRAJ APARTMENT CHS LTDGR.FLR, SHOP NO.1,NR.AMBOLI RLY CROSSING ,JOGESHWARI (E), MUMBAI ,MAHARASHTRA  Pin:400060",9820779766,accounts@vkenterprise.org
YELOW    ZONNE,TAMARIND            ,O,Y99,"39/2BALAJI NAGAR ,COIMBATORE ,TAMIL NADU  Pin:641019",9843230108,yelowzonne@gmail.com
ARK BIOSCIENCES PVT.LTD.,NUTMEG/MACE CURRY POWDER        ,P,A1131,"9/9-D, KASTUR MAHAL, OPP. CANARA BANKSION EAST ,MUMBAI ,MAHARASHTRA  Pin:400 022",9987542780,rupali@hartfoods.com
ANN IMPEX HOUSE OF SPICES,NUTMEG/MACE,P,A918,"V/139 D, CHENGALKALADY P.O ,COCHIN ,KERALA  Pin:683 574",9847132323,annimpex@joanspices.com
M.J.K TRADERS,NUTMEG/MACE,P,M1242,"V/487 ,MANJAPRA ,KERALA  Pin:683581",09544351335,spicesmjk@gmail.com
INTER CONTINENTAL TRADERS,NUTMEG/MACE,P,I366,"30/425SPICE TOWER ,PALAKKAD ,KERALA  Pin:678014",9349610913,intercontinentalpgt@gmail.com
INTERCON ASSOCIATES,NUTMEG/MACE,P,I165,"A-6 2ND FLOORSHREE SIDDHIVINAYAK PLAZA ,ANDHERI WEST,  MUMBAI ,MAHARASHTRA  Pin:400053",9920038105,interconassociates@gmail.com
NEHA INTERNATIONAL,NUTMEG/MACE,P,N924,"130COMMODITY EXCHANGE BUILDING, 1ST FLOOR ,VASHI ,MAHARASHTRA  Pin:400705",9820277231,nehasinternational@gmail.com
BAWA MASALA COMPANY,CURRY POWDER        ,W,B026,"B-11LAWRENCE ROAD , ,DELHI  Pin:110 035",9971061295,ips@bawamasala.com
DESAI BROTHERS LTD,CURRY POWDER        ,W,D405,"1436KASBA PETH ,PUNE ,MAHARASHTRA  Pin:411 011",9326647733,vishwas@dblfood.com
MIDAS FOODS INDIA PVT. LTD,CURRY POWDER        ,W,M1342,"R-3, FLAT NO.5NEHRU ENCLAVE ,NEW DELHI ,DELHI  Pin:110 019",9837772966,accounts@midasfoods.in
INTERNATIONAL FLAVOURS &#38 FRAGRANCES INDIA PVT.LTD,CURRY POWDER        ,W,I292,"1-5SEVEN WELLS STREET ,CHENNAI ,TAMIL NADU  Pin:600016",9600980971,gopikrishnan.s@iff.com
ADF FOODS LIMITED,CURRY POWDER        ,W,A402,"83/86GIDC INDUSTRIAL ESTATE ,NADIAD, KHEDA ,GUJARAT  Pin:387001",9725634375,info@adf-foods.com
GENERAL MILLS INDIA PVT LTD,CURRY POWDER        ,W,G941,"902VENTURA ,MUMBAI ,MAHARASHTRA  Pin:400076",9892900247,devendra.k@genmills.com
BOLSTS INDIAN CONDIMENTS PVT LTD,CURRY POWDER        ,W,B055,"NO.9ASHLEY PARK ROAD ,BANGALORE ,KARNATAKA  Pin:560 001",9844135424,bolsts@bgl.vsnl.net.in
JHAVERI INDUSTRIES,CURRY POWDER        ,W,J390,"32,ANNAPURNA INDUSTRIAL ESTATE ,MUMBAI ,MAHARASHTRA  Pin:400077",9820127370,badshah@badshahmasala.com
SAMSONS TRADING COMPANY PRIVATE LIMITED,CURRY POWDER        ,W,S019,"19 TULSI 2ND FLOOR14TH ROAD ,MUMBAI ,MAHARASHTRA  Pin:400 052",9820079015,info@samsons.co.in
USHODAYA ENTERPRISES PVT. LTD.,CURRY POWDER        ,W,U015,"6 3 570EENADU COMPLEX ,HYDERABAD ,ANDHRA PRADESH  Pin:500482",8790300927,exports@priyafoods.com
FERNS FINE FOODS PVT LTD,CURRY POWDER        ,W,F270,"2722,  CLOVER HIGH LANDNIBM ROAD ,PUNE ,MAHARASHTRA  Pin:411048",9822057113,brian@ferns.co.in
DRY BLEND FOODS PRIVATE LIMITED,CURRY POWDER        ,W,D789,"FLAT NO. 5R-3 ,NEW DELHI ,DELHI  Pin:110019",9837772966,accounts@midasfoods.in
BIMALA SPICES FOOD INDUSTRIES (P) LTD.,CURRY POWDER        ,W,B607,"9-4-80/1, NANAL NAGARIIND, LANCER ROAD ,HYDERABAD ,ANDHRA PRADESH  Pin:500008",9000374033,info@bsfspices.com
CLASSIC SPICES PRIVATE LIMITED,CURRY POWDER         SPICE OILS & OLEORES,W,C341,"319WARD NO.23 ,OTTAPALAM ,KERALA  Pin:679 101",9847020696,eprajkumar@yahoo.co.in
TWILITE PRODUCTS (INDIA),CURRY POWDER        ,W,T536,"B-27/28NICE ,NASHIK ,MAHARASHTRA  Pin:422 007",9766243000,sales@twiliteonline.com
KANWAL FOODS &#38 SPICES (I) PVT.LTD,CURRY POWDER        ,W,K942,"INDUSTRIAL ESTATEKHANABAL ,ANANTNAG ,JAMMU & KASHMIR  Pin:192 101",9697700207,kfsbangalore@gmail.com
PARAS SPICES PVT LTD.,CURRY POWDER        ,W,P692,"V.P.O KHOSAPANDO ,MOGA ,PUNJAB  Pin:142 001",9815301224,paras_spices@yahoo.co.in
BHAGAT EXPORT,CURRY POWDER        ,W,B787,"02,SHIVNAGAR SOCIETY ,KADI, MEHSANA ,GUJARAT  Pin:382715",9408329455,bhagateprot242797@yahoo.com
SATVAM NUTRIFOODS LIMITED,CURRY POWDER        ,W,S2853,"203 A,B, C ,2ND FLOOR, BLOCK NO. AGANESH MERIDIAN, OPP.NEW HIGH COURT ,AHMEDABAD ,GUJARAT  Pin:380061",9879106406,satvamnutrifoods@gmail.com
AMBER FOOD AND INGREDIENTS INDIA PRIVATE LIMITED,CURRY POWDER        ,W,A1701,"38   EAST PONNURANGAM STREETRS PURAM ,COIMBATORE ,TAMIL NADU  Pin:641001",9688050333,vinotha@amberfoods.in
SEALINE IMPEX,CURRY POWDER        ,W,S1764,"11/130-HKAIRALI ,ALUVA ,KERALA  Pin:683112",9961316366,anilg.kerlakitchen@gmail.com
CLIQUE  EXPORTS  PVT. LTD.,CURRY POWDER        ,W,C294,"605, 6TH FLOOR,CRESCENT ROYALE,OFF ANDHERI LINK ROAD ,BH.HYUNDAI SHOWROOM,ANDHERI-W,MUMBAI ,MAHARASHTRA  Pin:400 053",9819632668,sales@cliqueltd.com
D.K BROTHERS,CURRY POWDER        ,W,D659,"DSOUZA COMPOUNDNEAR SANTACRUZ MANSION NO. 55 ,MUMBAI ,MAHARASHTRA  Pin:400055",9920695585,dkbrothers42@yahoo.com
SHREE ADDITIVES (PHARMA &#38 FOODS)PVT LTD,CURRY POWDER        ,W,S3236,"858-AKOTHARI ESTATE ,GANDHINAGAR ,GUJARAT  Pin:382721",9898000567,vijay@shreeadditives.com
G. A. FOODS (INDIA) PVT. LTD.,CURRY POWDER        ,W,G839,"2001 B ADITYA TOWER, BEHIND ANAND BHAVANOPP SAKKI NAGAR ,MUMBAI ,MAHARASHTRA  Pin:400004",9376635627,samir@gafood.com
LANSON VENTURES,CURRY POWDER        ,W,L236,"34POONAMALLEE HIGH ROAD ,CHENNAI ,TAMIL NADU  Pin:600107",9884504345,mail@lansonventures.com
HONEY OVERSEAS,CURRY POWDER        ,W,H438,"WZ-167, MAIN ROADUTTAM NAGAR ,NEW DELHI ,DELHI  Pin:110059",9810148875,amitgulia007@yahoo.co.in
SASHA EXPORTS UNIT OF SASHA ASSOCIATION FOR CRAFT PRODUCERS,CURRY POWDER        ,W,SG18,"1C ,KOLKATA ,WEST BENGAL  Pin:700014",9830079699,rn.jana@sashaworld.com
MERWANJEE POONJIAJEE &#38 SONS PVT. LTD.,CURRY POWDER        ,W,M076,"34P. DMELLO ROAD,34 ,MUMBAI ,MAHARASHTRA  Pin:400 009",9820059745,chutney@vsnl.com
ARYAJAN VENTURES PRIVATE LIMITED,CURRY POWDER        ,W,A2751,"103,SHUBHAM FLORA, R.C. MARG ,MUMBAI ,MAHARASHTRA  Pin:400071",9768066620,info@aryajan.com
FIVE STAR FOODS,CURRY POWDER        ,W,F186,"11RAILWAY ,PONNERI ,TAMIL NADU  Pin:601 204",9840801307,jby3k@hotmail.com
ASHWMEGH SPICES PVT. LTD,CURRY POWDER        ,W,A2895,"KHASRA NO. 26/29GALI NO. 22, LIBASPUR ,DELHI ,DELHI  Pin:110042",9810010036,peanut.jain@gmail.com
KALYAN FOODS AND  SPICES INDIA PRIVATE  LIMITED,CURRY POWDER        ,W,K839,"1/50-BPOUND ROAD ,THRISSUR ,KERALA  Pin:680014",9539000033,kalyanfoodstuff@gmail.com
SOMOCHEM INDIA PVT.LTD,CURRY POWDER        ,W,S1339,"501 , XTRIUM , 291 ANDHERI KURLA ROADNEXT TO HOLY FAMILY CHURCH , CHAKALA ,ANDHERI ,MAHARASHTRA  Pin:400093",9619281735,nilesh@somochem.com
Qualitech International Industries,CURRY POWDER        ,W,Q023,"1SUHRAWARDY AVENUE ,KOLKATA ,WEST BENGAL  Pin:700001",9830829521,qualitechinternational@gmail.com
ORBITS INTERNATIONAL,CURRY POWDER        ,W,O103,"SHOP NO.1,KUTCHI LOHANA BLDG55. MAZAGAON ROAD ,MUMBAI ,MAHARASHTRA  Pin:400010",9819076407,orbitsmanager@gmail.com
BETHANIA,CURRY POWDER        ,W,B489,"37/428PAYYAMBALAM P O , ,KERALA  Pin:670001",9645744760,bethaniakannur@gmail.com
SHUBHAM GOLDIEE MASALE  PVT LTD,CURRY POWDER        ,W,S433,"51/40GOLDIEE HOUSE ,KANPUR ,UTTAR PRADESH  Pin:208001",9839081000,sudeep.goenka@goldiee.com
SRI KRISHNA SWEETS PRIVATE LIMITED,CURRY POWDER        ,W,S3062,"NO.137 ,COIMBATORE ,TAMIL NADU  Pin:641002",9095104444,sks@srikrishnasweets.net
BABA GLOBAL LIMITED,CURRY POWDER        ,W,B411,"4873CHANDNI CHOWK ,NEW DELHI ,DELHI  Pin:110 006",9350857597,bgl@vsnl.com
GOANA FOODS,CURRY POWDER        ,W,G804,"270, GAUNCAR WADOBATIM, GOA VELHA,ILHAS ,PANAJI ,GOA  Pin:403108",8208788400,info@goanafoods.com
ROOPAK  OVERSEAS PVT. LTD,CURRY POWDER        ,W,R531,"A-21/20 ,NEW DELHI ,DELHI  Pin:110028",9811173222,roopaksince1958@yahoo.com
UNION TRADING COMPANY,CURRY POWDER        ,W,U061,"153/5GOVINDAPPA   NAICKEN   STREET ,CHENNAI ,TAMIL NADU  Pin:600 001",9841029305,utc@utcspice.co.in
SEXONA CONDIMENT COMPANY,CURRY POWDER        ,W,S1716,"1GARSTIN PLACE ,KOLKATA ,WEST BENGAL  Pin:700001",9830048980,sexona@vsnl.net
VIRTUS TRADE,CURRY POWDER        ,W,V945,"GF-14FELIX COMPLEX ,VADODARA ,GUJARAT  Pin:390023",9.19974E+11,pnair@virtustrade.com
RAGHUVANSHI EXPORTS,CURRY POWDER        ,W,R1038,"2-A, GOVT.INDL.ESTATEKANDIVALI (W) ,MUMBAI ,MAHARASHTRA  Pin:400 067",9167055188,raghuvanshiexports@rediffmail.com
AGINI TRADERS,CURRY POWDER        ,W,A2798,"OLD NO.10A, NEW NO.21/1PERIYAR NAGAR ,KARUR ,TAMIL NADU  Pin:639002",9894839408,nach12383@gmail.com
V. P. BEDEKAR &#38 SONS PVT. LTD.,CURRY POWDER        ,W,V898,"BEDEKAR SADAN NO. 356, GHARPURE PATH GIRGAUM ,GIRGAUM, MUMBAI ,MAHARASHTRA  Pin:400004",9820217484,bedekar.sales@gmail.com
SADA IMPEX,CURRY POWDER        ,W,S2939,"241/1SADA IMPEX ,CHENNAI ,TAMIL NADU  Pin:600001",9003137386,sadaimpex@gmail.com
JAYSONS,CURRY POWDER        ,W,J722,"5, LEELA NIWASMEERA BAUGH ,SANTACRUZ(W), MUMBAI ,MAHARASHTRA  Pin:400054",9892393360,jaysonsexp@gmail.com
SUDIP AND COMPANY,CURRY POWDER        ,W,S195,"A/17, 1ST FLOOR, ARISTROCRATE,LAJYA ESTATE, MOGRA ROAD, ,MUMBAI ,MAHARASHTRA  Pin:400 069",9820342308,info@sudipco.com
LT FOODS LTD,CURRY POWDER        ,W,L909,"4TH FLOOR, MVL i-PARK,SECTOR 15 ,GURGAON ,HARIYANA  Pin:122001",9812068160,namit.mehra@ltgroup.in
Sembi Trade International Pvt Ltd,CURRY POWDER        ,W,S3215,"813,6th Floor, Nizara Bonanza Building ,CHENNAI ,TAMIL NADU  Pin:600002",09488238686,sembitradeinternational@gmail.com
OMNIACTIVE HEALTH TECHNOLOGIES LTD,SPICE OILS & OLEORES,Y,O150,"UNIT NO.T-8B, 5TH FLOOR,PHOENIX HOUSE, A WING PHOENIX MILLS ,MUMBAI ,MAHARASHTRA  Pin:400 013",9819821883,s.patade@omniactives.com
SAMI LABS LIMITED,SPICE OILS & OLEORES,Y,S889,"19/1,  19/2 ,BANGALORE ,KARNATAKA  Pin:560058",9844079824,ashokrao@samilabs.com
CHENGUANG BIO-TECH (INDIA) PRIVATE LIMITED,SPICE OILS & OLEORES,Y,C482,"SY.NO.205,206 & 208MUDIGONDA VILLAGE & MANDAL ,KHAMMAM TO KODAD ROAD ,TELANGANA  Pin:507158",9440424905,indianchenguang@gmail.com
ARJUNA NATURAL PRIVATE LIMITED,SPICE OILS & OLEORES MINT OILS           ,Y,A511," ,ALWAYE,  ERNAKULAM ,KERALA  Pin:683 101",9847255235,hrd@arjunanatural.com
VIDYA HERBS PRIVATE LIMITED,SPICE OILS & OLEORES,Y,V553,"N-3-3VIDYA ,BANGALORE ,KARNATAKA  Pin:560078",9845297649,info@vidyaherbs.com
MANKO NATURAL FLAVOURS &#38 EXTRACTS PVT.LTD.,SPICE OILS & OLEORES,Y,M1005,"XI/400 F 400 GKINFRA SMALL INDUSTRIES PARK ,THRISSUR ,KERALA  Pin:680308",9496460866,info@mankospices.com
AROMATIC INGREDIENTS PVT.LTD.,SPICE OILS & OLEORES MINT OILS           ,Y,A1178,"DOOR NO- VIII/573 ,COCHIN ,KERALA  Pin:682 311",9745999837,info@aromaticingredients.in
GREENLEAF EXTRACTIONS PVT LTD,SPICE OILS & OLEORES MINT OILS           ,Y,G810,"3/150 B PULIKKAYATHEROOR NORTH ,ERNAKULAM ,KERALA  Pin:682 306",8943334017,accounts@greenleafextractions.com
UNIVERSAL OLEORESINS,SPICE OILS & OLEORES,Y,U009,"VIII/946, NAVARATNA HOUSEJAWAHAR ROAD ,COCHIN ,KERALA  Pin:682 002",9567855523,info@universaloleoresins.com
ENJAYES SPICES AND CHEMICAL OILS PVT. LTD.,SPICE OILS & OLEORES,Y,E008,"VII/434 SPICES HILLVALLICODE  PATHANAMTHITTA ,KOTTAYAM ,KERALA  Pin:689 656",8281830330,sales@enjayes.com
BIOEXTRACT,SPICE OILS & OLEORES,Y,B662,"SM 62, NGEF ANCILLARY INDUSTRIAL ESTATENEXT TO BHURUKA GASES LIMITED ,BANGALORE ,KARNATAKA  Pin:560048",09611877217,sales@bioextract.co.in
JASMINE CONCRETE  EXPORTS PVT LTD,SPICE OILS & OLEORES,Y,J332,"NO39 ,CHENNAI ,TAMIL NADU  Pin:600034",9443371241,murugesan.chitravel@jasmineindia.com
BHOOMI NATURAL PRODUCTS  &#38 EXPORTS PVT.LTD,SPICE OILS & OLEORES,Y,B642,"253ANUGRAHA 14th CROSS ROAD ,ERNAKULAM ,KERALA  Pin:682020",8089040650,mail@bhoominaturals.in
PRASAN SOLUTIONS INDIA PRIVATE LIMITED,SPICE OILS & OLEORES,Y,P966,"17 20 KINFRA BIOTECHNOLOGY AND IND ZONEOPP.GOVT. MED COLLEGE ,ERNAKULAM,KOCHI ,KERALA  Pin:683503",9746742385,sp1@prasonsolutions.com
INDO NACOP CHEMICALS LTD,SPICE OILS & OLEORES,Y,I174,"23-579VISHNUKUNDINA NAGAR ,VINUKONDA ,ANDHRA PRADESH  Pin:522647",9440968849,info.nacop@gmail.com
GESCHMACK FOOD INGREDIENT SOLUTIONS PVT.LTD,SPICE OILS & OLEORES MINT OILS           ,Y,G678,"IV/226 APOOMANGALAM PANCHAYAT ,THRISSUR ,KERALA  Pin:680688",9446764845,fd@geschmackfood.com
PIONEER EXTRACTS PVT.LTD.,SPICE OILS & OLEORES,Y,P1121,"NO.14 A, 2ND FLOOR,VICTORIA GARDENS, ,CHENNAI ,TAMIL NADU  Pin:600107",09344030549,pioneerextracts@yahoo.com
LIVLONG NUTRACEUTICALS LIMITED,SPICE OILS & OLEORES,Y,L267,"7/8,BANK ROAD ,ERNAKULAM (DIST) ,KERALA  Pin:683101",0484 4080400,mail@liv-long.com
VENUSS HERBO AROMATICS PRIVATE LIMITED,SPICE OILS & OLEORES,Y,V228,"NO. 2-CMUHAVOOR ROAD, SEITHUR ,RAJAPALAYAM, VIRUDHNAGAR DISTRICT ,TAMIL NADU  Pin:626121",7708001856,r.velusami@venuss.co.in
NATURESPRIME ORGANICS PRIVATE LTD,SPICE OILS & OLEORES,Y,N897,"ROOM NO.3/247JPARAPULLY BUILDING ,THRISSUR ,KERALA  Pin:680 652",9544737121,remyanim@gmail.com
AROMATIC AND ALLIED CHEMICALS,SPICE OILS & OLEORES MINT OILS           ,Y,A2521,"B 8, Industrial Estate, C.B. Ganj ,BAREILLY ,UTTAR PRADESH  Pin:243502",09412290048,info@aromaticandallied.com
THARAKAN AND COMPANY,SPICE OILS & OLEORES,Y,T463,"XVII / 349, 350, 351, 352, 353PARAMBIL BUILDINGS ,KOTTAYAM ,KERALA  Pin:686014",9446207691,agroproductsagencies@gmail.com
VENKATESH FOOD INDUSTRIES,SPICE OILS & OLEORES,Y,V616," ,CHHINDWARA ,MADHYA PRADESH  Pin:480002",8966902700,vfic.factory@gmail.com
BIOINGREDIA NATURAL PRIVATE LIMITED,SPICE OILS & OLEORES,Y,B904,"Suit B3Heavenly Plaza ,Kochi ,KERALA  Pin:682021",9995772973,a.mathew@bioingredia.com
ENOVATE BIOLIFE PVT LTD,SPICE OILS & OLEORES,Y,E402,"203MORYA LANDMARK I ,MUMBAI ,MAHARASHTRA  Pin:400053",7738394151,logistics@enovatebiolife.com
POLYHEDRON LABORATORIES PRIVATE LIMITED,SPICE OILS & OLEORES,Y,P1152,"49/12IV CROSS (WEST) ,ERODE ,TAMIL NADU  Pin:638011",9865270710,sss@phytoformulations.com
VAISHALI INDUSTRIES,SPICE OILS & OLEORES MINT OILS           ,Y,V508,"XXXIII/577/578/ 605A,801,802A,802A1 ,KOCHI, ,KERALA  Pin:683104",9446359187,vijaydeo@vsnl.net
NATURAL &#38 ESSENTIAL OILS PRIVATE LIMITED,SPICE OILS & OLEORES,Y,N923,"74/2BNESSO ,MYSORE ,KARNATAKA  Pin:570008",9845130303,anirudh@nesso.com
INDIAN ARK EXPORTS,SPICE OILS & OLEORES,Y,I373,"34/21 I FLOOR-B  SAROJINI ROADCHINNA CHOKKIKULAM ,MADURAI ,TAMIL NADU  Pin:625 002",9842888171,anand@indianarkexports.com
NATURITE AGRO PRODUCTS LIMITED,SPICE OILS & OLEORES,Y,N202,"SY.NO.711-713LALGADI MALAKPET (V) ,SHAMIRPET (M), RANGA REDDY DIST ,ANDHRA PRADESH  Pin:500078",09866519995,naturite@gmail.com
CARDAMOM PRODUCTS  (P) LTD,SPICE OILS & OLEORES,Y,C003,"1/294Y.PUDUPATTI, ARUMBANUR POST ,MADURAI ,TAMIL NADU  Pin:625104",9344101683,mithun.rajamannar@gmail.com
K V NATURAL INGREDIENTS PVT LTD,SPICE OILS & OLEORES,Y,K1589,"3 /6 /475   HIMAYAT  NAGAR  MAIN  ROADBESIDE  HDFC  BANK  HYDERABAD ,HYDERABAD ,TELANGANA  Pin:500029",9848097441,sales@kvnaturals.com
POLYHEDRON,SPICE OILS & OLEORES,Y,P631,"30, TOWERLINE COLONYCOLLECTORATE P.O. ,ERODE ,TAMIL NADU  Pin:638 011",9865270710,sss@phytoformulations.com
SRI PRABHA LIFE SCIENCES,SPICE OILS & OLEORES,Y,S2744,"PLOT NO. 422, SY NO 435,437,437CAP II, C-I,  ALA GROWTH CENTRE ,PRAKASHAM DIST ,ANDHRA PRADESH  Pin:521447",7396676080,info@splsgroup.in
FRUITION NATURAL EXTRACTS PRIVATE LIMITED,SPICE OILS & OLEORES,Y,F306,"VI/538KPM COMPLEX ,MALAPPURAM ,KERALA  Pin:673635",9847300189,boby@fruition.in.net
MANOHAR BOTANICAL EXTRACTS PVT LTD,SPICE OILS & OLEORES,Y,M1013,"X/762RAMACHATHOTTAM ,NILAMBUR, MALAPPURAM DIST ,KERALA  Pin:679330",8547520304,info@mbextracts.com
HINDUSTAN MINT & AGRO PRODUCTS PVT.LTD,MINT OILS           ,Z,H264,"BAREHSENI STREETCHANDAUSI ,CHANDAUSI ,UTTAR PRADESH  Pin:202412",9837035069,hindustan@sancharnet.in
KAIZEN ORGANICS PVT. LTD,MINT OILS           ,Z,K587,"205,  WINDSOR PLAZAS.C.ROAD ,JAIPUR ,RAJASTHAN  Pin:302 001",91-141-5113584,kaizen@datainfosys.net
