2024-10-23T10:15:18.861Z [INFO]: Generating unique filename. {"filename":"1729678518858-887433185-YoxazVerse"}
2024-10-23T10:15:18.866Z [INFO]: Setting upload destination. {"uploadPath":"Z:\\Project\\Web Developing\\Works\\Backend\\Activity_Tracking\\activity-tracking-backend\\uploads\\"}
2024-10-23T10:15:19.102Z [INFO]: File uploaded successfully. {"fileId":"6718ccb63698b366d3390385","filePath":"projects-projectId123\\activities-activityId456\\timesheets-timesheetId789\\1729678518858-887433185-YoxazVerse"}
2024-10-23T10:16:17.271Z [INFO]: Generating unique filename. {"filename":"1729678577270-988679070-Jacob"}
2024-10-23T10:16:17.272Z [INFO]: Setting upload destination. {"uploadPath":"Z:\\Project\\Web Developing\\Works\\Backend\\Activity_Tracking\\activity-tracking-backend\\uploads\\"}
2024-10-23T10:16:17.382Z [INFO]: File uploaded successfully. {"fileId":"6718ccf13698b366d339038c","filePath":"projects-projectId123\\activities-activityId456\\timesheets-timesheetId789\\1729678577270-988679070-Jacob"}
2024-10-23T10:22:45.576Z [INFO]: Generating unique filename. {"filename":"1729678965576-330997859-Jacob"}
2024-10-23T10:22:45.577Z [INFO]: Setting upload destination. {"uploadPath":"Z:\\Project\\Web Developing\\Works\\Backend\\Activity_Tracking\\activity-tracking-backend\\uploads\\"}
2024-10-23T10:22:45.757Z [INFO]: Generating unique filename. {"filename":"1729678965757-125572269-Jacob"}
2024-10-23T10:22:45.759Z [INFO]: Setting upload destination. {"uploadPath":"Z:\\Project\\Web Developing\\Works\\Backend\\Activity_Tracking\\activity-tracking-backend\\uploads\\"}
2024-10-23T10:22:46.076Z [INFO]: Generating unique filename. {"filename":"1729678966076-736598346-Jacob"}
2024-10-23T10:22:46.077Z [INFO]: Setting upload destination. {"uploadPath":"Z:\\Project\\Web Developing\\Works\\Backend\\Activity_Tracking\\activity-tracking-backend\\uploads\\"}
2024-10-23T10:22:46.697Z [INFO]: Generating unique filename. {"filename":"1729678966697-817161119-Jacob"}
2024-10-23T10:22:46.699Z [INFO]: Setting upload destination. {"uploadPath":"Z:\\Project\\Web Developing\\Works\\Backend\\Activity_Tracking\\activity-tracking-backend\\uploads\\"}
2024-10-23T10:23:20.298Z [INFO]: Generating unique filename. {"filename":"1729679000298-910532298-sasas"}
2024-10-23T10:23:20.301Z [INFO]: Setting upload destination. {"uploadPath":"Z:\\Project\\Web Developing\\Works\\Backend\\Activity_Tracking\\activity-tracking-backend\\uploads\\"}
2024-10-23T10:23:20.476Z [INFO]: Generating unique filename. {"filename":"1729679000476-410013594-sasas"}
2024-10-23T10:23:20.477Z [INFO]: Setting upload destination. {"uploadPath":"Z:\\Project\\Web Developing\\Works\\Backend\\Activity_Tracking\\activity-tracking-backend\\uploads\\"}
2024-10-23T10:23:20.798Z [INFO]: Generating unique filename. {"filename":"1729679000798-57849831-sasas"}
2024-10-23T10:23:20.799Z [INFO]: Setting upload destination. {"uploadPath":"Z:\\Project\\Web Developing\\Works\\Backend\\Activity_Tracking\\activity-tracking-backend\\uploads\\"}
2024-10-23T10:23:21.424Z [INFO]: Generating unique filename. {"filename":"1729679001423-467727550-sasas"}
2024-10-23T10:23:21.424Z [INFO]: Setting upload destination. {"uploadPath":"Z:\\Project\\Web Developing\\Works\\Backend\\Activity_Tracking\\activity-tracking-backend\\uploads\\"}
2024-10-23T10:23:43.699Z [INFO]: Generating unique filename. {"filename":"1729679023698-65851976-sasas"}
2024-10-23T10:23:43.700Z [INFO]: Setting upload destination. {"uploadPath":"Z:\\Project\\Web Developing\\Works\\Backend\\Activity_Tracking\\activity-tracking-backend\\uploads\\"}
2024-10-23T10:23:43.875Z [INFO]: Generating unique filename. {"filename":"1729679023875-89729362-sasas"}
2024-10-23T10:23:43.876Z [INFO]: Setting upload destination. {"uploadPath":"Z:\\Project\\Web Developing\\Works\\Backend\\Activity_Tracking\\activity-tracking-backend\\uploads\\"}
2024-10-23T10:23:44.194Z [INFO]: Generating unique filename. {"filename":"1729679024194-396919655-sasas"}
2024-10-23T10:23:44.195Z [INFO]: Setting upload destination. {"uploadPath":"Z:\\Project\\Web Developing\\Works\\Backend\\Activity_Tracking\\activity-tracking-backend\\uploads\\"}
2024-10-23T10:23:44.814Z [INFO]: Generating unique filename. {"filename":"1729679024814-111023239-sasas"}
2024-10-23T10:23:44.815Z [INFO]: Setting upload destination. {"uploadPath":"Z:\\Project\\Web Developing\\Works\\Backend\\Activity_Tracking\\activity-tracking-backend\\uploads\\"}
2024-10-23T12:23:36.524Z [INFO]: MongoDB Connected: italy-activity-shard-00-00.kk3db.mongodb.net 
2024-10-23T12:26:32.702Z [INFO]: MongoDB Connected: italy-activity-shard-00-00.kk3db.mongodb.net 
2024-10-23T12:34:28.291Z [INFO]: MongoDB Connected: italy-activity-shard-00-01.kk3db.mongodb.net 
2024-10-23T12:55:21.447Z [INFO]: MongoDB Connected: italy-activity-shard-00-01.kk3db.mongodb.net 
2024-10-23T12:57:53.521Z [INFO]: MongoDB Connected: italy-activity-shard-00-00.kk3db.mongodb.net 
2024-10-23T13:09:46.360Z [INFO]: MongoDB Connected: italy-activity-shard-00-02.kk3db.mongodb.net 
2024-10-23T13:31:21.784Z [INFO]: MongoDB Connected: italy-activity-shard-00-00.kk3db.mongodb.net 
2024-10-23T13:35:01.415Z [ERROR]: Multer Error during multiple file upload. {"error":"\"BASE_URL\" is required"}
2024-10-23T13:35:28.003Z [ERROR]: Env Missing :  {"error":"\"BASE_URL\" is required"}
2024-10-23T13:36:22.665Z [ERROR]: MongoDB Connection Error: {"error":"Could not connect to any servers in your MongoDB Atlas cluster. One common reason is that you're trying to access the database from an IP that isn't whitelisted. Make sure your current IP address is on your Atlas cluster's IP whitelist: https://www.mongodb.com/docs/atlas/security-whitelist/"}
2024-10-23T13:37:53.355Z [INFO]: MongoDB Connected: italy-activity-shard-00-01.kk3db.mongodb.net 
2024-10-23T13:55:44.856Z [INFO]: MongoDB Connected: italy-activity-shard-00-02.kk3db.mongodb.net 
2024-10-23T13:59:09.510Z [INFO]: MongoDB Connected: italy-activity-shard-00-00.kk3db.mongodb.net 
2024-10-23T13:59:45.820Z [INFO]: MongoDB Connected: italy-activity-shard-00-00.kk3db.mongodb.net 
2024-10-23T14:00:10.052Z [INFO]: Setting dynamic upload destination. {"uploadPath":"Z:\\Project\\Web Developing\\Works\\Backend\\Activity_Tracking\\activity-tracking-backend\\uploads\\projects-projectId123\\activities-activityId456\\timesheets-timesheetId789"}
2024-10-23T14:00:10.056Z [INFO]: Generating unique filename. {"filename":"1729692010055-758744495-efdvs"}
2024-10-23T14:00:10.171Z [INFO]: Multiple files uploaded successfully. {"fileIds":["6719016a3a26ba239987cc37"]}
2024-10-23T17:41:38.386Z [ERROR]: unhandledRejection: getaddrinfo ENOTFOUND italy-activity-shard-00-00.kk3db.mongodb.net
MongoServerSelectionError: getaddrinfo ENOTFOUND italy-activity-shard-00-00.kk3db.mongodb.net
    at Topology.selectServer (Z:\Project\Web Developing\Works\Backend\Activity_Tracking\activity-tracking-backend\node_modules\mongodb\src\sdam\topology.ts:610:30)
    at async executeOperation (Z:\Project\Web Developing\Works\Backend\Activity_Tracking\activity-tracking-backend\node_modules\mongodb\src\operations\execute_operation.ts:155:18)
    at async Collection.insertOne (Z:\Project\Web Developing\Works\Backend\Activity_Tracking\activity-tracking-backend\node_modules\mongodb\src\collection.ts:269:12) {"error":{"reason":{"type":"ReplicaSetNoPrimary","servers":{"italy-activity-shard-00-00.kk3db.mongodb.net:27017":{"address":"italy-activity-shard-00-00.kk3db.mongodb.net:27017","type":"Unknown","hosts":[],"passives":[],"arbiters":[],"tags":{},"minWireVersion":0,"maxWireVersion":0,"roundTripTime":-1,"minRoundTripTime":0,"lastUpdateTime":867074473,"lastWriteDate":0,"error":{},"topologyVersion":null,"setName":null,"setVersion":null,"electionId":null,"logicalSessionTimeoutMinutes":null,"primary":null,"me":null,"$clusterTime":null},"italy-activity-shard-00-01.kk3db.mongodb.net:27017":{"address":"italy-activity-shard-00-01.kk3db.mongodb.net:27017","type":"Unknown","hosts":[],"passives":[],"arbiters":[],"tags":{},"minWireVersion":0,"maxWireVersion":0,"roundTripTime":-1,"minRoundTripTime":0,"lastUpdateTime":867074473,"lastWriteDate":0,"error":{},"topologyVersion":null,"setName":null,"setVersion":null,"electionId":null,"logicalSessionTimeoutMinutes":null,"primary":null,"me":null,"$clusterTime":null},"italy-activity-shard-00-02.kk3db.mongodb.net:27017":{"address":"italy-activity-shard-00-02.kk3db.mongodb.net:27017","type":"Unknown","hosts":[],"passives":[],"arbiters":[],"tags":{},"minWireVersion":0,"maxWireVersion":0,"roundTripTime":-1,"minRoundTripTime":0,"lastUpdateTime":867074473,"lastWriteDate":0,"error":{},"topologyVersion":null,"setName":null,"setVersion":null,"electionId":null,"logicalSessionTimeoutMinutes":null,"primary":null,"me":null,"$clusterTime":null}},"stale":false,"compatible":true,"heartbeatFrequencyMS":10000,"localThresholdMS":15,"setName":"atlas-iwwsbx-shard-0","maxElectionId":{"$oid":"7fffffff0000000000000008"},"maxSetVersion":1,"commonWireVersion":0,"logicalSessionTimeoutMinutes":null}},"stack":"MongoServerSelectionError: getaddrinfo ENOTFOUND italy-activity-shard-00-00.kk3db.mongodb.net\n    at Topology.selectServer (Z:\\Project\\Web Developing\\Works\\Backend\\Activity_Tracking\\activity-tracking-backend\\node_modules\\mongodb\\src\\sdam\\topology.ts:610:30)\n    at async executeOperation (Z:\\Project\\Web Developing\\Works\\Backend\\Activity_Tracking\\activity-tracking-backend\\node_modules\\mongodb\\src\\operations\\execute_operation.ts:155:18)\n    at async Collection.insertOne (Z:\\Project\\Web Developing\\Works\\Backend\\Activity_Tracking\\activity-tracking-backend\\node_modules\\mongodb\\src\\collection.ts:269:12)","rejection":true,"date":"Wed Oct 23 2024 23:11:38 GMT+0530 (India Standard Time)","process":{"pid":37108,"uid":null,"gid":null,"cwd":"Z:\\Project\\Web Developing\\Works\\Backend\\Activity_Tracking\\activity-tracking-backend","execPath":"C:\\Program Files\\nodejs\\node.exe","version":"v20.12.0","argv":["Z:\\Project\\Web Developing\\Works\\Backend\\Activity_Tracking\\activity-tracking-backend\\node_modules\\ts-node\\dist\\bin.js","Z:\\Project\\Web Developing\\Works\\Backend\\Activity_Tracking\\activity-tracking-backend\\src\\index.ts"],"memoryUsage":{"rss":109543424,"heapTotal":294051840,"heapUsed":286109384,"external":25998295,"arrayBuffers":22983065}},"os":{"loadavg":[0,0,0],"uptime":867041.937},"trace":[{"column":30,"file":"Z:\\Project\\Web Developing\\Works\\Backend\\Activity_Tracking\\activity-tracking-backend\\node_modules\\mongodb\\src\\sdam\\topology.ts","function":"Topology.selectServer","line":610,"method":"selectServer","native":false},{"column":18,"file":"Z:\\Project\\Web Developing\\Works\\Backend\\Activity_Tracking\\activity-tracking-backend\\node_modules\\mongodb\\src\\operations\\execute_operation.ts","function":"async executeOperation","line":155,"method":null,"native":false},{"column":12,"file":"Z:\\Project\\Web Developing\\Works\\Backend\\Activity_Tracking\\activity-tracking-backend\\node_modules\\mongodb\\src\\collection.ts","function":"async Collection.insertOne","line":269,"method":"insertOne","native":false}]}
2024-10-23T17:45:03.793Z [INFO]: MongoDB Connected: italy-activity-shard-00-01.kk3db.mongodb.net 
2024-10-23T17:46:15.351Z [INFO]: Setting dynamic upload destination. {"uploadPath":"Z:\\Project\\Web Developing\\Works\\Backend\\Activity_Tracking\\activity-tracking-backend\\uploads\\projects-projectId123\\activities-activityId456\\timesheets-timesheetId789"}
2024-10-23T17:46:15.353Z [INFO]: Generating unique filename. {"filename":"1729705575353-534639275-YoxazVerse"}
2024-10-23T17:46:15.440Z [INFO]: Multiple files uploaded successfully. {"fileIds":["671936676379d96363052370"]}
2024-10-23T17:55:29.743Z [ERROR]: MongoDB Connection Error: {"error":"connection timed out"}
2024-10-23T17:56:38.847Z [INFO]: MongoDB Connected: italy-activity-shard-00-01.kk3db.mongodb.net 
2024-10-23T17:58:48.674Z [INFO]: Setting dynamic upload destination. {"uploadPath":"Z:\\Project\\Web Developing\\Works\\Backend\\Activity_Tracking\\activity-tracking-backend\\uploads\\projects-projectId123\\activities-activityId456\\timesheets-timesheetId789"}
2024-10-23T17:58:48.678Z [INFO]: Generating unique filename. {"filename":"1729706328676-642417830-YoxazVersefdfd"}
2024-10-23T17:58:48.762Z [INFO]: Multiple files uploaded successfully. {"fileIds":["6719395828ba08542cab90cc"]}
2024-10-23T18:06:28.052Z [INFO]: MongoDB Connected: italy-activity-shard-00-02.kk3db.mongodb.net 
2024-10-23T19:07:02.258Z [INFO]: Setting dynamic upload destination. {"uploadPath":"Z:\\Project\\Web Developing\\Works\\Backend\\Activity_Tracking\\activity-tracking-backend\\uploads\\projects-projectId123\\activities-activityId456\\timesheets-timesheetId789"}
2024-10-23T19:07:02.262Z [INFO]: Generating unique filename. {"filename":"1729710422261-587908214-swsadsa"}
2024-10-23T20:26:52.339Z [INFO]: MongoDB Connected: italy-activity-shard-00-00.kk3db.mongodb.net 
2024-10-23T21:11:38.889Z [INFO]: MongoDB Connected: italy-activity-shard-00-02.kk3db.mongodb.net 
2024-10-24T11:07:29.957Z [INFO]: MongoDB Connected: italy-activity-shard-00-01.kk3db.mongodb.net 
2024-10-24T11:08:17.488Z [INFO]: MongoDB Connected: italy-activity-shard-00-02.kk3db.mongodb.net 
2024-10-24T11:30:02.352Z [ERROR]: MongoDB Connection Error: {"error":"querySrv ETIMEOUT _mongodb._tcp.italy-activity.kk3db.mongodb.net"}
2024-10-24T11:30:18.520Z [ERROR]: MongoDB Connection Error: {"error":"querySrv ETIMEOUT _mongodb._tcp.italy-activity.kk3db.mongodb.net"}
2024-10-24T12:39:17.541Z [INFO]: MongoDB Connected: italy-activity-shard-00-02.kk3db.mongodb.net 
2024-10-24T12:40:22.871Z [INFO]: MongoDB Connected: italy-activity-shard-00-01.kk3db.mongodb.net 
2024-10-24T12:42:55.634Z [INFO]: MongoDB Connected: italy-activity-shard-00-02.kk3db.mongodb.net 
2024-10-24T12:44:48.337Z [INFO]: MongoDB Connected: italy-activity-shard-00-01.kk3db.mongodb.net 
2024-10-24T12:53:47.464Z [INFO]: MongoDB Connected: italy-activity-shard-00-02.kk3db.mongodb.net 
2024-10-24T12:55:25.744Z [INFO]: MongoDB Connected: italy-activity-shard-00-01.kk3db.mongodb.net 
2024-10-24T13:00:15.796Z [INFO]: MongoDB Connected: italy-activity-shard-00-01.kk3db.mongodb.net 
2024-10-24T13:00:54.559Z [INFO]: MongoDB Connected: italy-activity-shard-00-01.kk3db.mongodb.net 
2024-10-24T13:03:35.772Z [INFO]: MongoDB Connected: italy-activity-shard-00-00.kk3db.mongodb.net 
2024-10-24T13:14:55.254Z [ERROR]: MongoDB Connection Error: {"error":"querySrv ETIMEOUT _mongodb._tcp.italy-activity.kk3db.mongodb.net"}
2024-10-24T13:18:17.681Z [ERROR]: MongoDB Connection Error: {"error":"Could not connect to any servers in your MongoDB Atlas cluster. One common reason is that you're trying to access the database from an IP that isn't whitelisted. Make sure your current IP address is on your Atlas cluster's IP whitelist: https://www.mongodb.com/docs/atlas/security-whitelist/"}
2024-10-24T13:19:09.814Z [ERROR]: MongoDB Connection Error: {"error":"Server selection timed out after 30000 ms"}
2024-10-24T13:23:13.464Z [INFO]: MongoDB Connected: italy-activity-shard-00-02.kk3db.mongodb.net 
2024-10-24T13:26:36.670Z [INFO]: MongoDB Connected: italy-activity-shard-00-00.kk3db.mongodb.net 
2024-10-24T13:28:20.255Z [INFO]: MongoDB Connected: italy-activity-shard-00-00.kk3db.mongodb.net 
2024-10-24T13:34:25.405Z [ERROR]: MongoDB Connection Error: {"error":"querySrv ETIMEOUT _mongodb._tcp.italy-activity.kk3db.mongodb.net"}
2024-10-24T13:36:37.935Z [ERROR]: MongoDB Connection Error: {"error":"Server selection timed out after 30000 ms"}
2024-10-24T13:37:51.461Z [INFO]: MongoDB Connected: italy-activity-shard-00-00.kk3db.mongodb.net 
2024-10-24T13:40:48.207Z [INFO]: MongoDB Connected: italy-activity-shard-00-01.kk3db.mongodb.net 
2024-10-24T13:44:55.522Z [INFO]: MongoDB Connected: italy-activity-shard-00-00.kk3db.mongodb.net 
2024-10-24T13:50:50.164Z [ERROR]: MongoDB Connection Error: {"error":"connection timed out"}
2024-10-24T13:51:35.330Z [ERROR]: MongoDB Connection Error: {"error":"Server selection timed out after 30000 ms"}
2024-10-24T13:59:46.469Z [ERROR]: MongoDB Connection Error: {"error":"Server selection timed out after 30000 ms"}
2024-10-24T14:00:32.942Z [ERROR]: MongoDB Connection Error: {"error":"Could not connect to any servers in your MongoDB Atlas cluster. One common reason is that you're trying to access the database from an IP that isn't whitelisted. Make sure your current IP address is on your Atlas cluster's IP whitelist: https://www.mongodb.com/docs/atlas/security-whitelist/"}
2024-10-24T14:01:15.320Z [ERROR]: MongoDB Connection Error: {"error":"Server selection timed out after 30000 ms"}
2024-10-24T14:02:21.198Z [ERROR]: MongoDB Connection Error: {"error":"Could not connect to any servers in your MongoDB Atlas cluster. One common reason is that you're trying to access the database from an IP that isn't whitelisted. Make sure your current IP address is on your Atlas cluster's IP whitelist: https://www.mongodb.com/docs/atlas/security-whitelist/"}
2024-10-24T14:05:35.440Z [INFO]: MongoDB Connected: italy-activity-shard-00-00.kk3db.mongodb.net 
2024-10-24T14:07:15.623Z [INFO]: MongoDB Connected: italy-activity-shard-00-00.kk3db.mongodb.net 
2024-10-24T16:58:27.987Z [INFO]: MongoDB Connected: italy-activity-shard-00-02.kk3db.mongodb.net 
2024-10-24T16:58:46.044Z [INFO]: Setting dynamic upload destination. {"uploadPath":"Z:\\Project\\Web Developing\\Works\\Backend\\Activity_Tracking\\activity-tracking-backend\\uploads\\projects-projectId123\\activities-activityId456\\timesheets-timesheetId789"}
2024-10-24T16:58:46.048Z [INFO]: Generating unique filename. {"filename":"1729789126047-547628915-dsvx"}
2024-10-24T16:59:59.109Z [INFO]: MongoDB Connected: italy-activity-shard-00-01.kk3db.mongodb.net 
2024-10-24T17:06:25.106Z [ERROR]: MongoDB Connection Error: {"error":"Could not connect to any servers in your MongoDB Atlas cluster. One common reason is that you're trying to access the database from an IP that isn't whitelisted. Make sure your current IP address is on your Atlas cluster's IP whitelist: https://www.mongodb.com/docs/atlas/security-whitelist/"}
2024-10-24T17:06:59.204Z [INFO]: MongoDB Connected: italy-activity-shard-00-02.kk3db.mongodb.net 
2024-10-24T17:07:42.546Z [INFO]: Setting dynamic upload destination. {"uploadPath":"Z:\\Project\\Web Developing\\Works\\Backend\\Activity_Tracking\\activity-tracking-backend\\uploads\\projects-projectId123\\activities-activityId456\\timesheets-timesheetId789"}
2024-10-24T17:07:42.548Z [INFO]: Generating unique filename. {"filename":"1729789662548-870382729-adffsdsd"}
2024-10-24T17:08:14.063Z [INFO]: Setting dynamic upload destination. {"uploadPath":"Z:\\Project\\Web Developing\\Works\\Backend\\Activity_Tracking\\activity-tracking-backend\\uploads\\projects-projectId123\\activities-activityId456\\timesheets-timesheetId789"}
2024-10-24T17:08:14.066Z [INFO]: Generating unique filename. {"filename":"1729789694065-604474446-ddddd"}
2024-10-24T17:10:19.094Z [INFO]: MongoDB Connected: italy-activity-shard-00-00.kk3db.mongodb.net 
2024-10-24T17:11:28.988Z [INFO]: MongoDB Connected: italy-activity-shard-00-01.kk3db.mongodb.net 
2024-10-24T17:11:48.541Z [INFO]: Setting dynamic upload destination. {"uploadPath":"Z:\\Project\\Web Developing\\Works\\Backend\\Activity_Tracking\\activity-tracking-backend\\uploads\\projects-projectId123\\activities-activityId456\\timesheets-timesheetId789"}
2024-10-24T17:11:48.546Z [INFO]: Generating unique filename. {"filename":"1729789908545-468145915-SCxxzc"}
2024-10-24T17:13:51.159Z [INFO]: Setting dynamic upload destination. {"uploadPath":"Z:\\Project\\Web Developing\\Works\\Backend\\Activity_Tracking\\activity-tracking-backend\\uploads\\projects-projectId123\\activities-activityId456\\timesheets-timesheetId789"}
2024-10-24T17:13:51.161Z [INFO]: Generating unique filename. {"filename":"1729790031160-376887076-xcvcvxcc"}
2024-10-24T17:18:28.554Z [INFO]: MongoDB Connected: italy-activity-shard-00-02.kk3db.mongodb.net 
2024-10-24T17:22:10.169Z [INFO]: MongoDB Connected: italy-activity-shard-00-00.kk3db.mongodb.net 
2024-10-24T17:24:43.649Z [ERROR]: MongoDB Connection Error: {"error":"Server selection timed out after 30000 ms"}
2024-10-24T17:26:09.897Z [INFO]: MongoDB Connected: italy-activity-shard-00-02.kk3db.mongodb.net 
2024-10-24T17:29:50.498Z [INFO]: Setting dynamic upload destination. {"uploadPath":"Z:\\Project\\Web Developing\\Works\\Backend\\Activity_Tracking\\activity-tracking-backend\\uploads\\projects-projectId123\\activities-activityId456\\timesheets-timesheetId789"}
2024-10-24T17:29:50.502Z [INFO]: Generating unique filename. {"filename":"1729790990501-587694072-dffdfd"}
2024-10-24T17:30:20.550Z [ERROR]: File Upload Error: {"error":"Failed to create files: connection timed out"}
2024-10-24T17:30:20.719Z [INFO]: Setting dynamic upload destination. {"uploadPath":"Z:\\Project\\Web Developing\\Works\\Backend\\Activity_Tracking\\activity-tracking-backend\\uploads\\projects-projectId123\\activities-activityId456\\timesheets-timesheetId789"}
2024-10-24T17:30:20.720Z [INFO]: Generating unique filename. {"filename":"1729791020720-738006175-dffdfd"}
2024-10-24T17:30:50.748Z [ERROR]: File Upload Error: {"error":"Failed to create files: connection timed out"}
2024-10-24T17:34:52.712Z [INFO]: Setting dynamic upload destination. {"uploadPath":"Z:\\Project\\Web Developing\\Works\\Backend\\Activity_Tracking\\activity-tracking-backend\\uploads\\projects-projectId123\\activities-activityId456\\timesheets-timesheetId789"}
2024-10-24T17:34:52.714Z [INFO]: Generating unique filename. {"filename":"1729791292714-721761414-eewe"}
2024-10-24T17:35:14.343Z [INFO]: Setting dynamic upload destination. {"uploadPath":"Z:\\Project\\Web Developing\\Works\\Backend\\Activity_Tracking\\activity-tracking-backend\\uploads\\projects-projectId123\\activities-activityId456\\timesheets-timesheetId789"}
2024-10-24T17:35:14.346Z [INFO]: Generating unique filename. {"filename":"1729791314345-525515498-YoxazVerse"}
2024-10-24T18:14:53.963Z [INFO]: MongoDB Connected: italy-activity-shard-00-02.kk3db.mongodb.net 
2024-10-24T18:27:40.982Z [INFO]: MongoDB Connected: italy-activity-shard-00-01.kk3db.mongodb.net 
2024-10-24T18:42:36.740Z [INFO]: Setting dynamic upload destination. {"uploadPath":"Z:\\Project\\Web Developing\\Works\\Backend\\Activity_Tracking\\activity-tracking-backend\\uploads\\projects-projectId123\\activities-activityId456\\timesheets-timesheetId789"}
2024-10-24T18:42:36.749Z [INFO]: Generating unique filename. {"filename":"1729795356748-171684645-kokokok"}
2024-10-24T20:11:27.858Z [INFO]: Setting dynamic upload destination. {"uploadPath":"Z:\\Project\\Web Developing\\Works\\Backend\\Activity_Tracking\\activity-tracking-backend\\uploads\\projects-projectId123\\activities-activityId456\\timesheets-timesheetId789"}
2024-10-24T20:11:27.874Z [INFO]: Generating unique filename. {"filename":"1729800687870-255993422-aaaa"}
2024-10-24T20:16:59.434Z [INFO]: Setting dynamic upload destination. {"uploadPath":"Z:\\Project\\Web Developing\\Works\\Backend\\Activity_Tracking\\activity-tracking-backend\\uploads\\projects-projectId123\\activities-activityId456\\timesheets-timesheetId789"}
2024-10-24T20:16:59.436Z [INFO]: Generating unique filename. {"filename":"1729801019435-916050137-ssssfeef"}
2024-10-24T20:19:12.773Z [INFO]: Setting dynamic upload destination. {"uploadPath":"Z:\\Project\\Web Developing\\Works\\Backend\\Activity_Tracking\\activity-tracking-backend\\uploads\\projects-projectId123\\activities-activityId456\\timesheets-timesheetId789"}
2024-10-24T20:19:12.775Z [INFO]: Generating unique filename. {"filename":"1729801152775-586532740-aereazzz"}
2024-10-25T10:24:24.890Z [ERROR]: MongoDB Connection Error: {"error":"querySrv ETIMEOUT _mongodb._tcp.italy-activity.kk3db.mongodb.net"}
2024-10-25T11:35:54.093Z [INFO]: MongoDB Connected: italy-activity-shard-00-00.kk3db.mongodb.net 
2024-10-25T17:11:25.674Z [INFO]: MongoDB Connected: italy-activity-shard-00-01.kk3db.mongodb.net 
2024-10-25T18:35:14.842Z [INFO]: Setting dynamic upload destination. {"uploadPath":"Z:\\Project\\Web Developing\\Works\\Backend\\Activity_Tracking\\activity-tracking-backend\\uploads\\projects-projectId123\\activities-activityId456\\timesheets-timesheetId789"}
2024-10-25T18:35:14.845Z [INFO]: Generating unique filename. {"filename":"1729881314845-421630197-WDSEWRGSD"}
2024-10-25T20:28:08.565Z [ERROR]: MongoDB Connection Error: {"error":"querySrv ETIMEOUT _mongodb._tcp.italy-activity.kk3db.mongodb.net"}
2024-10-25T20:31:54.610Z [INFO]: MongoDB Connected: italy-activity-shard-00-01.kk3db.mongodb.net 
2024-10-26T10:06:14.555Z [INFO]: MongoDB Connected: italy-activity-shard-00-02.kk3db.mongodb.net 
2024-10-26T13:15:32.690Z [INFO]: Setting dynamic upload destination. {"uploadPath":"Z:\\Project\\Web Developing\\Works\\Backend\\Activity_Tracking\\activity-tracking-backend\\uploads\\projects-projectId123\\activities-activityId456\\timesheets-timesheetId789"}
2024-10-26T13:15:32.692Z [INFO]: Generating unique filename. {"filename":"1729948532691-764162287-JacobAlwin"}
2024-10-26T14:41:41.462Z [INFO]: MongoDB Connected: italy-activity-shard-00-00.kk3db.mongodb.net 
2024-10-26T14:48:06.692Z [INFO]: MongoDB Connected: italy-activity-shard-00-01.kk3db.mongodb.net 
2024-10-26T14:48:06.724Z [INFO]: MongoDB Connected: italy-activity-shard-00-01.kk3db.mongodb.net 
2024-10-26T14:53:08.460Z [INFO]: MongoDB Connected: italy-activity-shard-00-02.kk3db.mongodb.net 
2024-10-26T14:53:19.908Z [INFO]: MongoDB Connected: italy-activity-shard-00-02.kk3db.mongodb.net 
2024-10-26T14:57:04.210Z [INFO]: MongoDB Connected: italy-activity-shard-00-02.kk3db.mongodb.net 
2024-10-26T14:57:04.278Z [INFO]: MongoDB Connected: italy-activity-shard-00-02.kk3db.mongodb.net 
2024-10-26T14:58:17.444Z [INFO]: MongoDB Connected: italy-activity-shard-00-02.kk3db.mongodb.net 
2024-10-26T15:03:40.593Z [INFO]: MongoDB Connected: italy-activity-shard-00-01.kk3db.mongodb.net 
2024-10-26T15:03:40.607Z [INFO]: MongoDB Connected: italy-activity-shard-00-01.kk3db.mongodb.net 
2024-10-26T15:04:56.312Z [INFO]: MongoDB Connected: italy-activity-shard-00-01.kk3db.mongodb.net 
2024-10-26T15:04:56.323Z [INFO]: MongoDB Connected: italy-activity-shard-00-01.kk3db.mongodb.net 
2024-10-26T15:05:41.048Z [INFO]: MongoDB Connected: italy-activity-shard-00-02.kk3db.mongodb.net 
2024-10-26T15:05:41.049Z [INFO]: MongoDB Connected: italy-activity-shard-00-02.kk3db.mongodb.net 
2024-10-26T15:26:01.141Z [ERROR]: MongoDB Connection Error: {"error":"querySrv ETIMEOUT _mongodb._tcp.italy-activity.kk3db.mongodb.net"}
2024-10-26T15:26:01.226Z [ERROR]: MongoDB Connection Error: {"error":"querySrv ETIMEOUT _mongodb._tcp.italy-activity.kk3db.mongodb.net"}
2024-10-26T15:26:49.326Z [ERROR]: MongoDB Connection Error: {"error":"querySrv ETIMEOUT _mongodb._tcp.italy-activity.kk3db.mongodb.net"}
2024-10-26T15:26:49.340Z [ERROR]: MongoDB Connection Error: {"error":"querySrv ETIMEOUT _mongodb._tcp.italy-activity.kk3db.mongodb.net"}
2024-10-26T15:29:03.714Z [ERROR]: MongoDB Connection Error: {"error":"querySrv ETIMEOUT _mongodb._tcp.italy-activity.kk3db.mongodb.net"}
2024-10-26T15:30:10.137Z [ERROR]: MongoDB Connection Error: {"error":"querySrv ETIMEOUT _mongodb._tcp.italy-activity.kk3db.mongodb.net"}
2024-10-26T15:30:37.404Z [ERROR]: MongoDB Connection Error: {"error":"querySrv ETIMEOUT _mongodb._tcp.italy-activity.kk3db.mongodb.net"}
2024-10-26T15:31:39.860Z [INFO]: MongoDB Connected: italy-activity-shard-00-01.kk3db.mongodb.net 
2024-10-26T15:41:07.413Z [INFO]: MongoDB Connected: italy-activity-shard-00-02.kk3db.mongodb.net 
2024-10-26T15:41:07.617Z [INFO]: MongoDB Connected: italy-activity-shard-00-02.kk3db.mongodb.net 
2024-10-26T15:42:52.921Z [INFO]: MongoDB Connected: italy-activity-shard-00-02.kk3db.mongodb.net 
2024-10-26T15:42:52.922Z [INFO]: MongoDB Connected: italy-activity-shard-00-02.kk3db.mongodb.net 
2024-10-26T15:44:42.470Z [INFO]: MongoDB Connected: italy-activity-shard-00-02.kk3db.mongodb.net 
2024-10-26T15:47:23.738Z [INFO]: MongoDB Connected: italy-activity-shard-00-02.kk3db.mongodb.net 
2024-10-26T15:47:23.738Z [INFO]: MongoDB Connected: italy-activity-shard-00-02.kk3db.mongodb.net 
2024-10-26T15:48:51.123Z [INFO]: MongoDB Connected: italy-activity-shard-00-02.kk3db.mongodb.net 
2024-10-26T15:48:51.135Z [INFO]: MongoDB Connected: italy-activity-shard-00-02.kk3db.mongodb.net 
2024-10-26T15:51:19.608Z [INFO]: MongoDB Connected: italy-activity-shard-00-00.kk3db.mongodb.net 
2024-10-26T15:51:19.607Z [INFO]: MongoDB Connected: italy-activity-shard-00-00.kk3db.mongodb.net 
2024-10-26T15:52:23.248Z [INFO]: MongoDB Connected: italy-activity-shard-00-00.kk3db.mongodb.net 
2024-10-26T15:52:23.248Z [INFO]: MongoDB Connected: italy-activity-shard-00-00.kk3db.mongodb.net 
2024-10-26T15:53:14.867Z [INFO]: MongoDB Connected: italy-activity-shard-00-01.kk3db.mongodb.net 
2024-10-26T15:53:14.877Z [INFO]: MongoDB Connected: italy-activity-shard-00-01.kk3db.mongodb.net 
2024-10-26T15:54:05.397Z [INFO]: MongoDB Connected: italy-activity-shard-00-01.kk3db.mongodb.net 
2024-10-26T15:54:05.469Z [INFO]: MongoDB Connected: italy-activity-shard-00-01.kk3db.mongodb.net 
2024-10-26T15:54:41.076Z [INFO]: MongoDB Connected: italy-activity-shard-00-01.kk3db.mongodb.net 
2024-10-26T15:54:41.081Z [INFO]: MongoDB Connected: italy-activity-shard-00-01.kk3db.mongodb.net 
2024-10-26T16:34:20.543Z [ERROR]: MongoDB Connection Error: {"error":"querySrv ETIMEOUT _mongodb._tcp.italy-activity.kk3db.mongodb.net"}
2024-10-26T16:35:30.688Z [INFO]: MongoDB Connected: italy-activity-shard-00-00.kk3db.mongodb.net 
2024-10-26T16:49:33.045Z [INFO]: MongoDB Connected: italy-activity-shard-00-01.kk3db.mongodb.net 
2024-10-26T16:49:55.895Z [INFO]: MongoDB Connected: italy-activity-shard-00-01.kk3db.mongodb.net 
2024-10-26T16:51:22.477Z [INFO]: MongoDB Connected: italy-activity-shard-00-00.kk3db.mongodb.net 
2024-10-26T16:51:22.477Z [INFO]: MongoDB Connected: italy-activity-shard-00-00.kk3db.mongodb.net 
2024-10-26T16:52:28.644Z [INFO]: MongoDB Connected: italy-activity-shard-00-00.kk3db.mongodb.net 
2024-10-26T16:52:28.675Z [INFO]: MongoDB Connected: italy-activity-shard-00-00.kk3db.mongodb.net 
2024-10-26T16:54:01.818Z [INFO]: MongoDB Connected: italy-activity-shard-00-01.kk3db.mongodb.net 
2024-10-26T16:54:01.855Z [INFO]: MongoDB Connected: italy-activity-shard-00-01.kk3db.mongodb.net 
2024-10-26T16:56:09.385Z [INFO]: MongoDB Connected: italy-activity-shard-00-00.kk3db.mongodb.net 
2024-10-26T16:56:09.385Z [INFO]: MongoDB Connected: italy-activity-shard-00-00.kk3db.mongodb.net 
2024-10-26T16:56:50.944Z [INFO]: MongoDB Connected: italy-activity-shard-00-00.kk3db.mongodb.net 
2024-10-26T16:56:50.953Z [INFO]: MongoDB Connected: italy-activity-shard-00-00.kk3db.mongodb.net 
2024-10-26T19:49:18.861Z [ERROR]: MongoDB Connection Error: {"error":"querySrv ETIMEOUT _mongodb._tcp.italy-activity.kk3db.mongodb.net"}
2024-10-26T19:51:01.228Z [INFO]: MongoDB Connected: italy-activity-shard-00-01.kk3db.mongodb.net 
2024-10-26T19:53:09.581Z [INFO]: MongoDB Connected: italy-activity-shard-00-02.kk3db.mongodb.net 
2024-10-26T19:53:09.590Z [INFO]: MongoDB Connected: italy-activity-shard-00-02.kk3db.mongodb.net 
2024-10-26T19:58:38.515Z [INFO]: MongoDB Connected: italy-activity-shard-00-02.kk3db.mongodb.net 
2024-10-26T19:58:38.520Z [INFO]: MongoDB Connected: italy-activity-shard-00-02.kk3db.mongodb.net 
2024-10-26T20:01:21.086Z [INFO]: MongoDB Connected: italy-activity-shard-00-02.kk3db.mongodb.net 
2024-10-26T20:01:21.121Z [INFO]: MongoDB Connected: italy-activity-shard-00-02.kk3db.mongodb.net 
2024-10-26T20:14:47.767Z [INFO]: MongoDB Connected: italy-activity-shard-00-02.kk3db.mongodb.net 
2024-10-26T20:14:47.804Z [INFO]: MongoDB Connected: italy-activity-shard-00-02.kk3db.mongodb.net 
2024-10-26T20:23:20.515Z [INFO]: MongoDB Connected: italy-activity-shard-00-02.kk3db.mongodb.net 
2024-10-26T20:23:20.521Z [INFO]: MongoDB Connected: italy-activity-shard-00-02.kk3db.mongodb.net 
2024-10-26T20:27:16.587Z [INFO]: MongoDB Connected: italy-activity-shard-00-02.kk3db.mongodb.net 
2024-10-26T20:27:16.592Z [INFO]: MongoDB Connected: italy-activity-shard-00-02.kk3db.mongodb.net 
2024-10-26T20:28:40.102Z [WARN]: Invalid file type attempted. {"mimetype":"image/webp"}
2024-10-26T20:28:40.280Z [WARN]: Invalid file type attempted. {"mimetype":"image/webp"}
2024-10-26T20:28:40.598Z [WARN]: Invalid file type attempted. {"mimetype":"image/webp"}
2024-10-26T20:28:41.222Z [WARN]: Invalid file type attempted. {"mimetype":"image/webp"}
2024-10-26T20:29:47.663Z [INFO]: MongoDB Connected: italy-activity-shard-00-02.kk3db.mongodb.net 
2024-10-26T20:31:06.305Z [INFO]: MongoDB Connected: italy-activity-shard-00-00.kk3db.mongodb.net 
2024-10-26T20:31:50.609Z [INFO]: MongoDB Connected: italy-activity-shard-00-00.kk3db.mongodb.net 
2024-10-26T20:31:50.663Z [INFO]: MongoDB Connected: italy-activity-shard-00-00.kk3db.mongodb.net 
2024-10-26T20:32:15.878Z [WARN]: Invalid file type attempted. {"mimetype":"image/webp"}
2024-10-26T20:32:16.059Z [WARN]: Invalid file type attempted. {"mimetype":"image/webp"}
2024-10-26T20:32:16.376Z [WARN]: Invalid file type attempted. {"mimetype":"image/webp"}
2024-10-26T20:32:16.998Z [WARN]: Invalid file type attempted. {"mimetype":"image/webp"}
2024-10-26T20:37:19.363Z [INFO]: Setting dynamic upload destination. {"uploadPath":"Z:\\Project\\Web Developing\\Works\\Backend\\Activity_Tracking\\activity-tracking-backend\\uploads\\projects-projectId123\\activities-activityId456\\timesheets-timesheetId789"}
2024-10-26T20:37:19.365Z [INFO]: Generating unique filename. {"filename":"1729975039365-775053813-JacobAlwinJoy"}
2024-10-26T20:43:22.463Z [INFO]: MongoDB Connected: italy-activity-shard-00-00.kk3db.mongodb.net 
2024-10-26T20:43:22.465Z [INFO]: MongoDB Connected: italy-activity-shard-00-00.kk3db.mongodb.net 
2024-10-26T20:52:54.946Z [INFO]: MongoDB Connected: italy-activity-shard-00-02.kk3db.mongodb.net 
2024-10-26T20:52:54.945Z [INFO]: MongoDB Connected: italy-activity-shard-00-02.kk3db.mongodb.net 
2024-10-27T04:45:59.400Z [INFO]: MongoDB Connected: italy-activity-shard-00-02.kk3db.mongodb.net 
2024-10-27T04:45:59.466Z [INFO]: MongoDB Connected: italy-activity-shard-00-02.kk3db.mongodb.net 
2024-10-27T04:51:14.594Z [INFO]: MongoDB Connected: italy-activity-shard-00-00.kk3db.mongodb.net 
2024-10-27T04:51:14.614Z [INFO]: MongoDB Connected: italy-activity-shard-00-00.kk3db.mongodb.net 
2024-10-27T04:58:46.048Z [INFO]: MongoDB Connected: italy-activity-shard-00-02.kk3db.mongodb.net 
2024-10-27T04:58:46.050Z [INFO]: MongoDB Connected: italy-activity-shard-00-02.kk3db.mongodb.net 
2024-10-27T05:00:56.955Z [INFO]: MongoDB Connected: italy-activity-shard-00-01.kk3db.mongodb.net 
2024-10-27T05:05:38.519Z [INFO]: MongoDB Connected: italy-activity-shard-00-01.kk3db.mongodb.net 
2024-10-27T05:05:38.519Z [INFO]: MongoDB Connected: italy-activity-shard-00-01.kk3db.mongodb.net 
2024-10-27T05:10:42.419Z [INFO]: MongoDB Connected: italy-activity-shard-00-01.kk3db.mongodb.net 
2024-10-27T05:10:42.422Z [INFO]: MongoDB Connected: italy-activity-shard-00-01.kk3db.mongodb.net 
2024-10-27T06:02:44.652Z [ERROR]: MongoDB Connection Error: {"error":"querySrv ETIMEOUT _mongodb._tcp.italy-activity.kk3db.mongodb.net"}
2024-10-27T06:02:44.707Z [ERROR]: MongoDB Connection Error: {"error":"querySrv ETIMEOUT _mongodb._tcp.italy-activity.kk3db.mongodb.net"}
2024-10-27T06:05:01.242Z [INFO]: MongoDB Connected: italy-activity-shard-00-02.kk3db.mongodb.net 
2024-10-27T06:09:03.846Z [INFO]: MongoDB Connected: italy-activity-shard-00-01.kk3db.mongodb.net 
2024-10-27T06:09:03.868Z [INFO]: MongoDB Connected: italy-activity-shard-00-01.kk3db.mongodb.net 
2024-10-27T06:12:23.033Z [INFO]: MongoDB Connected: italy-activity-shard-00-02.kk3db.mongodb.net 
2024-10-27T06:13:21.876Z [INFO]: MongoDB Connected: italy-activity-shard-00-01.kk3db.mongodb.net 
2024-10-27T06:13:21.883Z [INFO]: MongoDB Connected: italy-activity-shard-00-01.kk3db.mongodb.net 
2024-10-27T06:31:37.962Z [INFO]: MongoDB Connected: italy-activity-shard-00-00.kk3db.mongodb.net 
2024-10-27T06:31:38.006Z [INFO]: MongoDB Connected: italy-activity-shard-00-00.kk3db.mongodb.net 
2024-10-27T06:33:20.076Z [INFO]: MongoDB Connected: italy-activity-shard-00-01.kk3db.mongodb.net 
2024-10-27T06:33:20.100Z [INFO]: MongoDB Connected: italy-activity-shard-00-01.kk3db.mongodb.net 
2024-10-27T06:35:16.438Z [INFO]: MongoDB Connected: italy-activity-shard-00-00.kk3db.mongodb.net 
2024-10-27T06:35:16.448Z [INFO]: MongoDB Connected: italy-activity-shard-00-00.kk3db.mongodb.net 
2024-10-27T06:39:56.273Z [INFO]: MongoDB Connected: italy-activity-shard-00-00.kk3db.mongodb.net 
2024-10-27T06:39:56.292Z [INFO]: MongoDB Connected: italy-activity-shard-00-00.kk3db.mongodb.net 
2024-10-27T06:42:14.815Z [INFO]: MongoDB Connected: italy-activity-shard-00-00.kk3db.mongodb.net 
2024-10-27T06:42:14.855Z [INFO]: MongoDB Connected: italy-activity-shard-00-00.kk3db.mongodb.net 
2024-10-28T15:10:15.036Z [INFO]: MongoDB Connected: italy-activity-shard-00-00.kk3db.mongodb.net 
2024-10-28T15:10:15.063Z [INFO]: MongoDB Connected: italy-activity-shard-00-00.kk3db.mongodb.net 
2024-10-28T15:14:18.222Z [INFO]: MongoDB Connected: italy-activity-shard-00-00.kk3db.mongodb.net 
2024-10-28T15:14:18.256Z [INFO]: MongoDB Connected: italy-activity-shard-00-00.kk3db.mongodb.net 
2024-10-28T15:22:57.399Z [INFO]: MongoDB Connected: italy-activity-shard-00-02.kk3db.mongodb.net 
2024-10-28T15:22:57.443Z [INFO]: MongoDB Connected: italy-activity-shard-00-02.kk3db.mongodb.net 
2024-10-31T04:02:37.032Z [INFO]: MongoDB Connected: italy-activity-shard-00-02.kk3db.mongodb.net 
2024-10-31T09:03:56.848Z [INFO]: MongoDB Connected: italy-activity-shard-00-01.kk3db.mongodb.net 
2024-10-31T09:14:21.556Z [INFO]: MongoDB Connected: italy-activity-shard-00-00.kk3db.mongodb.net 
2024-11-01T16:46:28.138Z [INFO]: MongoDB Connected: italy-activity-shard-00-02.kk3db.mongodb.net 
2024-11-01T16:47:44.520Z [INFO]: MongoDB Connected: italy-activity-shard-00-00.kk3db.mongodb.net 
2024-11-02T05:23:27.054Z [INFO]: MongoDB Connected: italy-activity-shard-00-02.kk3db.mongodb.net 
2024-11-02T05:25:24.576Z [INFO]: MongoDB Connected: italy-activity-shard-00-01.kk3db.mongodb.net 
2024-11-02T05:25:59.208Z [INFO]: MongoDB Connected: italy-activity-shard-00-02.kk3db.mongodb.net 
2024-11-02T05:26:26.412Z [INFO]: MongoDB Connected: italy-activity-shard-00-01.kk3db.mongodb.net 
2024-11-02T05:41:34.669Z [INFO]: MongoDB Connected: italy-activity-shard-00-02.kk3db.mongodb.net 
2024-11-02T05:46:12.555Z [INFO]: MongoDB Connected: italy-activity-shard-00-02.kk3db.mongodb.net 
2024-11-02T05:46:30.833Z [INFO]: MongoDB Connected: italy-activity-shard-00-01.kk3db.mongodb.net 
2024-11-02T11:05:46.060Z [INFO]: MongoDB Connected: italy-activity-shard-00-01.kk3db.mongodb.net 
2024-11-02T11:10:48.843Z [INFO]: MongoDB Connected: italy-activity-shard-00-00.kk3db.mongodb.net 
2024-11-02T12:17:22.675Z [INFO]: MongoDB Connected: italy-activity-shard-00-02.kk3db.mongodb.net 
2024-11-02T18:22:37.522Z [INFO]: MongoDB Connected: italy-activity-shard-00-00.kk3db.mongodb.net 
2024-11-02T18:25:42.068Z [INFO]: MongoDB Connected: italy-activity-shard-00-02.kk3db.mongodb.net 
2024-11-02T18:26:15.438Z [INFO]: MongoDB Connected: italy-activity-shard-00-01.kk3db.mongodb.net 
2024-11-02T18:27:18.046Z [INFO]: MongoDB Connected: italy-activity-shard-00-02.kk3db.mongodb.net 
2024-11-02T18:27:45.011Z [INFO]: MongoDB Connected: italy-activity-shard-00-00.kk3db.mongodb.net 
2024-11-02T18:28:04.723Z [INFO]: MongoDB Connected: italy-activity-shard-00-00.kk3db.mongodb.net 
2024-11-03T04:42:38.066Z [INFO]: MongoDB Connected: italy-activity-shard-00-02.kk3db.mongodb.net 
2024-11-03T06:15:00.174Z [INFO]: MongoDB Connected: italy-activity-shard-00-02.kk3db.mongodb.net 
2024-11-03T06:16:01.436Z [INFO]: MongoDB Connected: italy-activity-shard-00-00.kk3db.mongodb.net 
2024-11-03T06:23:54.912Z [INFO]: MongoDB Connected: italy-activity-shard-00-01.kk3db.mongodb.net 
2024-11-03T07:08:05.351Z [INFO]: MongoDB Connected: italy-activity-shard-00-02.kk3db.mongodb.net 
2024-11-03T07:55:59.436Z [INFO]: Setting dynamic upload destination. {"uploadPath":"Z:\\Project\\Web Developing\\Works\\Backend\\Activity_Tracking\\activity-tracking-backend\\uploads\\projects-projectId123\\activities-activityId456\\timesheets-timesheetId789"}
2024-11-03T07:55:59.439Z [INFO]: Generating unique filename. {"filename":"1730620559438-575860171-Kottayam"}
2024-11-03T07:57:44.011Z [INFO]: MongoDB Connected: italy-activity-shard-00-01.kk3db.mongodb.net 
2024-11-03T07:57:48.972Z [INFO]: Setting dynamic upload destination. {"uploadPath":"Z:\\Project\\Web Developing\\Works\\Backend\\Activity_Tracking\\activity-tracking-backend\\uploads\\projects-projectId123\\activities-activityId456\\timesheets-timesheetId789"}
2024-11-03T07:57:48.977Z [INFO]: Generating unique filename. {"filename":"1730620668976-133954845-Kottayam"}
2024-11-03T08:00:19.346Z [INFO]: MongoDB Connected: italy-activity-shard-00-02.kk3db.mongodb.net 
2024-11-03T20:32:02.559Z [WARN]: Invalid file type attempted. {"mimetype":"text/plain"}
2024-11-03T20:32:02.763Z [WARN]: Invalid file type attempted. {"mimetype":"text/plain"}
2024-11-03T20:32:03.095Z [WARN]: Invalid file type attempted. {"mimetype":"text/plain"}
2024-11-03T20:32:03.746Z [WARN]: Invalid file type attempted. {"mimetype":"text/plain"}
2024-11-03T20:35:44.165Z [WARN]: Invalid file type attempted. {"mimetype":"text/plain"}
2024-11-03T20:35:44.372Z [WARN]: Invalid file type attempted. {"mimetype":"text/plain"}
2024-11-03T20:35:44.706Z [WARN]: Invalid file type attempted. {"mimetype":"text/plain"}
2024-11-03T20:35:45.349Z [WARN]: Invalid file type attempted. {"mimetype":"text/plain"}
2024-11-03T20:40:07.095Z [INFO]: Setting dynamic upload destination. {"uploadPath":"Z:\\Project\\Web Developing\\Works\\Backend\\Activity_Tracking\\activity-tracking-backend\\uploads\\projects-projectId123\\activities-activityId456\\timesheets-timesheetId789"}
2024-11-03T20:40:07.098Z [INFO]: Generating unique filename. {"filename":"1730666407097-645680662-Jacob"}
2024-11-03T20:41:19.788Z [INFO]: Setting dynamic upload destination. {"uploadPath":"Z:\\Project\\Web Developing\\Works\\Backend\\Activity_Tracking\\activity-tracking-backend\\uploads\\projects-projectId123\\activities-activityId456\\timesheets-timesheetId789"}
2024-11-03T20:41:19.791Z [INFO]: Generating unique filename. {"filename":"1730666479790-410291634-fdsfgfdhgjfhmngbfdfdsax"}
2024-11-03T20:41:51.651Z [WARN]: Invalid file type attempted. {"mimetype":"text/plain"}
2024-11-03T20:41:51.855Z [WARN]: Invalid file type attempted. {"mimetype":"text/plain"}
2024-11-03T20:41:52.190Z [WARN]: Invalid file type attempted. {"mimetype":"text/plain"}
2024-11-03T20:41:52.813Z [WARN]: Invalid file type attempted. {"mimetype":"text/plain"}
2024-11-03T20:42:42.298Z [INFO]: Setting dynamic upload destination. {"uploadPath":"Z:\\Project\\Web Developing\\Works\\Backend\\Activity_Tracking\\activity-tracking-backend\\uploads\\projects-projectId123\\activities-activityId456\\timesheets-timesheetId789"}
2024-11-03T20:42:42.301Z [INFO]: Generating unique filename. {"filename":"1730666562301-819693341-YoxazVerse"}
2024-11-03T20:44:50.605Z [INFO]: Setting dynamic upload destination. {"uploadPath":"Z:\\Project\\Web Developing\\Works\\Backend\\Activity_Tracking\\activity-tracking-backend\\uploads\\projects-projectId123\\activities-activityId456\\timesheets-timesheetId789"}
2024-11-03T20:44:50.607Z [INFO]: Generating unique filename. {"filename":"1730666690607-384126527-xccxcxxc"}
2024-11-03T21:11:36.861Z [INFO]: MongoDB Connected: italy-activity-shard-00-01.kk3db.mongodb.net 
2024-11-03T21:11:52.247Z [INFO]: MongoDB Connected: italy-activity-shard-00-02.kk3db.mongodb.net 
2024-11-03T21:13:59.350Z [INFO]: MongoDB Connected: italy-activity-shard-00-02.kk3db.mongodb.net 
2024-11-03T21:36:40.325Z [INFO]: MongoDB Connected: italy-activity-shard-00-00.kk3db.mongodb.net 
2024-11-03T21:42:34.607Z [INFO]: MongoDB Connected: italy-activity-shard-00-02.kk3db.mongodb.net 
2024-11-03T21:42:45.004Z [INFO]: MongoDB Connected: italy-activity-shard-00-02.kk3db.mongodb.net 
2024-11-03T21:48:54.693Z [WARN]: Invalid file type attempted. {"mimetype":"text/plain"}
2024-11-03T21:48:54.900Z [WARN]: Invalid file type attempted. {"mimetype":"text/plain"}
2024-11-03T21:48:55.232Z [WARN]: Invalid file type attempted. {"mimetype":"text/plain"}
2024-11-03T21:48:55.852Z [WARN]: Invalid file type attempted. {"mimetype":"text/plain"}
2024-11-03T21:52:18.377Z [INFO]: MongoDB Connected: italy-activity-shard-00-02.kk3db.mongodb.net 
2024-11-03T21:52:34.942Z [INFO]: MongoDB Connected: italy-activity-shard-00-00.kk3db.mongodb.net 
2024-11-03T21:53:38.481Z [INFO]: MongoDB Connected: italy-activity-shard-00-00.kk3db.mongodb.net 
2024-11-03T21:53:55.866Z [INFO]: MongoDB Connected: italy-activity-shard-00-02.kk3db.mongodb.net 
2024-11-03T21:54:03.718Z [INFO]: MongoDB Connected: italy-activity-shard-00-00.kk3db.mongodb.net 
2024-11-03T21:54:23.338Z [INFO]: MongoDB Connected: italy-activity-shard-00-00.kk3db.mongodb.net 
2024-11-03T21:55:01.762Z [INFO]: MongoDB Connected: italy-activity-shard-00-02.kk3db.mongodb.net 
2024-11-03T21:56:47.492Z [INFO]: MongoDB Connected: italy-activity-shard-00-00.kk3db.mongodb.net 
2024-11-03T21:59:46.883Z [INFO]: MongoDB Connected: italy-activity-shard-00-01.kk3db.mongodb.net 
2024-11-03T22:00:02.960Z [INFO]: MongoDB Connected: italy-activity-shard-00-02.kk3db.mongodb.net 
2024-11-03T22:01:02.321Z [INFO]: MongoDB Connected: italy-activity-shard-00-02.kk3db.mongodb.net 
2024-11-03T22:01:56.080Z [INFO]: MongoDB Connected: italy-activity-shard-00-01.kk3db.mongodb.net 
2024-11-03T22:02:30.129Z [INFO]: MongoDB Connected: italy-activity-shard-00-01.kk3db.mongodb.net 
2024-11-03T22:02:53.964Z [INFO]: MongoDB Connected: italy-activity-shard-00-02.kk3db.mongodb.net 
2024-11-03T22:03:11.592Z [INFO]: MongoDB Connected: italy-activity-shard-00-01.kk3db.mongodb.net 
2024-11-03T22:03:33.725Z [INFO]: MongoDB Connected: italy-activity-shard-00-02.kk3db.mongodb.net 
2024-11-03T22:03:59.233Z [INFO]: MongoDB Connected: italy-activity-shard-00-02.kk3db.mongodb.net 
2024-11-03T22:04:29.900Z [INFO]: MongoDB Connected: italy-activity-shard-00-00.kk3db.mongodb.net 
2024-11-03T22:04:50.713Z [INFO]: MongoDB Connected: italy-activity-shard-00-01.kk3db.mongodb.net 
2024-11-03T22:05:39.040Z [INFO]: MongoDB Connected: italy-activity-shard-00-01.kk3db.mongodb.net 
2024-11-03T22:06:07.332Z [INFO]: MongoDB Connected: italy-activity-shard-00-00.kk3db.mongodb.net 
2024-11-03T22:06:22.971Z [INFO]: MongoDB Connected: italy-activity-shard-00-01.kk3db.mongodb.net 
2024-11-03T22:06:49.345Z [INFO]: MongoDB Connected: italy-activity-shard-00-02.kk3db.mongodb.net 
2024-11-03T22:07:11.572Z [INFO]: MongoDB Connected: italy-activity-shard-00-00.kk3db.mongodb.net 
2024-11-03T22:07:26.102Z [INFO]: MongoDB Connected: italy-activity-shard-00-00.kk3db.mongodb.net 
2024-11-03T22:07:41.913Z [INFO]: MongoDB Connected: italy-activity-shard-00-01.kk3db.mongodb.net 
2024-11-03T22:08:56.286Z [INFO]: MongoDB Connected: italy-activity-shard-00-01.kk3db.mongodb.net 
2024-11-03T22:09:10.415Z [INFO]: MongoDB Connected: italy-activity-shard-00-00.kk3db.mongodb.net 
2024-11-03T22:09:28.594Z [INFO]: MongoDB Connected: italy-activity-shard-00-01.kk3db.mongodb.net 
2024-11-03T22:09:52.676Z [INFO]: MongoDB Connected: italy-activity-shard-00-01.kk3db.mongodb.net 
2024-11-04T05:36:54.017Z [INFO]: MongoDB Connected: italy-activity-shard-00-00.kk3db.mongodb.net 
2024-11-04T09:57:49.831Z [INFO]: MongoDB Connected: italy-activity-shard-00-02.kk3db.mongodb.net 
2024-11-04T09:58:40.211Z [INFO]: MongoDB Connected: italy-activity-shard-00-01.kk3db.mongodb.net 
2024-11-04T09:59:05.178Z [INFO]: MongoDB Connected: italy-activity-shard-00-01.kk3db.mongodb.net 
2024-11-04T09:59:18.631Z [INFO]: MongoDB Connected: italy-activity-shard-00-01.kk3db.mongodb.net 
2024-11-04T10:03:41.537Z [INFO]: MongoDB Connected: italy-activity-shard-00-01.kk3db.mongodb.net 
2024-11-04T10:03:49.442Z [INFO]: MongoDB Connected: italy-activity-shard-00-00.kk3db.mongodb.net 
2024-11-04T10:10:41.802Z [INFO]: MongoDB Connected: italy-activity-shard-00-01.kk3db.mongodb.net 
2024-11-04T10:12:21.591Z [INFO]: MongoDB Connected: italy-activity-shard-00-01.kk3db.mongodb.net 
2024-11-04T10:12:34.871Z [INFO]: MongoDB Connected: italy-activity-shard-00-00.kk3db.mongodb.net 
2024-11-04T10:12:50.880Z [INFO]: MongoDB Connected: italy-activity-shard-00-02.kk3db.mongodb.net 
2024-11-04T10:13:13.246Z [INFO]: MongoDB Connected: italy-activity-shard-00-01.kk3db.mongodb.net 
2024-11-04T10:13:24.699Z [INFO]: MongoDB Connected: italy-activity-shard-00-02.kk3db.mongodb.net 
2024-11-04T10:13:34.117Z [INFO]: MongoDB Connected: italy-activity-shard-00-01.kk3db.mongodb.net 
2024-11-04T10:13:46.114Z [INFO]: MongoDB Connected: italy-activity-shard-00-00.kk3db.mongodb.net 
2024-11-04T10:13:52.387Z [INFO]: MongoDB Connected: italy-activity-shard-00-00.kk3db.mongodb.net 
2024-11-04T10:14:06.381Z [INFO]: MongoDB Connected: italy-activity-shard-00-01.kk3db.mongodb.net 
2024-11-04T10:14:28.436Z [INFO]: MongoDB Connected: italy-activity-shard-00-00.kk3db.mongodb.net 
2024-11-04T10:15:03.109Z [INFO]: MongoDB Connected: italy-activity-shard-00-01.kk3db.mongodb.net 
2024-11-04T10:20:22.176Z [INFO]: MongoDB Connected: italy-activity-shard-00-01.kk3db.mongodb.net 
2024-11-04T10:21:17.800Z [INFO]: MongoDB Connected: italy-activity-shard-00-01.kk3db.mongodb.net 
2024-11-04T10:21:30.784Z [INFO]: MongoDB Connected: italy-activity-shard-00-00.kk3db.mongodb.net 
2024-11-04T10:21:38.920Z [INFO]: MongoDB Connected: italy-activity-shard-00-01.kk3db.mongodb.net 
2024-11-04T10:24:46.604Z [INFO]: MongoDB Connected: italy-activity-shard-00-00.kk3db.mongodb.net 
2024-11-04T10:25:09.233Z [INFO]: MongoDB Connected: italy-activity-shard-00-01.kk3db.mongodb.net 
2024-11-04T10:25:28.033Z [INFO]: MongoDB Connected: italy-activity-shard-00-02.kk3db.mongodb.net 
2024-11-04T10:25:47.450Z [INFO]: MongoDB Connected: italy-activity-shard-00-00.kk3db.mongodb.net 
2024-11-04T10:26:04.409Z [INFO]: MongoDB Connected: italy-activity-shard-00-01.kk3db.mongodb.net 
2024-11-04T10:26:18.503Z [INFO]: MongoDB Connected: italy-activity-shard-00-00.kk3db.mongodb.net 
2024-11-04T10:26:56.062Z [INFO]: MongoDB Connected: italy-activity-shard-00-00.kk3db.mongodb.net 
2024-11-04T10:27:04.198Z [INFO]: MongoDB Connected: italy-activity-shard-00-01.kk3db.mongodb.net 
2024-11-04T10:27:10.573Z [INFO]: MongoDB Connected: italy-activity-shard-00-01.kk3db.mongodb.net 
2024-11-04T10:27:31.059Z [INFO]: MongoDB Connected: italy-activity-shard-00-01.kk3db.mongodb.net 
2024-11-04T10:27:41.337Z [INFO]: MongoDB Connected: italy-activity-shard-00-02.kk3db.mongodb.net 
2024-11-04T10:27:53.698Z [INFO]: MongoDB Connected: italy-activity-shard-00-01.kk3db.mongodb.net 
2024-11-04T10:28:06.809Z [INFO]: MongoDB Connected: italy-activity-shard-00-01.kk3db.mongodb.net 
2024-11-04T10:28:15.972Z [INFO]: MongoDB Connected: italy-activity-shard-00-02.kk3db.mongodb.net 
2024-11-04T10:30:12.048Z [INFO]: MongoDB Connected: italy-activity-shard-00-00.kk3db.mongodb.net 
2024-11-04T10:31:09.317Z [INFO]: MongoDB Connected: italy-activity-shard-00-02.kk3db.mongodb.net 
2024-11-04T10:31:16.355Z [INFO]: MongoDB Connected: italy-activity-shard-00-02.kk3db.mongodb.net 
2024-11-04T10:31:40.611Z [INFO]: MongoDB Connected: italy-activity-shard-00-02.kk3db.mongodb.net 
2024-11-04T10:31:58.547Z [INFO]: MongoDB Connected: italy-activity-shard-00-02.kk3db.mongodb.net 
2024-11-04T10:32:06.264Z [INFO]: MongoDB Connected: italy-activity-shard-00-01.kk3db.mongodb.net 
2024-11-04T10:35:24.226Z [INFO]: MongoDB Connected: italy-activity-shard-00-02.kk3db.mongodb.net 
2024-11-04T10:35:58.788Z [INFO]: MongoDB Connected: italy-activity-shard-00-02.kk3db.mongodb.net 
2024-11-04T13:47:01.012Z [INFO]: MongoDB Connected: italy-activity-shard-00-01.kk3db.mongodb.net 
2024-11-04T13:52:13.692Z [INFO]: MongoDB Connected: italy-activity-shard-00-02.kk3db.mongodb.net 
2024-11-04T13:53:24.918Z [INFO]: MongoDB Connected: italy-activity-shard-00-01.kk3db.mongodb.net 
2024-11-04T13:55:26.400Z [INFO]: MongoDB Connected: italy-activity-shard-00-01.kk3db.mongodb.net 
2024-11-04T13:56:18.193Z [INFO]: MongoDB Connected: italy-activity-shard-00-02.kk3db.mongodb.net 
2024-11-04T14:16:41.979Z [INFO]: MongoDB Connected: italy-activity-shard-00-02.kk3db.mongodb.net 
2024-11-04T14:20:40.143Z [INFO]: MongoDB Connected: italy-activity-shard-00-00.kk3db.mongodb.net 
2024-11-04T14:24:55.006Z [INFO]: MongoDB Connected: italy-activity-shard-00-02.kk3db.mongodb.net 
2024-11-04T14:26:42.730Z [INFO]: MongoDB Connected: italy-activity-shard-00-00.kk3db.mongodb.net 
2024-11-04T14:43:40.513Z [INFO]: MongoDB Connected: italy-activity-shard-00-00.kk3db.mongodb.net 
2024-11-04T14:44:04.172Z [INFO]: MongoDB Connected: italy-activity-shard-00-02.kk3db.mongodb.net 
2024-11-04T15:13:18.777Z [INFO]: MongoDB Connected: italy-activity-shard-00-02.kk3db.mongodb.net 
2024-11-04T15:13:34.281Z [WARN]: Invalid file type attempted. {"mimetype":"text/plain"}
2024-11-04T15:13:34.466Z [WARN]: Invalid file type attempted. {"mimetype":"text/plain"}
2024-11-04T15:13:34.795Z [WARN]: Invalid file type attempted. {"mimetype":"text/plain"}
2024-11-04T15:13:35.409Z [WARN]: Invalid file type attempted. {"mimetype":"text/plain"}
2024-11-05T08:44:01.180Z [WARN]: Invalid file type attempted. {"mimetype":"text/plain"}
2024-11-05T08:44:01.356Z [WARN]: Invalid file type attempted. {"mimetype":"text/plain"}
2024-11-05T08:44:01.681Z [WARN]: Invalid file type attempted. {"mimetype":"text/plain"}
2024-11-05T08:44:02.295Z [WARN]: Invalid file type attempted. {"mimetype":"text/plain"}
2024-11-05T08:45:30.266Z [WARN]: Invalid file type attempted. {"mimetype":"text/plain"}
2024-11-05T08:45:30.438Z [WARN]: Invalid file type attempted. {"mimetype":"text/plain"}
2024-11-05T08:45:30.764Z [WARN]: Invalid file type attempted. {"mimetype":"text/plain"}
2024-11-05T08:45:31.387Z [WARN]: Invalid file type attempted. {"mimetype":"text/plain"}
2024-11-05T08:46:48.942Z [INFO]: Setting dynamic upload destination. {"uploadPath":"Z:\\Project\\Web Developing\\Works\\Backend\\Activity_Tracking\\activity-tracking-backend\\uploads\\projects-projectId123\\activities-activityId456\\timesheets-timesheetId789"}
2024-11-05T08:46:48.944Z [INFO]: Generating unique filename. {"filename":"1730796408944-155596130-fdxcvc"}
2024-11-06T17:38:44.540Z [ERROR]: MongoDB Connection Error: {"error":"querySrv ETIMEOUT _mongodb._tcp.italy-activity.kk3db.mongodb.net"}
2024-11-12T03:20:36.550Z [INFO]: MongoDB Connected: italy-activity-shard-00-02.kk3db.mongodb.net 
2024-11-12T03:28:45.816Z [INFO]: MongoDB Connected: italy-activity-shard-00-01.kk3db.mongodb.net 
2024-11-12T04:17:47.060Z [INFO]: Setting dynamic upload destination. {"uploadPath":"Z:\\Project\\Web Developing\\Works\\Backend\\Activity_Tracking\\activity-tracking-backend\\uploads\\projects-projectId123\\activities-activityId456\\timesheets-timesheetId789"}
2024-11-12T04:17:47.062Z [INFO]: Generating unique filename. {"filename":"1731385067061-297418624-wwww"}
2024-11-12T04:21:06.890Z [INFO]: Setting dynamic upload destination. {"uploadPath":"Z:\\Project\\Web Developing\\Works\\Backend\\Activity_Tracking\\activity-tracking-backend\\uploads\\projects-projectId123\\activities-activityId456\\timesheets-timesheetId789"}
2024-11-12T04:21:06.894Z [INFO]: Generating unique filename. {"filename":"1731385266893-61790619-YoxazVerse"}
2024-11-14T17:46:49.679Z [INFO]: MongoDB Connected: italy-activity-shard-00-02.kk3db.mongodb.net 
2024-11-14T18:12:56.059Z [INFO]: MongoDB Connected: italy-activity-shard-00-01.kk3db.mongodb.net 
2024-11-14T18:13:57.899Z [INFO]: MongoDB Connected: italy-activity-shard-00-02.kk3db.mongodb.net 
2024-11-14T18:23:02.497Z [INFO]: MongoDB Connected: italy-activity-shard-00-02.kk3db.mongodb.net 
2024-11-14T18:27:57.405Z [INFO]: MongoDB Connected: italy-activity-shard-00-02.kk3db.mongodb.net 
2024-11-14T18:31:14.675Z [INFO]: MongoDB Connected: italy-activity-shard-00-02.kk3db.mongodb.net 
2024-11-14T18:32:19.023Z [INFO]: MongoDB Connected: italy-activity-shard-00-01.kk3db.mongodb.net 
2024-11-14T18:33:30.033Z [INFO]: MongoDB Connected: italy-activity-shard-00-01.kk3db.mongodb.net 
2024-11-14T18:43:21.501Z [INFO]: MongoDB Connected: italy-activity-shard-00-02.kk3db.mongodb.net 
2024-11-14T18:44:42.746Z [INFO]: Setting dynamic upload destination. {"uploadPath":"Z:\\Project\\Web Developing\\Works\\Backend\\Activity_Tracking\\activity-tracking-backend\\uploads\\projects-projectId123\\activities-activityId456\\timesheets-timesheetId789"}
2024-11-14T18:44:42.750Z [INFO]: Generating unique filename. {"filename":"1731609882749-132071038-JacobAlwinJoy"}
2024-11-14T18:53:22.160Z [INFO]: MongoDB Connected: italy-activity-shard-00-02.kk3db.mongodb.net 
2024-11-14T18:53:33.551Z [INFO]: Setting dynamic upload destination. {"uploadPath":"Z:\\Project\\Web Developing\\Works\\Backend\\Activity_Tracking\\activity-tracking-backend\\uploads\\projects-projectId123\\activities-activityId456\\timesheets-timesheetId789"}
2024-11-14T18:53:33.557Z [INFO]: Generating unique filename. {"filename":"1731610413556-15187399-JacobAlwinJoy"}
2024-11-14T18:59:26.308Z [INFO]: MongoDB Connected: italy-activity-shard-00-00.kk3db.mongodb.net 
2024-11-14T19:00:12.009Z [INFO]: MongoDB Connected: italy-activity-shard-00-00.kk3db.mongodb.net 
2024-11-14T19:00:22.896Z [INFO]: MongoDB Connected: italy-activity-shard-00-00.kk3db.mongodb.net 
2024-11-14T19:05:06.192Z [INFO]: MongoDB Connected: italy-activity-shard-00-00.kk3db.mongodb.net 
2024-11-14T19:06:15.373Z [INFO]: MongoDB Connected: italy-activity-shard-00-01.kk3db.mongodb.net 
2024-11-14T19:06:47.077Z [INFO]: MongoDB Connected: italy-activity-shard-00-00.kk3db.mongodb.net 
2024-11-14T19:09:15.674Z [INFO]: MongoDB Connected: italy-activity-shard-00-02.kk3db.mongodb.net 
2024-11-14T19:10:42.713Z [INFO]: MongoDB Connected: italy-activity-shard-00-00.kk3db.mongodb.net 
2024-11-14T20:10:08.198Z [INFO]: MongoDB Connected: italy-activity-shard-00-01.kk3db.mongodb.net 
2024-11-14T20:10:30.424Z [INFO]: MongoDB Connected: italy-activity-shard-00-00.kk3db.mongodb.net 
2024-11-15T06:10:01.163Z [INFO]: MongoDB Connected: italy-activity-shard-00-01.kk3db.mongodb.net 
2024-11-15T11:59:07.230Z [INFO]: MongoDB Connected: italy-activity-shard-00-00.kk3db.mongodb.net 
2024-11-15T13:32:14.167Z [INFO]: MongoDB Connected: italy-activity-shard-00-01.kk3db.mongodb.net 
2024-11-15T13:34:46.562Z [INFO]: MongoDB Connected: italy-activity-shard-00-01.kk3db.mongodb.net 
2024-11-15T13:35:14.920Z [INFO]: MongoDB Connected: italy-activity-shard-00-00.kk3db.mongodb.net 
2024-11-15T13:36:43.560Z [INFO]: MongoDB Connected: italy-activity-shard-00-00.kk3db.mongodb.net 
2024-11-15T13:38:15.118Z [INFO]: MongoDB Connected: italy-activity-shard-00-01.kk3db.mongodb.net 
2024-11-15T13:45:17.087Z [INFO]: MongoDB Connected: italy-activity-shard-00-01.kk3db.mongodb.net 
2024-11-15T13:45:30.013Z [INFO]: MongoDB Connected: italy-activity-shard-00-00.kk3db.mongodb.net 
2024-11-15T13:45:41.793Z [INFO]: MongoDB Connected: italy-activity-shard-00-02.kk3db.mongodb.net 
2024-11-15T13:48:17.099Z [INFO]: MongoDB Connected: italy-activity-shard-00-00.kk3db.mongodb.net 
2024-11-15T14:15:01.788Z [INFO]: MongoDB Connected: italy-activity-shard-00-02.kk3db.mongodb.net 
2024-11-15T14:39:16.115Z [INFO]: MongoDB Connected: italy-activity-shard-00-01.kk3db.mongodb.net 
2024-11-15T14:40:32.758Z [INFO]: MongoDB Connected: italy-activity-shard-00-01.kk3db.mongodb.net 
2024-11-15T14:44:55.620Z [INFO]: Setting dynamic upload destination. {"uploadPath":"Z:\\Project\\Web Developing\\Works\\Backend\\Activity_Tracking\\activity-tracking-backend\\uploads\\projects-projectId123\\activities-activityId456\\timesheets-timesheetId789"}
2024-11-15T14:44:55.622Z [INFO]: Generating unique filename. {"filename":"1731681895621-113145527-California"}
2024-11-15T14:47:08.500Z [INFO]: Setting dynamic upload destination. {"uploadPath":"Z:\\Project\\Web Developing\\Works\\Backend\\Activity_Tracking\\activity-tracking-backend\\uploads\\projects-projectId123\\activities-activityId456\\timesheets-timesheetId789"}
2024-11-15T14:47:08.503Z [INFO]: Generating unique filename. {"filename":"1731682028502-537932332-NewYork"}
2024-11-15T15:01:03.224Z [INFO]: Setting dynamic upload destination. {"uploadPath":"Z:\\Project\\Web Developing\\Works\\Backend\\Activity_Tracking\\activity-tracking-backend\\uploads\\projects-projectId123\\activities-activityId456\\timesheets-timesheetId789"}
2024-11-15T15:01:03.228Z [INFO]: Generating unique filename. {"filename":"1731682863227-229904495-NewYork"}
2024-11-15T15:42:40.996Z [INFO]: MongoDB Connected: italy-activity-shard-00-00.kk3db.mongodb.net 
2024-11-15T18:49:35.204Z [INFO]: MongoDB Connected: italy-activity-shard-00-00.kk3db.mongodb.net 
2024-11-15T18:53:00.520Z [INFO]: MongoDB Connected: italy-activity-shard-00-00.kk3db.mongodb.net 
2024-11-15T20:31:08.861Z [INFO]: MongoDB Connected: italy-activity-shard-00-01.kk3db.mongodb.net 
2024-11-15T20:32:23.569Z [INFO]: MongoDB Connected: italy-activity-shard-00-00.kk3db.mongodb.net 
2024-11-15T20:36:41.549Z [WARN]: Invalid file type attempted. {"mimetype":"text/plain"}
2024-11-15T20:36:41.772Z [WARN]: Invalid file type attempted. {"mimetype":"text/plain"}
2024-11-15T20:36:42.115Z [WARN]: Invalid file type attempted. {"mimetype":"text/plain"}
2024-11-15T20:36:42.762Z [WARN]: Invalid file type attempted. {"mimetype":"text/plain"}
2024-11-15T20:37:25.248Z [WARN]: Invalid file type attempted. {"mimetype":"text/plain"}
2024-11-15T20:37:25.433Z [WARN]: Invalid file type attempted. {"mimetype":"text/plain"}
2024-11-15T20:37:25.808Z [WARN]: Invalid file type attempted. {"mimetype":"text/plain"}
2024-11-15T20:37:26.468Z [WARN]: Invalid file type attempted. {"mimetype":"text/plain"}
2024-11-15T20:37:58.994Z [INFO]: MongoDB Connected: italy-activity-shard-00-00.kk3db.mongodb.net 
2024-11-15T20:42:53.046Z [WARN]: Invalid file type attempted. {"mimetype":"text/plain"}
2024-11-15T20:42:53.289Z [WARN]: Invalid file type attempted. {"mimetype":"text/plain"}
2024-11-15T20:42:53.621Z [WARN]: Invalid file type attempted. {"mimetype":"text/plain"}
2024-11-15T20:42:54.238Z [WARN]: Invalid file type attempted. {"mimetype":"text/plain"}
2024-11-15T20:51:28.709Z [WARN]: Invalid file type attempted. {"mimetype":"text/plain"}
2024-11-15T20:51:28.913Z [WARN]: Invalid file type attempted. {"mimetype":"text/plain"}
2024-11-15T20:51:29.251Z [WARN]: Invalid file type attempted. {"mimetype":"text/plain"}
2024-11-15T20:51:29.883Z [WARN]: Invalid file type attempted. {"mimetype":"text/plain"}
2024-11-15T20:58:37.795Z [WARN]: Invalid file type attempted. {"mimetype":"text/plain"}
2024-11-15T20:58:38.008Z [WARN]: Invalid file type attempted. {"mimetype":"text/plain"}
2024-11-15T20:58:38.361Z [WARN]: Invalid file type attempted. {"mimetype":"text/plain"}
2024-11-15T20:58:38.992Z [WARN]: Invalid file type attempted. {"mimetype":"text/plain"}
2024-11-15T20:59:05.696Z [WARN]: Invalid file type attempted. {"mimetype":"text/plain"}
2024-11-15T20:59:05.905Z [WARN]: Invalid file type attempted. {"mimetype":"text/plain"}
2024-11-15T20:59:06.253Z [WARN]: Invalid file type attempted. {"mimetype":"text/plain"}
2024-11-15T20:59:06.900Z [WARN]: Invalid file type attempted. {"mimetype":"text/plain"}
2024-11-15T20:59:13.805Z [WARN]: Invalid file type attempted. {"mimetype":"text/plain"}
2024-11-15T20:59:14.023Z [WARN]: Invalid file type attempted. {"mimetype":"text/plain"}
2024-11-15T20:59:14.374Z [WARN]: Invalid file type attempted. {"mimetype":"text/plain"}
2024-11-15T20:59:15.023Z [WARN]: Invalid file type attempted. {"mimetype":"text/plain"}
2024-11-15T20:59:22.308Z [WARN]: Invalid file type attempted. {"mimetype":"text/plain"}
2024-11-15T20:59:22.496Z [WARN]: Invalid file type attempted. {"mimetype":"text/plain"}
2024-11-15T20:59:22.851Z [WARN]: Invalid file type attempted. {"mimetype":"text/plain"}
2024-11-15T20:59:23.492Z [WARN]: Invalid file type attempted. {"mimetype":"text/plain"}
2024-11-15T21:07:17.661Z [INFO]: Setting dynamic upload destination. {"uploadPath":"Z:\\Project\\Web Developing\\Works\\Backend\\Activity_Tracking\\activity-tracking-backend\\uploads\\projects-projectId123\\activities-activityId456\\timesheets-timesheetId789"}
2024-11-15T21:07:17.665Z [INFO]: Generating unique filename. {"filename":"1731704837663-19861126-sddsdssd"}
2024-11-15T21:09:06.197Z [INFO]: Setting dynamic upload destination. {"uploadPath":"Z:\\Project\\Web Developing\\Works\\Backend\\Activity_Tracking\\activity-tracking-backend\\uploads\\projects-projectId123\\activities-activityId456\\timesheets-timesheetId789"}
2024-11-15T21:09:06.201Z [INFO]: Generating unique filename. {"filename":"1731704946199-724529940-dvfvddfvfvvfd"}
2024-11-15T21:12:38.955Z [INFO]: MongoDB Connected: italy-activity-shard-00-02.kk3db.mongodb.net 
2024-11-15T21:13:32.968Z [INFO]: MongoDB Connected: italy-activity-shard-00-00.kk3db.mongodb.net 
2024-11-15T21:14:04.884Z [INFO]: MongoDB Connected: italy-activity-shard-00-02.kk3db.mongodb.net 
2024-11-15T21:17:32.713Z [INFO]: MongoDB Connected: italy-activity-shard-00-02.kk3db.mongodb.net 
2024-11-15T21:18:41.216Z [INFO]: MongoDB Connected: italy-activity-shard-00-01.kk3db.mongodb.net 
2024-11-16T05:05:27.217Z [INFO]: MongoDB Connected: italy-activity-shard-00-02.kk3db.mongodb.net 
2024-11-16T19:43:00.801Z [INFO]: MongoDB Connected: italy-activity-shard-00-01.kk3db.mongodb.net 
2024-11-16T19:43:21.370Z [INFO]: MongoDB Connected: italy-activity-shard-00-02.kk3db.mongodb.net 
2024-11-16T19:43:40.556Z [INFO]: MongoDB Connected: italy-activity-shard-00-01.kk3db.mongodb.net 
2024-11-16T19:47:34.113Z [INFO]: Setting dynamic upload destination. {"uploadPath":"Z:\\Project\\Web Developing\\Works\\Backend\\Activity_Tracking\\activity-tracking-backend\\uploads\\projects-projectId123\\activities-activityId456\\timesheets-timesheetId789"}
2024-11-16T19:47:34.115Z [INFO]: Generating unique filename. {"filename":"1731786454114-250805541-xcsfas"}
2024-11-16T20:26:34.407Z [INFO]: MongoDB Connected: italy-activity-shard-00-02.kk3db.mongodb.net 
2024-11-17T03:58:41.335Z [INFO]: MongoDB Connected: italy-activity-shard-00-02.kk3db.mongodb.net 
2024-11-17T13:01:18.410Z [INFO]: MongoDB Connected: italy-activity-shard-00-02.kk3db.mongodb.net 
2024-11-17T14:04:38.436Z [INFO]: MongoDB Connected: italy-activity-shard-00-00.kk3db.mongodb.net 
2024-11-17T14:10:01.397Z [INFO]: MongoDB Connected: italy-activity-shard-00-02.kk3db.mongodb.net 
2024-11-17T14:12:59.504Z [INFO]: MongoDB Connected: italy-activity-shard-00-01.kk3db.mongodb.net 
2024-11-17T14:15:26.020Z [INFO]: MongoDB Connected: italy-activity-shard-00-00.kk3db.mongodb.net 
2024-11-17T14:15:33.571Z [INFO]: MongoDB Connected: italy-activity-shard-00-02.kk3db.mongodb.net 
2024-11-17T14:55:48.420Z [INFO]: MongoDB Connected: italy-activity-shard-00-02.kk3db.mongodb.net 
2024-11-17T15:01:58.243Z [INFO]: MongoDB Connected: italy-activity-shard-00-00.kk3db.mongodb.net 
2024-11-17T15:03:50.241Z [INFO]: MongoDB Connected: italy-activity-shard-00-00.kk3db.mongodb.net 
2024-11-17T15:17:41.811Z [INFO]: MongoDB Connected: italy-activity-shard-00-02.kk3db.mongodb.net 
2024-11-17T15:48:34.403Z [INFO]: MongoDB Connected: italy-activity-shard-00-00.kk3db.mongodb.net 
2024-11-17T16:27:52.495Z [INFO]: MongoDB Connected: italy-activity-shard-00-02.kk3db.mongodb.net 
2024-11-17T16:28:33.874Z [INFO]: MongoDB Connected: italy-activity-shard-00-00.kk3db.mongodb.net 
2024-11-17T16:28:48.955Z [INFO]: MongoDB Connected: italy-activity-shard-00-02.kk3db.mongodb.net 
2024-11-17T16:29:45.690Z [INFO]: MongoDB Connected: italy-activity-shard-00-00.kk3db.mongodb.net 
2024-11-17T16:30:30.421Z [INFO]: MongoDB Connected: italy-activity-shard-00-02.kk3db.mongodb.net 
2024-11-17T17:35:47.830Z [INFO]: MongoDB Connected: italy-activity-shard-00-01.kk3db.mongodb.net 
2024-11-17T18:08:39.096Z [INFO]: MongoDB Connected: italy-activity-shard-00-01.kk3db.mongodb.net 
2024-11-17T18:28:00.875Z [INFO]: MongoDB Connected: italy-activity-shard-00-01.kk3db.mongodb.net 
2024-11-17T18:30:59.966Z [INFO]: MongoDB Connected: italy-activity-shard-00-02.kk3db.mongodb.net 
2024-11-17T18:33:59.564Z [INFO]: MongoDB Connected: italy-activity-shard-00-01.kk3db.mongodb.net 
2024-11-17T18:37:05.294Z [INFO]: MongoDB Connected: italy-activity-shard-00-00.kk3db.mongodb.net 
2024-11-17T18:47:09.257Z [INFO]: MongoDB Connected: italy-activity-shard-00-00.kk3db.mongodb.net 
2024-11-17T19:54:37.439Z [INFO]: MongoDB Connected: italy-activity-shard-00-02.kk3db.mongodb.net 
2024-11-17T19:55:25.255Z [INFO]: MongoDB Connected: italy-activity-shard-00-00.kk3db.mongodb.net 
2024-11-17T19:56:34.048Z [INFO]: MongoDB Connected: italy-activity-shard-00-01.kk3db.mongodb.net 
2024-11-17T20:52:05.498Z [INFO]: MongoDB Connected: italy-activity-shard-00-00.kk3db.mongodb.net 
2024-11-17T20:52:49.853Z [INFO]: MongoDB Connected: italy-activity-shard-00-02.kk3db.mongodb.net 
2024-11-17T21:22:35.220Z [INFO]: MongoDB Connected: italy-activity-shard-00-01.kk3db.mongodb.net 
2024-11-17T22:18:06.313Z [INFO]: MongoDB Connected: italy-activity-shard-00-01.kk3db.mongodb.net 
2024-11-17T22:25:28.165Z [INFO]: MongoDB Connected: italy-activity-shard-00-00.kk3db.mongodb.net 
2024-11-18T11:09:09.765Z [INFO]: MongoDB Connected: italy-activity-shard-00-01.kk3db.mongodb.net 
2024-11-18T11:09:38.635Z [INFO]: MongoDB Connected: italy-activity-shard-00-02.kk3db.mongodb.net 
2024-11-18T12:56:09.282Z [INFO]: MongoDB Connected: italy-activity-shard-00-01.kk3db.mongodb.net 
2024-11-18T17:23:38.066Z [INFO]: MongoDB Connected: italy-activity-shard-00-02.kk3db.mongodb.net 
2024-11-18T17:44:52.464Z [INFO]: MongoDB Connected: italy-activity-shard-00-01.kk3db.mongodb.net 
2024-11-18T19:38:00.115Z [INFO]: MongoDB Connected: italy-activity-shard-00-00.kk3db.mongodb.net 
2024-11-18T19:43:55.697Z [INFO]: MongoDB Connected: italy-activity-shard-00-01.kk3db.mongodb.net 
2024-11-18T19:44:58.729Z [INFO]: MongoDB Connected: italy-activity-shard-00-01.kk3db.mongodb.net 
2024-11-18T19:45:39.587Z [INFO]: MongoDB Connected: italy-activity-shard-00-02.kk3db.mongodb.net 
2024-11-18T19:48:04.863Z [INFO]: MongoDB Connected: italy-activity-shard-00-01.kk3db.mongodb.net 
2024-11-18T20:01:20.590Z [INFO]: MongoDB Connected: italy-activity-shard-00-01.kk3db.mongodb.net 
2024-11-18T20:11:41.787Z [INFO]: MongoDB Connected: italy-activity-shard-00-00.kk3db.mongodb.net 
2024-11-18T20:11:53.514Z [INFO]: MongoDB Connected: italy-activity-shard-00-01.kk3db.mongodb.net 
2024-11-18T20:12:36.713Z [INFO]: MongoDB Connected: italy-activity-shard-00-00.kk3db.mongodb.net 
2024-11-18T20:13:21.582Z [INFO]: MongoDB Connected: italy-activity-shard-00-01.kk3db.mongodb.net 
2024-11-18T20:13:59.567Z [INFO]: MongoDB Connected: italy-activity-shard-00-01.kk3db.mongodb.net 
2024-11-18T20:14:29.746Z [INFO]: MongoDB Connected: italy-activity-shard-00-02.kk3db.mongodb.net 
2024-11-18T20:17:00.291Z [INFO]: MongoDB Connected: italy-activity-shard-00-00.kk3db.mongodb.net 
2024-11-18T20:20:07.322Z [INFO]: MongoDB Connected: italy-activity-shard-00-02.kk3db.mongodb.net 
2024-11-18T20:21:03.815Z [INFO]: MongoDB Connected: italy-activity-shard-00-01.kk3db.mongodb.net 
2024-11-18T21:17:24.664Z [INFO]: MongoDB Connected: italy-activity-shard-00-01.kk3db.mongodb.net 
2024-11-19T05:35:02.608Z [INFO]: MongoDB Connected: italy-activity-shard-00-00.kk3db.mongodb.net 
2024-11-19T11:49:41.952Z [INFO]: MongoDB Connected: italy-activity-shard-00-02.kk3db.mongodb.net 
2024-11-19T11:52:55.343Z [INFO]: MongoDB Connected: italy-activity-shard-00-02.kk3db.mongodb.net 
2024-11-19T11:56:15.228Z [INFO]: MongoDB Connected: italy-activity-shard-00-02.kk3db.mongodb.net 
2024-11-19T11:57:33.993Z [INFO]: MongoDB Connected: italy-activity-shard-00-02.kk3db.mongodb.net 
2024-11-19T12:35:34.364Z [INFO]: MongoDB Connected: italy-activity-shard-00-00.kk3db.mongodb.net 
2024-11-19T12:38:35.805Z [INFO]: MongoDB Connected: italy-activity-shard-00-01.kk3db.mongodb.net 
2024-11-19T12:48:55.742Z [INFO]: MongoDB Connected: italy-activity-shard-00-01.kk3db.mongodb.net 
2024-11-19T15:22:58.286Z [INFO]: MongoDB Connected: italy-activity-shard-00-02.kk3db.mongodb.net 
2024-11-19T15:26:32.704Z [INFO]: MongoDB Connected: italy-activity-shard-00-00.kk3db.mongodb.net 
2024-11-19T15:28:09.069Z [INFO]: MongoDB Connected: italy-activity-shard-00-02.kk3db.mongodb.net 
2024-11-19T16:41:45.502Z [INFO]: MongoDB Connected: italy-activity-shard-00-02.kk3db.mongodb.net 
2024-11-19T17:16:50.790Z [INFO]: MongoDB Connected: italy-activity-shard-00-00.kk3db.mongodb.net 
2024-11-19T21:08:51.583Z [INFO]: MongoDB Connected: italy-activity-shard-00-01.kk3db.mongodb.net 
2024-11-28T06:01:08.017Z [ERROR]: MongoDB Connection Error: {"error":"querySrv ETIMEOUT _mongodb._tcp.italy-activity.kk3db.mongodb.net"}
2024-11-28T06:04:05.066Z [INFO]: MongoDB Connected: italy-activity-shard-00-02.kk3db.mongodb.net 
2024-11-28T06:19:16.338Z [INFO]: MongoDB Connected: italy-activity-shard-00-02.kk3db.mongodb.net 
2024-11-28T09:21:56.810Z [INFO]: MongoDB Connected: italy-activity-shard-00-01.kk3db.mongodb.net 
2024-11-28T10:10:09.665Z [INFO]: MongoDB Connected: italy-activity-shard-00-00.kk3db.mongodb.net 
2024-11-28T10:24:12.755Z [INFO]: MongoDB Connected: italy-activity-shard-00-02.kk3db.mongodb.net 
2024-11-28T10:26:18.916Z [INFO]: MongoDB Connected: italy-activity-shard-00-00.kk3db.mongodb.net 
2024-11-28T10:32:32.245Z [INFO]: MongoDB Connected: italy-activity-shard-00-01.kk3db.mongodb.net 
2024-11-28T18:01:47.943Z [INFO]: MongoDB Connected: italy-activity-shard-00-00.kk3db.mongodb.net 
2024-11-28T18:10:02.505Z [INFO]: MongoDB Connected: italy-activity-shard-00-00.kk3db.mongodb.net 
2024-11-28T18:24:04.992Z [INFO]: MongoDB Connected: italy-activity-shard-00-01.kk3db.mongodb.net 
2024-11-29T05:52:59.676Z [INFO]: MongoDB Connected: italy-activity-shard-00-02.kk3db.mongodb.net 
2024-11-29T06:03:35.531Z [INFO]: MongoDB Connected: italy-activity-shard-00-00.kk3db.mongodb.net 
2024-11-29T06:06:46.455Z [INFO]: MongoDB Connected: italy-activity-shard-00-00.kk3db.mongodb.net 
2024-11-29T06:08:45.939Z [INFO]: MongoDB Connected: italy-activity-shard-00-01.kk3db.mongodb.net 
2024-11-29T06:10:46.066Z [INFO]: MongoDB Connected: italy-activity-shard-00-01.kk3db.mongodb.net 
2024-11-29T06:15:43.372Z [INFO]: MongoDB Connected: italy-activity-shard-00-02.kk3db.mongodb.net 
2024-11-29T06:22:03.153Z [INFO]: MongoDB Connected: italy-activity-shard-00-00.kk3db.mongodb.net 
2024-11-29T07:04:50.262Z [INFO]: MongoDB Connected: italy-activity-shard-00-01.kk3db.mongodb.net 
2024-11-29T07:14:05.008Z [INFO]: MongoDB Connected: italy-activity-shard-00-00.kk3db.mongodb.net 
2024-11-29T07:20:01.225Z [INFO]: MongoDB Connected: italy-activity-shard-00-00.kk3db.mongodb.net 
2024-11-29T07:24:31.585Z [INFO]: MongoDB Connected: italy-activity-shard-00-02.kk3db.mongodb.net 
2024-11-29T07:26:03.583Z [INFO]: MongoDB Connected: italy-activity-shard-00-01.kk3db.mongodb.net 
2024-11-29T07:28:58.859Z [INFO]: MongoDB Connected: italy-activity-shard-00-02.kk3db.mongodb.net 
2024-11-29T07:30:21.571Z [INFO]: MongoDB Connected: italy-activity-shard-00-02.kk3db.mongodb.net 
2024-11-29T07:36:13.090Z [INFO]: MongoDB Connected: italy-activity-shard-00-02.kk3db.mongodb.net 
2024-11-29T07:38:49.983Z [INFO]: MongoDB Connected: italy-activity-shard-00-01.kk3db.mongodb.net 
2024-11-29T10:50:20.845Z [INFO]: MongoDB Connected: italy-activity-shard-00-01.kk3db.mongodb.net 
2024-11-29T20:37:57.507Z [INFO]: MongoDB Connected: italy-activity-shard-00-00.kk3db.mongodb.net 
2024-11-29T21:01:22.211Z [INFO]: MongoDB Connected: italy-activity-shard-00-02.kk3db.mongodb.net 
2024-11-29T21:03:53.713Z [INFO]: MongoDB Connected: italy-activity-shard-00-02.kk3db.mongodb.net 
2024-11-30T10:26:18.835Z [INFO]: MongoDB Connected: italy-activity-shard-00-01.kk3db.mongodb.net 
2024-11-30T10:26:52.147Z [INFO]: MongoDB Connected: italy-activity-shard-00-01.kk3db.mongodb.net 
2024-11-30T10:27:50.383Z [INFO]: MongoDB Connected: italy-activity-shard-00-02.kk3db.mongodb.net 
2024-11-30T10:31:08.335Z [INFO]: MongoDB Connected: italy-activity-shard-00-00.kk3db.mongodb.net 
2024-11-30T11:03:25.599Z [INFO]: MongoDB Connected: italy-activity-shard-00-00.kk3db.mongodb.net 
2024-11-30T13:11:01.035Z [INFO]: MongoDB Connected: italy-activity-shard-00-02.kk3db.mongodb.net 
2024-11-30T13:13:17.317Z [INFO]: MongoDB Connected: italy-activity-shard-00-01.kk3db.mongodb.net 
2024-11-30T13:16:30.419Z [INFO]: MongoDB Connected: italy-activity-shard-00-00.kk3db.mongodb.net 
2024-11-30T18:57:09.585Z [ERROR]: MongoDB Connection Error: {"error":"querySrv ETIMEOUT _mongodb._tcp.italy-activity.kk3db.mongodb.net"}
2024-11-30T18:57:17.659Z [ERROR]: MongoDB Connection Error: {"error":"querySrv ETIMEOUT _mongodb._tcp.italy-activity.kk3db.mongodb.net"}
2024-11-30T18:57:26.490Z [ERROR]: MongoDB Connection Error: {"error":"querySrv ETIMEOUT _mongodb._tcp.italy-activity.kk3db.mongodb.net"}
2024-11-30T19:26:04.483Z [ERROR]: MongoDB Connection Error: {"error":"querySrv ETIMEOUT _mongodb._tcp.italy-activity.kk3db.mongodb.net"}
2024-11-30T19:26:36.680Z [ERROR]: MongoDB Connection Error: {"error":"querySrv ETIMEOUT _mongodb._tcp.italy-activity.kk3db.mongodb.net"}
2024-11-30T19:26:54.981Z [ERROR]: MongoDB Connection Error: {"error":"querySrv ETIMEOUT _mongodb._tcp.italy-activity.kk3db.mongodb.net"}
2024-11-30T19:27:14.388Z [ERROR]: MongoDB Connection Error: {"error":"querySrv ETIMEOUT _mongodb._tcp.italy-activity.kk3db.mongodb.net"}
2024-11-30T19:38:13.007Z [INFO]: MongoDB Connected: italy-activity-shard-00-00.kk3db.mongodb.net 
2024-12-01T04:56:03.674Z [INFO]: MongoDB Connected: italy-activity-shard-00-02.kk3db.mongodb.net 
2024-12-01T05:34:34.784Z [INFO]: MongoDB Connected: italy-activity-shard-00-00.kk3db.mongodb.net 
2024-12-01T05:38:01.944Z [INFO]: MongoDB Connected: italy-activity-shard-00-02.kk3db.mongodb.net 
2024-12-01T05:53:42.640Z [INFO]: MongoDB Connected: italy-activity-shard-00-00.kk3db.mongodb.net 
2024-12-01T05:57:14.302Z [INFO]: MongoDB Connected: italy-activity-shard-00-02.kk3db.mongodb.net 
2024-12-01T05:58:24.392Z [INFO]: MongoDB Connected: italy-activity-shard-00-02.kk3db.mongodb.net 
2024-12-01T07:15:07.837Z [INFO]: MongoDB Connected: italy-activity-shard-00-00.kk3db.mongodb.net 
2024-12-01T07:26:06.780Z [INFO]: MongoDB Connected: italy-activity-shard-00-01.kk3db.mongodb.net 
2024-12-01T07:26:56.126Z [INFO]: MongoDB Connected: italy-activity-shard-00-01.kk3db.mongodb.net 
2024-12-01T07:30:47.084Z [INFO]: MongoDB Connected: italy-activity-shard-00-02.kk3db.mongodb.net 
2024-12-01T07:51:18.179Z [INFO]: MongoDB Connected: italy-activity-shard-00-01.kk3db.mongodb.net 
2024-12-01T07:57:25.207Z [INFO]: MongoDB Connected: italy-activity-shard-00-02.kk3db.mongodb.net 
2024-12-01T08:03:23.532Z [INFO]: MongoDB Connected: italy-activity-shard-00-00.kk3db.mongodb.net 
2024-12-01T08:05:35.624Z [INFO]: MongoDB Connected: italy-activity-shard-00-02.kk3db.mongodb.net 
2024-12-01T08:08:28.260Z [INFO]: MongoDB Connected: italy-activity-shard-00-00.kk3db.mongodb.net 
2024-12-01T08:09:24.338Z [INFO]: MongoDB Connected: italy-activity-shard-00-00.kk3db.mongodb.net 
2024-12-01T08:12:50.268Z [INFO]: MongoDB Connected: italy-activity-shard-00-01.kk3db.mongodb.net 
2024-12-01T08:17:44.493Z [INFO]: MongoDB Connected: italy-activity-shard-00-02.kk3db.mongodb.net 
2024-12-01T08:20:00.105Z [INFO]: MongoDB Connected: italy-activity-shard-00-00.kk3db.mongodb.net 
2024-12-01T08:22:07.034Z [INFO]: MongoDB Connected: italy-activity-shard-00-01.kk3db.mongodb.net 
2024-12-01T12:03:29.607Z [ERROR]: MongoDB Connection Error: {"error":"querySrv ETIMEOUT _mongodb._tcp.italy-activity.kk3db.mongodb.net"}
2024-12-01T12:03:57.754Z [ERROR]: MongoDB Connection Error: {"error":"querySrv ETIMEOUT _mongodb._tcp.italy-activity.kk3db.mongodb.net"}
2024-12-01T12:04:21.483Z [ERROR]: MongoDB Connection Error: {"error":"querySrv ETIMEOUT _mongodb._tcp.italy-activity.kk3db.mongodb.net"}
2024-12-01T12:05:06.958Z [ERROR]: MongoDB Connection Error: {"error":"querySrv ETIMEOUT _mongodb._tcp.italy-activity.kk3db.mongodb.net"}
2024-12-01T12:06:07.156Z [ERROR]: MongoDB Connection Error: {"error":"querySrv ETIMEOUT _mongodb._tcp.italy-activity.kk3db.mongodb.net"}
2024-12-01T12:06:24.839Z [ERROR]: MongoDB Connection Error: {"error":"querySrv ETIMEOUT _mongodb._tcp.italy-activity.kk3db.mongodb.net"}
2024-12-01T12:08:09.176Z [ERROR]: MongoDB Connection Error: {"error":"querySrv ETIMEOUT _mongodb._tcp.italy-activity.kk3db.mongodb.net"}
2024-12-01T12:08:45.834Z [ERROR]: MongoDB Connection Error: {"error":"querySrv ETIMEOUT _mongodb._tcp.italy-activity.kk3db.mongodb.net"}
2024-12-01T12:08:55.199Z [ERROR]: MongoDB Connection Error: {"error":"querySrv ETIMEOUT _mongodb._tcp.italy-activity.kk3db.mongodb.net"}
2024-12-01T12:11:21.291Z [ERROR]: MongoDB Connection Error: {"error":"querySrv ETIMEOUT _mongodb._tcp.italy-activity.kk3db.mongodb.net"}
2024-12-01T12:13:09.689Z [ERROR]: MongoDB Connection Error: {"error":"querySrv ETIMEOUT _mongodb._tcp.italy-activity.kk3db.mongodb.net"}
2024-12-01T12:14:37.932Z [ERROR]: MongoDB Connection Error: {"error":"querySrv ETIMEOUT _mongodb._tcp.italy-activity.kk3db.mongodb.net"}
2024-12-01T12:15:01.900Z [ERROR]: MongoDB Connection Error: {"error":"querySrv ETIMEOUT _mongodb._tcp.italy-activity.kk3db.mongodb.net"}
2024-12-01T12:16:08.547Z [ERROR]: MongoDB Connection Error: {"error":"querySrv ETIMEOUT _mongodb._tcp.italy-activity.kk3db.mongodb.net"}
2024-12-01T12:26:14.094Z [ERROR]: MongoDB Connection Error: {"error":"querySrv ETIMEOUT _mongodb._tcp.italy-activity.kk3db.mongodb.net"}
2024-12-01T12:26:37.096Z [ERROR]: MongoDB Connection Error: {"error":"querySrv ETIMEOUT _mongodb._tcp.italy-activity.kk3db.mongodb.net"}
2024-12-01T12:27:04.639Z [ERROR]: MongoDB Connection Error: {"error":"querySrv ETIMEOUT _mongodb._tcp.italy-activity.kk3db.mongodb.net"}
2024-12-01T12:27:20.660Z [ERROR]: MongoDB Connection Error: {"error":"querySrv ETIMEOUT _mongodb._tcp.italy-activity.kk3db.mongodb.net"}
2024-12-01T12:28:22.116Z [ERROR]: MongoDB Connection Error: {"error":"querySrv ETIMEOUT _mongodb._tcp.italy-activity.kk3db.mongodb.net"}
2024-12-01T12:29:47.690Z [ERROR]: MongoDB Connection Error: {"error":"querySrv ETIMEOUT _mongodb._tcp.italy-activity.kk3db.mongodb.net"}
2024-12-01T12:31:04.441Z [ERROR]: MongoDB Connection Error: {"error":"querySrv ETIMEOUT _mongodb._tcp.italy-activity.kk3db.mongodb.net"}
2024-12-01T12:36:07.261Z [ERROR]: MongoDB Connection Error: {"error":"querySrv ETIMEOUT _mongodb._tcp.italy-activity.kk3db.mongodb.net"}
2024-12-01T12:36:35.452Z [ERROR]: MongoDB Connection Error: {"error":"querySrv ETIMEOUT _mongodb._tcp.italy-activity.kk3db.mongodb.net"}
2024-12-01T12:57:54.294Z [ERROR]: MongoDB Connection Error: {"error":"querySrv ETIMEOUT _mongodb._tcp.italy-activity.kk3db.mongodb.net"}
2024-12-01T12:58:28.555Z [ERROR]: MongoDB Connection Error: {"error":"querySrv ETIMEOUT _mongodb._tcp.italy-activity.kk3db.mongodb.net"}
2024-12-01T14:23:30.488Z [ERROR]: MongoDB Connection Error: {"error":"querySrv ETIMEOUT _mongodb._tcp.italy-activity.kk3db.mongodb.net"}
2024-12-01T14:26:28.116Z [INFO]: MongoDB Connected: italy-activity-shard-00-02.kk3db.mongodb.net 
2024-12-01T14:43:24.867Z [INFO]: MongoDB Connected: italy-activity-shard-00-01.kk3db.mongodb.net 
2024-12-01T15:06:36.839Z [INFO]: MongoDB Connected: italy-activity-shard-00-00.kk3db.mongodb.net 
2024-12-01T18:00:09.380Z [ERROR]: MongoDB Connection Error: {"error":"querySrv ETIMEOUT _mongodb._tcp.italy-activity.kk3db.mongodb.net"}
2024-12-01T19:41:35.175Z [ERROR]: MongoDB Connection Error: {"error":"querySrv ETIMEOUT _mongodb._tcp.italy-activity.kk3db.mongodb.net"}
2024-12-02T05:01:30.902Z [INFO]: MongoDB Connected: italy-activity-shard-00-00.kk3db.mongodb.net 
2024-12-02T11:50:14.463Z [INFO]: MongoDB Connected: italy-activity-shard-00-00.kk3db.mongodb.net 
2024-12-02T11:59:31.282Z [INFO]: MongoDB Connected: italy-activity-shard-00-02.kk3db.mongodb.net 
2024-12-02T12:01:24.480Z [INFO]: MongoDB Connected: italy-activity-shard-00-01.kk3db.mongodb.net 
2024-12-02T12:06:47.856Z [INFO]: MongoDB Connected: italy-activity-shard-00-00.kk3db.mongodb.net 
2024-12-02T12:09:30.328Z [INFO]: MongoDB Connected: italy-activity-shard-00-02.kk3db.mongodb.net 
2024-12-02T12:22:07.667Z [INFO]: MongoDB Connected: italy-activity-shard-00-00.kk3db.mongodb.net 
2024-12-02T12:22:51.676Z [INFO]: MongoDB Connected: italy-activity-shard-00-00.kk3db.mongodb.net 
2024-12-02T12:24:56.826Z [INFO]: MongoDB Connected: italy-activity-shard-00-02.kk3db.mongodb.net 
2024-12-02T12:40:23.147Z [INFO]: MongoDB Connected: italy-activity-shard-00-00.kk3db.mongodb.net 
2024-12-02T12:46:14.798Z [INFO]: MongoDB Connected: italy-activity-shard-00-02.kk3db.mongodb.net 
2024-12-02T12:51:12.895Z [INFO]: MongoDB Connected: italy-activity-shard-00-01.kk3db.mongodb.net 
2024-12-02T12:54:46.442Z [INFO]: MongoDB Connected: italy-activity-shard-00-01.kk3db.mongodb.net 
2024-12-02T13:06:29.107Z [INFO]: MongoDB Connected: italy-activity-shard-00-02.kk3db.mongodb.net 
2024-12-02T13:07:38.580Z [INFO]: MongoDB Connected: italy-activity-shard-00-02.kk3db.mongodb.net 
2024-12-02T13:12:01.779Z [INFO]: MongoDB Connected: italy-activity-shard-00-01.kk3db.mongodb.net 
2024-12-02T13:14:09.988Z [INFO]: MongoDB Connected: italy-activity-shard-00-01.kk3db.mongodb.net 
2024-12-02T13:15:00.184Z [INFO]: MongoDB Connected: italy-activity-shard-00-00.kk3db.mongodb.net 
2024-12-02T13:28:30.916Z [INFO]: MongoDB Connected: italy-activity-shard-00-01.kk3db.mongodb.net 
2024-12-02T13:31:11.991Z [INFO]: MongoDB Connected: italy-activity-shard-00-02.kk3db.mongodb.net 
2024-12-02T13:32:57.949Z [INFO]: MongoDB Connected: italy-activity-shard-00-00.kk3db.mongodb.net 
2024-12-02T16:19:26.808Z [INFO]: MongoDB Connected: italy-activity-shard-00-01.kk3db.mongodb.net 
2024-12-02T16:25:05.102Z [INFO]: MongoDB Connected: italy-activity-shard-00-00.kk3db.mongodb.net 
2024-12-02T16:28:42.627Z [INFO]: MongoDB Connected: italy-activity-shard-00-01.kk3db.mongodb.net 
2024-12-02T16:29:24.722Z [INFO]: MongoDB Connected: italy-activity-shard-00-01.kk3db.mongodb.net 
2024-12-02T16:44:16.725Z [INFO]: MongoDB Connected: italy-activity-shard-00-00.kk3db.mongodb.net 
2024-12-02T16:48:31.199Z [INFO]: MongoDB Connected: italy-activity-shard-00-02.kk3db.mongodb.net 
2024-12-02T16:56:18.477Z [INFO]: MongoDB Connected: italy-activity-shard-00-02.kk3db.mongodb.net 
2024-12-02T17:23:54.649Z [INFO]: MongoDB Connected: italy-activity-shard-00-02.kk3db.mongodb.net 
2024-12-02T17:31:22.618Z [INFO]: MongoDB Connected: italy-activity-shard-00-00.kk3db.mongodb.net 
2024-12-02T17:31:56.618Z [INFO]: MongoDB Connected: italy-activity-shard-00-00.kk3db.mongodb.net 
2024-12-02T17:40:24.557Z [INFO]: MongoDB Connected: italy-activity-shard-00-00.kk3db.mongodb.net 
2024-12-03T07:49:36.668Z [INFO]: MongoDB Connected: italy-activity-shard-00-02.kk3db.mongodb.net 
2024-12-04T04:15:38.693Z [INFO]: MongoDB Connected: italy-activity-shard-00-02.kk3db.mongodb.net 
2024-12-04T04:20:46.120Z [INFO]: MongoDB Connected: italy-activity-shard-00-02.kk3db.mongodb.net 
2024-12-04T04:22:16.129Z [INFO]: MongoDB Connected: italy-activity-shard-00-01.kk3db.mongodb.net 
2024-12-04T04:30:53.795Z [INFO]: MongoDB Connected: italy-activity-shard-00-01.kk3db.mongodb.net 
2024-12-04T04:36:31.849Z [INFO]: MongoDB Connected: italy-activity-shard-00-00.kk3db.mongodb.net 
2024-12-04T04:38:23.642Z [INFO]: MongoDB Connected: italy-activity-shard-00-02.kk3db.mongodb.net 
2024-12-04T04:42:32.877Z [INFO]: MongoDB Connected: italy-activity-shard-00-00.kk3db.mongodb.net 
2024-12-04T04:43:35.344Z [INFO]: MongoDB Connected: italy-activity-shard-00-00.kk3db.mongodb.net 
2024-12-04T05:03:27.147Z [INFO]: MongoDB Connected: italy-activity-shard-00-02.kk3db.mongodb.net 
2024-12-04T05:50:42.768Z [INFO]: MongoDB Connected: italy-activity-shard-00-02.kk3db.mongodb.net 
2024-12-04T13:44:22.196Z [INFO]: MongoDB Connected: italy-activity-shard-00-00.kk3db.mongodb.net 
2024-12-04T13:48:00.731Z [INFO]: MongoDB Connected: italy-activity-shard-00-01.kk3db.mongodb.net 
2024-12-04T13:57:26.521Z [INFO]: MongoDB Connected: italy-activity-shard-00-00.kk3db.mongodb.net 
2024-12-04T14:25:11.403Z [INFO]: MongoDB Connected: italy-activity-shard-00-01.kk3db.mongodb.net 
2024-12-05T05:04:07.666Z [ERROR]: MongoDB Connection Error: {"error":"querySrv ETIMEOUT _mongodb._tcp.italy-activity.kk3db.mongodb.net"}
2024-12-05T05:23:41.156Z [INFO]: MongoDB Connected: italy-activity-shard-00-00.kk3db.mongodb.net 
2024-12-05T10:15:13.694Z [INFO]: Setting dynamic upload destination. {"uploadPath":"Z:\\Project\\Web Developing\\Works\\Backend\\Activity_Tracking\\activity-tracking-backend\\uploads\\projects-projectId123\\activities-activityId456\\timesheets-timesheetId789"}
2024-12-05T10:15:13.697Z [INFO]: Generating unique filename. {"filename":"1733393713697-942613946-Rome"}
2024-12-05T14:08:32.734Z [INFO]: MongoDB Connected: italy-activity-shard-00-00.kk3db.mongodb.net 
2024-12-05T15:30:22.191Z [INFO]: MongoDB Connected: italy-activity-shard-00-02.kk3db.mongodb.net 
2024-12-05T15:36:35.661Z [INFO]: MongoDB Connected: italy-activity-shard-00-02.kk3db.mongodb.net 
2024-12-05T15:37:40.562Z [INFO]: MongoDB Connected: italy-activity-shard-00-02.kk3db.mongodb.net 
2024-12-05T15:52:01.713Z [INFO]: MongoDB Connected: italy-activity-shard-00-02.kk3db.mongodb.net 
2024-12-05T15:59:47.058Z [INFO]: MongoDB Connected: italy-activity-shard-00-01.kk3db.mongodb.net 
2024-12-05T16:25:37.807Z [INFO]: MongoDB Connected: italy-activity-shard-00-01.kk3db.mongodb.net 
2024-12-05T16:47:41.194Z [INFO]: MongoDB Connected: italy-activity-shard-00-02.kk3db.mongodb.net 
2024-12-05T16:50:36.589Z [INFO]: MongoDB Connected: italy-activity-shard-00-00.kk3db.mongodb.net 
2024-12-05T17:37:48.831Z [INFO]: MongoDB Connected: italy-activity-shard-00-01.kk3db.mongodb.net 
2024-12-05T18:59:15.225Z [INFO]: MongoDB Connected: italy-activity-shard-00-01.kk3db.mongodb.net 
2024-12-05T19:03:51.970Z [INFO]: MongoDB Connected: italy-activity-shard-00-00.kk3db.mongodb.net 
2024-12-05T19:07:44.997Z [INFO]: MongoDB Connected: italy-activity-shard-00-00.kk3db.mongodb.net 
2024-12-05T19:11:50.703Z [INFO]: MongoDB Connected: italy-activity-shard-00-02.kk3db.mongodb.net 
2024-12-05T19:20:22.908Z [INFO]: MongoDB Connected: italy-activity-shard-00-01.kk3db.mongodb.net 
2024-12-05T20:03:50.614Z [INFO]: MongoDB Connected: italy-activity-shard-00-01.kk3db.mongodb.net 
2024-12-06T04:33:45.272Z [INFO]: MongoDB Connected: italy-activity-shard-00-00.kk3db.mongodb.net 
2024-12-06T04:35:38.519Z [INFO]: MongoDB Connected: italy-activity-shard-00-00.kk3db.mongodb.net 
2024-12-06T04:36:51.884Z [INFO]: MongoDB Connected: italy-activity-shard-00-00.kk3db.mongodb.net 
2024-12-06T04:51:47.513Z [INFO]: MongoDB Connected: italy-activity-shard-00-01.kk3db.mongodb.net 
2024-12-06T04:53:15.758Z [INFO]: MongoDB Connected: italy-activity-shard-00-01.kk3db.mongodb.net 
2024-12-06T04:57:21.035Z [INFO]: MongoDB Connected: italy-activity-shard-00-00.kk3db.mongodb.net 
2024-12-06T05:03:43.438Z [INFO]: MongoDB Connected: italy-activity-shard-00-02.kk3db.mongodb.net 
2024-12-06T05:06:29.056Z [INFO]: MongoDB Connected: italy-activity-shard-00-02.kk3db.mongodb.net 
2024-12-06T05:14:42.898Z [INFO]: MongoDB Connected: italy-activity-shard-00-00.kk3db.mongodb.net 
2024-12-06T05:15:21.419Z [INFO]: MongoDB Connected: italy-activity-shard-00-00.kk3db.mongodb.net 
2024-12-06T05:19:54.524Z [INFO]: MongoDB Connected: italy-activity-shard-00-02.kk3db.mongodb.net 
2024-12-06T05:39:06.572Z [INFO]: MongoDB Connected: italy-activity-shard-00-00.kk3db.mongodb.net 
2024-12-06T05:40:37.821Z [INFO]: MongoDB Connected: italy-activity-shard-00-00.kk3db.mongodb.net 
2024-12-06T07:57:12.846Z [INFO]: MongoDB Connected: italy-activity-shard-00-02.kk3db.mongodb.net 
2024-12-06T08:12:48.026Z [INFO]: MongoDB Connected: italy-activity-shard-00-02.kk3db.mongodb.net 
2024-12-06T10:12:43.544Z [INFO]: MongoDB Connected: italy-activity-shard-00-01.kk3db.mongodb.net 
2024-12-06T10:14:28.776Z [INFO]: MongoDB Connected: italy-activity-shard-00-00.kk3db.mongodb.net 
2024-12-06T10:17:10.202Z [INFO]: MongoDB Connected: italy-activity-shard-00-02.kk3db.mongodb.net 
2024-12-06T10:29:42.751Z [INFO]: MongoDB Connected: italy-activity-shard-00-01.kk3db.mongodb.net 
2024-12-06T10:31:35.834Z [INFO]: MongoDB Connected: italy-activity-shard-00-01.kk3db.mongodb.net 
2024-12-06T10:38:43.875Z [INFO]: MongoDB Connected: italy-activity-shard-00-00.kk3db.mongodb.net 
2024-12-06T12:54:22.014Z [INFO]: MongoDB Connected: italy-activity-shard-00-01.kk3db.mongodb.net 
2024-12-06T12:56:17.683Z [INFO]: MongoDB Connected: italy-activity-shard-00-01.kk3db.mongodb.net 
2024-12-06T16:40:45.302Z [INFO]: MongoDB Connected: italy-activity-shard-00-02.kk3db.mongodb.net 
2024-12-06T16:41:57.110Z [INFO]: MongoDB Connected: italy-activity-shard-00-02.kk3db.mongodb.net 
2024-12-06T16:56:55.473Z [INFO]: MongoDB Connected: italy-activity-shard-00-01.kk3db.mongodb.net 
2024-12-06T16:57:57.087Z [INFO]: MongoDB Connected: italy-activity-shard-00-00.kk3db.mongodb.net 
2024-12-06T17:53:48.601Z [INFO]: MongoDB Connected: italy-activity-shard-00-01.kk3db.mongodb.net 
2024-12-06T19:04:12.786Z [INFO]: MongoDB Connected: italy-activity-shard-00-01.kk3db.mongodb.net 
2024-12-06T20:10:22.405Z [INFO]: MongoDB Connected: italy-activity-shard-00-01.kk3db.mongodb.net 
2024-12-06T20:17:44.057Z [INFO]: MongoDB Connected: italy-activity-shard-00-00.kk3db.mongodb.net 
2024-12-06T20:19:21.307Z [INFO]: MongoDB Connected: italy-activity-shard-00-00.kk3db.mongodb.net 
2024-12-07T05:29:29.578Z [ERROR]: MongoDB Connection Error: {"error":"connection timed out"}
2024-12-07T05:32:23.548Z [ERROR]: MongoDB Connection Error: {"error":"querySrv ETIMEOUT _mongodb._tcp.italy-activity.kk3db.mongodb.net"}
2024-12-07T05:32:33.479Z [ERROR]: MongoDB Connection Error: {"error":"querySrv ETIMEOUT _mongodb._tcp.italy-activity.kk3db.mongodb.net"}
2024-12-07T05:38:02.634Z [INFO]: MongoDB Connected: italy-activity-shard-00-01.kk3db.mongodb.net 
2024-12-07T05:40:42.545Z [INFO]: MongoDB Connected: italy-activity-shard-00-00.kk3db.mongodb.net 
2024-12-07T05:57:09.609Z [INFO]: MongoDB Connected: italy-activity-shard-00-01.kk3db.mongodb.net 
2024-12-07T05:57:53.115Z [INFO]: MongoDB Connected: italy-activity-shard-00-01.kk3db.mongodb.net 
2024-12-07T06:15:34.838Z [INFO]: MongoDB Connected: italy-activity-shard-00-02.kk3db.mongodb.net 
2024-12-07T07:15:02.504Z [INFO]: MongoDB Connected: italy-activity-shard-00-02.kk3db.mongodb.net 
2024-12-07T11:49:36.482Z [INFO]: MongoDB Connected: italy-activity-shard-00-00.kk3db.mongodb.net 
2024-12-07T12:06:42.872Z [INFO]: MongoDB Connected: italy-activity-shard-00-00.kk3db.mongodb.net 
2024-12-07T12:09:13.349Z [INFO]: MongoDB Connected: italy-activity-shard-00-01.kk3db.mongodb.net 
2024-12-07T12:19:06.173Z [INFO]: MongoDB Connected: italy-activity-shard-00-01.kk3db.mongodb.net 
2024-12-07T12:29:20.094Z [INFO]: MongoDB Connected: italy-activity-shard-00-02.kk3db.mongodb.net 
2024-12-07T12:32:13.401Z [INFO]: MongoDB Connected: italy-activity-shard-00-00.kk3db.mongodb.net 
2024-12-07T12:33:28.032Z [INFO]: MongoDB Connected: italy-activity-shard-00-02.kk3db.mongodb.net 
2024-12-07T12:44:19.591Z [INFO]: MongoDB Connected: italy-activity-shard-00-00.kk3db.mongodb.net 
2024-12-07T12:46:06.651Z [INFO]: MongoDB Connected: italy-activity-shard-00-00.kk3db.mongodb.net 
2024-12-07T12:49:32.627Z [INFO]: MongoDB Connected: italy-activity-shard-00-02.kk3db.mongodb.net 
2024-12-07T14:19:52.119Z [INFO]: MongoDB Connected: italy-activity-shard-00-00.kk3db.mongodb.net 
2024-12-07T14:32:06.605Z [INFO]: MongoDB Connected: italy-activity-shard-00-01.kk3db.mongodb.net 
2024-12-07T14:38:22.861Z [INFO]: MongoDB Connected: italy-activity-shard-00-02.kk3db.mongodb.net 
2024-12-07T14:59:11.013Z [INFO]: MongoDB Connected: italy-activity-shard-00-02.kk3db.mongodb.net 
2024-12-07T15:01:30.850Z [INFO]: MongoDB Connected: italy-activity-shard-00-02.kk3db.mongodb.net 
2024-12-07T15:02:31.996Z [INFO]: MongoDB Connected: italy-activity-shard-00-01.kk3db.mongodb.net 
2024-12-07T15:26:01.621Z [INFO]: MongoDB Connected: italy-activity-shard-00-02.kk3db.mongodb.net 
2024-12-07T16:12:49.857Z [ERROR]: MongoDB Connection Error: {"error":"querySrv ETIMEOUT _mongodb._tcp.italy-activity.kk3db.mongodb.net"}
2024-12-07T16:13:12.172Z [ERROR]: MongoDB Connection Error: {"error":"querySrv ETIMEOUT _mongodb._tcp.italy-activity.kk3db.mongodb.net"}
2024-12-07T16:13:24.490Z [ERROR]: MongoDB Connection Error: {"error":"querySrv ETIMEOUT _mongodb._tcp.italy-activity.kk3db.mongodb.net"}
2024-12-07T16:13:53.093Z [ERROR]: MongoDB Connection Error: {"error":"querySrv ETIMEOUT _mongodb._tcp.italy-activity.kk3db.mongodb.net"}
2024-12-07T16:14:22.879Z [ERROR]: MongoDB Connection Error: {"error":"querySrv ETIMEOUT _mongodb._tcp.italy-activity.kk3db.mongodb.net"}
2024-12-07T16:15:16.358Z [INFO]: MongoDB Connected: italy-activity-shard-00-01.kk3db.mongodb.net 
2024-12-07T16:58:51.295Z [INFO]: MongoDB Connected: italy-activity-shard-00-00.kk3db.mongodb.net 
2024-12-08T04:58:14.809Z [INFO]: MongoDB Connected: italy-activity-shard-00-02.kk3db.mongodb.net 
2024-12-09T04:42:37.578Z [INFO]: MongoDB Connected: italy-activity-shard-00-00.kk3db.mongodb.net 
2024-12-09T14:59:28.858Z [INFO]: MongoDB Connected: italy-activity-shard-00-00.kk3db.mongodb.net 
2024-12-09T15:02:31.128Z [INFO]: MongoDB Connected: italy-activity-shard-00-01.kk3db.mongodb.net 
2024-12-09T15:35:06.158Z [INFO]: MongoDB Connected: italy-activity-shard-00-00.kk3db.mongodb.net 
2024-12-09T16:25:34.070Z [INFO]: MongoDB Connected: italy-activity-shard-00-01.kk3db.mongodb.net 
2024-12-09T17:02:46.590Z [INFO]: MongoDB Connected: italy-activity-shard-00-01.kk3db.mongodb.net 
2024-12-09T17:30:35.852Z [INFO]: MongoDB Connected: italy-activity-shard-00-00.kk3db.mongodb.net 
2024-12-09T18:31:57.868Z [INFO]: MongoDB Connected: italy-activity-shard-00-01.kk3db.mongodb.net 
2024-12-09T18:36:48.232Z [ERROR]: MongoDB Connection Error: {"error":"querySrv ETIMEOUT _mongodb._tcp.italy-activity.kk3db.mongodb.net"}
2024-12-09T20:35:08.994Z [ERROR]: MongoDB Connection Error: {"error":"getaddrinfo ENOTFOUND italy-activity-shard-00-01.kk3db.mongodb.net"}
2024-12-09T20:36:46.186Z [ERROR]: MongoDB Connection Error: {"error":"connect EHOSTUNREACH 13.200.81.250:27017"}
2024-12-09T20:39:38.807Z [INFO]: MongoDB Connected: italy-activity-shard-00-02.kk3db.mongodb.net 
2024-12-09T20:51:52.413Z [INFO]: MongoDB Connected: italy-activity-shard-00-01.kk3db.mongodb.net 
2024-12-09T20:56:56.780Z [INFO]: MongoDB Connected: italy-activity-shard-00-01.kk3db.mongodb.net 
2024-12-09T21:02:07.721Z [INFO]: MongoDB Connected: italy-activity-shard-00-01.kk3db.mongodb.net 
2024-12-09T21:46:25.810Z [ERROR]: Error setting upload destination. {"error":"Entity type not found in the URL parameters."}
2024-12-09T21:46:26.019Z [ERROR]: Error setting upload destination. {"error":"Entity type not found in the URL parameters."}
2024-12-09T21:46:26.342Z [ERROR]: Error setting upload destination. {"error":"Entity type not found in the URL parameters."}
2024-12-09T21:46:26.968Z [ERROR]: Error setting upload destination. {"error":"Entity type not found in the URL parameters."}
2024-12-09T21:56:13.160Z [INFO]: MongoDB Connected: italy-activity-shard-00-00.kk3db.mongodb.net 
2024-12-09T21:56:27.477Z [ERROR]: Error setting upload destination. {"error":"Entity type not found in the URL parameters."}
2024-12-09T21:56:27.682Z [ERROR]: Error setting upload destination. {"error":"Entity type not found in the URL parameters."}
2024-12-09T21:56:28.003Z [ERROR]: Error setting upload destination. {"error":"Entity type not found in the URL parameters."}
2024-12-09T21:56:28.631Z [ERROR]: Error setting upload destination. {"error":"Entity type not found in the URL parameters."}
2024-12-09T21:57:43.264Z [INFO]: MongoDB Connected: italy-activity-shard-00-01.kk3db.mongodb.net 
2024-12-09T21:59:47.920Z [ERROR]: Error setting upload destination. {"error":"Entity type not found in the URL parameters."}
2024-12-09T21:59:48.137Z [ERROR]: Error setting upload destination. {"error":"Entity type not found in the URL parameters."}
2024-12-09T21:59:48.463Z [ERROR]: Error setting upload destination. {"error":"Entity type not found in the URL parameters."}
2024-12-09T21:59:49.095Z [ERROR]: Error setting upload destination. {"error":"Entity type not found in the URL parameters."}
2024-12-09T22:01:08.510Z [INFO]: MongoDB Connected: italy-activity-shard-00-01.kk3db.mongodb.net 
2024-12-09T22:01:15.122Z [ERROR]: Error setting upload destination. {"error":"Entity type not found in the URL parameters."}
2024-12-09T22:01:15.322Z [ERROR]: Error setting upload destination. {"error":"Entity type not found in the URL parameters."}
2024-12-09T22:01:15.658Z [ERROR]: Error setting upload destination. {"error":"Entity type not found in the URL parameters."}
2024-12-09T22:01:16.279Z [ERROR]: Error setting upload destination. {"error":"Entity type not found in the URL parameters."}
2024-12-09T22:02:25.653Z [INFO]: MongoDB Connected: italy-activity-shard-00-00.kk3db.mongodb.net 
2024-12-12T04:53:31.369Z [ERROR]: MongoDB Connection Error: {"error":"querySrv ETIMEOUT _mongodb._tcp.italy-activity.kk3db.mongodb.net"}
2024-12-12T05:05:43.820Z [INFO]: MongoDB Connected: italy-activity-shard-00-01.kk3db.mongodb.net 
2024-12-12T05:12:44.826Z [INFO]: MongoDB Connected: italy-activity-shard-00-01.kk3db.mongodb.net 
2024-12-12T09:48:32.041Z [INFO]: MongoDB Connected: italy-activity-shard-00-01.kk3db.mongodb.net 
2024-12-12T09:59:23.739Z [INFO]: MongoDB Connected: italy-activity-shard-00-00.kk3db.mongodb.net 
2024-12-12T10:01:14.908Z [INFO]: MongoDB Connected: italy-activity-shard-00-00.kk3db.mongodb.net 
2024-12-12T10:02:21.807Z [ERROR]: MongoDB Connection Error: {"error":"Server selection timed out after 30000 ms"}
2024-12-12T10:03:27.339Z [INFO]: MongoDB Connected: italy-activity-shard-00-00.kk3db.mongodb.net 
2024-12-12T10:07:52.859Z [ERROR]: Error setting upload destination. {"error":"Entity type not found in the URL parameters."}
2024-12-12T10:07:53.144Z [ERROR]: Error setting upload destination. {"error":"Entity type not found in the URL parameters."}
2024-12-12T10:07:53.565Z [ERROR]: Error setting upload destination. {"error":"Entity type not found in the URL parameters."}
2024-12-12T10:07:54.276Z [ERROR]: Error setting upload destination. {"error":"Entity type not found in the URL parameters."}
2024-12-12T10:22:58.897Z [ERROR]: Error setting upload destination. {"error":"Entity type not found in the URL parameters."}
2024-12-12T10:22:59.270Z [ERROR]: Error setting upload destination. {"error":"Entity type not found in the URL parameters."}
2024-12-12T10:22:59.786Z [ERROR]: Error setting upload destination. {"error":"Entity type not found in the URL parameters."}
2024-12-12T10:23:00.672Z [ERROR]: Error setting upload destination. {"error":"Entity type not found in the URL parameters."}
2024-12-12T13:26:08.290Z [INFO]: MongoDB Connected: italy-activity-shard-00-02.kk3db.mongodb.net 
2024-12-12T16:45:37.083Z [ERROR]: MongoDB Connection Error: {"error":"querySrv ETIMEOUT _mongodb._tcp.italy-activity.kk3db.mongodb.net"}
2024-12-12T16:57:40.818Z [ERROR]: MongoDB Connection Error: {"error":"Could not connect to any servers in your MongoDB Atlas cluster. One common reason is that you're trying to access the database from an IP that isn't whitelisted. Make sure your current IP address is on your Atlas cluster's IP whitelist: https://www.mongodb.com/docs/atlas/security-whitelist/"}
2024-12-13T09:23:49.229Z [ERROR]: MongoDB Connection Error: {"error":"Could not connect to any servers in your MongoDB Atlas cluster. One common reason is that you're trying to access the database from an IP that isn't whitelisted. Make sure your current IP address is on your Atlas cluster's IP whitelist: https://www.mongodb.com/docs/atlas/security-whitelist/"}
2024-12-13T09:26:30.373Z [ERROR]: MongoDB Connection Error: {"error":"Could not connect to any servers in your MongoDB Atlas cluster. One common reason is that you're trying to access the database from an IP that isn't whitelisted. Make sure your current IP address is on your Atlas cluster's IP whitelist: https://www.mongodb.com/docs/atlas/security-whitelist/"}
2024-12-13T09:28:29.004Z [ERROR]: MongoDB Connection Error: {"error":"Server selection timed out after 30000 ms"}
2024-12-13T09:35:53.707Z [INFO]: MongoDB Connected: italy-activity-shard-00-02.kk3db.mongodb.net 
2024-12-13T10:02:50.760Z [INFO]: MongoDB Connected: italy-activity-shard-00-01.kk3db.mongodb.net 
2024-12-13T10:08:29.777Z [INFO]: MongoDB Connected: italy-activity-shard-00-01.kk3db.mongodb.net 
2024-12-13T10:10:59.537Z [INFO]: MongoDB Connected: italy-activity-shard-00-01.kk3db.mongodb.net 
2024-12-13T18:55:17.368Z [INFO]: MongoDB Connected: italy-activity-shard-00-00.kk3db.mongodb.net 
2024-12-14T14:45:47.576Z [ERROR]: MongoDB Connection Error: {"error":"querySrv ETIMEOUT _mongodb._tcp.italy-activity.kk3db.mongodb.net"}
2024-12-14T14:46:31.524Z [ERROR]: MongoDB Connection Error: {"error":"Could not connect to any servers in your MongoDB Atlas cluster. One common reason is that you're trying to access the database from an IP that isn't whitelisted. Make sure your current IP address is on your Atlas cluster's IP whitelist: https://www.mongodb.com/docs/atlas/security-whitelist/"}
2024-12-14T14:52:14.647Z [ERROR]: MongoDB Connection Error: {"error":"querySrv ETIMEOUT _mongodb._tcp.italy-activity.kk3db.mongodb.net"}
2024-12-14T14:55:04.796Z [INFO]: MongoDB Connected: italy-activity-shard-00-02.kk3db.mongodb.net 
2024-12-14T15:31:57.405Z [INFO]: MongoDB Connected: italy-activity-shard-00-00.kk3db.mongodb.net 
2024-12-14T15:51:42.962Z [INFO]: MongoDB Connected: italy-activity-shard-00-01.kk3db.mongodb.net 
2024-12-14T16:09:14.817Z [INFO]: MongoDB Connected: italy-activity-shard-00-02.kk3db.mongodb.net 
2024-12-14T16:10:07.760Z [INFO]: MongoDB Connected: italy-activity-shard-00-02.kk3db.mongodb.net 
2024-12-14T16:17:46.843Z [INFO]: MongoDB Connected: italy-activity-shard-00-01.kk3db.mongodb.net 
2024-12-14T16:19:43.590Z [INFO]: MongoDB Connected: italy-activity-shard-00-00.kk3db.mongodb.net 
2024-12-14T16:20:14.969Z [INFO]: MongoDB Connected: italy-activity-shard-00-00.kk3db.mongodb.net 
2024-12-14T16:21:06.000Z [INFO]: MongoDB Connected: italy-activity-shard-00-01.kk3db.mongodb.net 
2024-12-14T16:22:48.528Z [INFO]: MongoDB Connected: italy-activity-shard-00-02.kk3db.mongodb.net 
2024-12-14T16:23:00.270Z [INFO]: MongoDB Connected: italy-activity-shard-00-02.kk3db.mongodb.net 
2024-12-14T16:26:56.841Z [INFO]: MongoDB Connected: italy-activity-shard-00-02.kk3db.mongodb.net 
2024-12-14T16:27:39.605Z [INFO]: MongoDB Connected: italy-activity-shard-00-02.kk3db.mongodb.net 
2024-12-14T16:30:26.606Z [INFO]: MongoDB Connected: italy-activity-shard-00-00.kk3db.mongodb.net 
2024-12-14T16:51:52.454Z [ERROR]: MongoDB Connection Error: {"error":"querySrv ETIMEOUT _mongodb._tcp.italy-activity.kk3db.mongodb.net"}
2024-12-14T16:53:16.804Z [INFO]: MongoDB Connected: italy-activity-shard-00-00.kk3db.mongodb.net 
2024-12-14T17:02:14.741Z [INFO]: MongoDB Connected: italy-activity-shard-00-01.kk3db.mongodb.net 
2024-12-14T17:15:58.512Z [INFO]: MongoDB Connected: italy-activity-shard-00-00.kk3db.mongodb.net 
2024-12-14T17:46:54.543Z [INFO]: MongoDB Connected: italy-activity-shard-00-00.kk3db.mongodb.net 
2024-12-14T17:56:51.939Z [INFO]: MongoDB Connected: italy-activity-shard-00-02.kk3db.mongodb.net 
2024-12-14T17:58:28.188Z [INFO]: MongoDB Connected: italy-activity-shard-00-00.kk3db.mongodb.net 
2024-12-14T17:59:25.210Z [INFO]: MongoDB Connected: italy-activity-shard-00-00.kk3db.mongodb.net 
2024-12-14T17:59:40.447Z [INFO]: MongoDB Connected: italy-activity-shard-00-00.kk3db.mongodb.net 
2024-12-14T17:59:52.170Z [INFO]: MongoDB Connected: italy-activity-shard-00-00.kk3db.mongodb.net 
2024-12-14T18:00:14.236Z [INFO]: MongoDB Connected: italy-activity-shard-00-00.kk3db.mongodb.net 
2024-12-14T18:11:10.863Z [INFO]: MongoDB Connected: italy-activity-shard-00-02.kk3db.mongodb.net 
2024-12-14T18:17:45.457Z [INFO]: MongoDB Connected: italy-activity-shard-00-01.kk3db.mongodb.net 
2024-12-14T18:18:20.026Z [INFO]: MongoDB Connected: italy-activity-shard-00-01.kk3db.mongodb.net 
2024-12-14T18:20:15.148Z [INFO]: MongoDB Connected: italy-activity-shard-00-00.kk3db.mongodb.net 
2024-12-14T18:20:42.576Z [INFO]: MongoDB Connected: italy-activity-shard-00-00.kk3db.mongodb.net 
2024-12-14T18:29:02.188Z [INFO]: MongoDB Connected: italy-activity-shard-00-02.kk3db.mongodb.net 
2024-12-14T18:33:07.401Z [ERROR]: MongoDB Connection Error: {"error":"querySrv ETIMEOUT _mongodb._tcp.italy-activity.kk3db.mongodb.net"}
2024-12-14T18:33:25.258Z [ERROR]: MongoDB Connection Error: {"error":"querySrv ETIMEOUT _mongodb._tcp.italy-activity.kk3db.mongodb.net"}
2024-12-14T18:34:51.985Z [INFO]: MongoDB Connected: italy-activity-shard-00-01.kk3db.mongodb.net 
2024-12-14T18:37:22.111Z [INFO]: MongoDB Connected: italy-activity-shard-00-01.kk3db.mongodb.net 
2024-12-14T18:38:14.503Z [INFO]: MongoDB Connected: italy-activity-shard-00-01.kk3db.mongodb.net 
2024-12-14T18:38:44.334Z [ERROR]: MongoDB Connection Error: {"error":"querySrv ETIMEOUT _mongodb._tcp.italy-activity.kk3db.mongodb.net"}
2024-12-14T18:42:24.625Z [INFO]: MongoDB Connected: italy-activity-shard-00-00.kk3db.mongodb.net 
2024-12-14T18:45:29.069Z [INFO]: MongoDB Connected: italy-activity-shard-00-02.kk3db.mongodb.net 
2024-12-14T20:39:06.636Z [INFO]: MongoDB Connected: italy-activity-shard-00-02.kk3db.mongodb.net 
2024-12-14T20:40:43.501Z [INFO]: MongoDB Connected: italy-activity-shard-00-01.kk3db.mongodb.net 
2024-12-14T20:45:18.416Z [INFO]: MongoDB Connected: italy-activity-shard-00-02.kk3db.mongodb.net 
2024-12-14T20:47:27.451Z [INFO]: MongoDB Connected: italy-activity-shard-00-01.kk3db.mongodb.net 
2024-12-14T20:52:23.782Z [INFO]: MongoDB Connected: italy-activity-shard-00-01.kk3db.mongodb.net 
2024-12-14T20:53:36.362Z [INFO]: MongoDB Connected: italy-activity-shard-00-02.kk3db.mongodb.net 
2024-12-14T20:55:51.251Z [INFO]: MongoDB Connected: italy-activity-shard-00-00.kk3db.mongodb.net 
2024-12-14T20:57:25.659Z [INFO]: MongoDB Connected: italy-activity-shard-00-00.kk3db.mongodb.net 
2024-12-14T21:01:20.881Z [INFO]: MongoDB Connected: italy-activity-shard-00-01.kk3db.mongodb.net 
2024-12-14T21:26:42.242Z [INFO]: MongoDB Connected: italy-activity-shard-00-02.kk3db.mongodb.net 
2024-12-14T21:30:30.114Z [INFO]: MongoDB Connected: italy-activity-shard-00-01.kk3db.mongodb.net 
2024-12-14T21:32:28.033Z [INFO]: MongoDB Connected: italy-activity-shard-00-00.kk3db.mongodb.net 
2024-12-15T05:09:04.476Z [ERROR]: MongoDB Connection Error: {"error":"Could not connect to any servers in your MongoDB Atlas cluster. One common reason is that you're trying to access the database from an IP that isn't whitelisted. Make sure your current IP address is on your Atlas cluster's IP whitelist: https://www.mongodb.com/docs/atlas/security-whitelist/"}
2024-12-15T05:10:30.966Z [INFO]: MongoDB Connected: italy-activity-shard-00-00.kk3db.mongodb.net 
2024-12-15T17:05:19.039Z [INFO]: MongoDB Connected: italy-activity-shard-00-00.kk3db.mongodb.net 
2024-12-19T18:28:32.458Z [INFO]: MongoDB Connected: italy-activity-shard-00-02.kk3db.mongodb.net 
2024-12-21T04:40:47.348Z [INFO]: MongoDB Connected: italy-activity-shard-00-02.kk3db.mongodb.net 
2024-12-21T16:49:32.481Z [INFO]: MongoDB Connected: italy-activity-shard-00-01.kk3db.mongodb.net 
2024-12-21T16:56:38.220Z [INFO]: MongoDB Connected: italy-activity-shard-00-00.kk3db.mongodb.net 
2024-12-21T17:30:51.536Z [INFO]: MongoDB Connected: italy-activity-shard-00-02.kk3db.mongodb.net 
2024-12-21T17:31:12.853Z [INFO]: MongoDB Connected: italy-activity-shard-00-00.kk3db.mongodb.net 
2024-12-21T17:31:23.959Z [INFO]: MongoDB Connected: italy-activity-shard-00-01.kk3db.mongodb.net 
2024-12-21T18:57:57.952Z [INFO]: MongoDB Connected: italy-activity-shard-00-00.kk3db.mongodb.net 
2024-12-21T19:38:21.063Z [INFO]: MongoDB Connected: italy-activity-shard-00-00.kk3db.mongodb.net 
2024-12-21T19:51:20.947Z [INFO]: MongoDB Connected: italy-activity-shard-00-02.kk3db.mongodb.net 
2024-12-21T19:52:00.637Z [INFO]: MongoDB Connected: italy-activity-shard-00-01.kk3db.mongodb.net 
2024-12-21T19:53:24.265Z [INFO]: MongoDB Connected: italy-activity-shard-00-00.kk3db.mongodb.net 
2024-12-21T20:05:06.495Z [INFO]: MongoDB Connected: italy-activity-shard-00-00.kk3db.mongodb.net 
2024-12-21T20:05:49.141Z [INFO]: MongoDB Connected: italy-activity-shard-00-01.kk3db.mongodb.net 
2024-12-21T20:43:05.599Z [INFO]: MongoDB Connected: italy-activity-shard-00-01.kk3db.mongodb.net 
2024-12-21T20:58:15.241Z [INFO]: MongoDB Connected: italy-activity-shard-00-02.kk3db.mongodb.net 
2024-12-21T20:58:40.537Z [INFO]: MongoDB Connected: italy-activity-shard-00-00.kk3db.mongodb.net 
2024-12-21T20:58:53.576Z [INFO]: MongoDB Connected: italy-activity-shard-00-00.kk3db.mongodb.net 
2024-12-21T20:59:38.958Z [INFO]: MongoDB Connected: italy-activity-shard-00-02.kk3db.mongodb.net 
2024-12-21T20:59:53.493Z [INFO]: MongoDB Connected: italy-activity-shard-00-00.kk3db.mongodb.net 
2024-12-21T21:06:49.836Z [INFO]: MongoDB Connected: italy-activity-shard-00-01.kk3db.mongodb.net 
2024-12-21T21:07:31.635Z [INFO]: MongoDB Connected: italy-activity-shard-00-01.kk3db.mongodb.net 
2024-12-21T21:45:24.899Z [INFO]: MongoDB Connected: italy-activity-shard-00-02.kk3db.mongodb.net 
2024-12-21T23:20:04.081Z [INFO]: MongoDB Connected: italy-activity-shard-00-02.kk3db.mongodb.net 
2024-12-22T06:44:36.462Z [INFO]: MongoDB Connected: italy-activity-shard-00-01.kk3db.mongodb.net 
2024-12-22T08:42:12.208Z [INFO]: MongoDB Connected: italy-activity-shard-00-01.kk3db.mongodb.net 
2024-12-22T08:44:09.452Z [INFO]: MongoDB Connected: italy-activity-shard-00-00.kk3db.mongodb.net 
2024-12-22T08:44:23.193Z [INFO]: MongoDB Connected: italy-activity-shard-00-01.kk3db.mongodb.net 
2024-12-22T08:46:32.918Z [INFO]: MongoDB Connected: italy-activity-shard-00-02.kk3db.mongodb.net 
2024-12-22T08:47:48.728Z [INFO]: MongoDB Connected: italy-activity-shard-00-01.kk3db.mongodb.net 
2024-12-22T08:48:17.533Z [INFO]: MongoDB Connected: italy-activity-shard-00-00.kk3db.mongodb.net 
2024-12-22T08:49:24.017Z [INFO]: MongoDB Connected: italy-activity-shard-00-00.kk3db.mongodb.net 
2024-12-22T08:50:56.168Z [INFO]: MongoDB Connected: italy-activity-shard-00-02.kk3db.mongodb.net 
2024-12-22T08:51:19.049Z [INFO]: MongoDB Connected: italy-activity-shard-00-01.kk3db.mongodb.net 
2024-12-22T08:52:01.734Z [INFO]: MongoDB Connected: italy-activity-shard-00-02.kk3db.mongodb.net 
2024-12-22T09:13:15.360Z [INFO]: MongoDB Connected: italy-activity-shard-00-01.kk3db.mongodb.net 
2024-12-22T09:18:57.824Z [INFO]: MongoDB Connected: italy-activity-shard-00-02.kk3db.mongodb.net 
2024-12-22T09:19:14.094Z [INFO]: MongoDB Connected: italy-activity-shard-00-02.kk3db.mongodb.net 
2024-12-22T09:20:53.164Z [INFO]: MongoDB Connected: italy-activity-shard-00-00.kk3db.mongodb.net 
2024-12-22T09:25:43.271Z [INFO]: MongoDB Connected: italy-activity-shard-00-02.kk3db.mongodb.net 
2024-12-22T09:25:57.854Z [INFO]: MongoDB Connected: italy-activity-shard-00-00.kk3db.mongodb.net 
2024-12-22T09:26:16.901Z [INFO]: MongoDB Connected: italy-activity-shard-00-01.kk3db.mongodb.net 
2024-12-22T09:28:29.281Z [INFO]: MongoDB Connected: italy-activity-shard-00-00.kk3db.mongodb.net 
2024-12-22T09:28:41.505Z [INFO]: MongoDB Connected: italy-activity-shard-00-02.kk3db.mongodb.net 
2024-12-22T10:49:44.371Z [INFO]: MongoDB Connected: italy-activity-shard-00-01.kk3db.mongodb.net 
2024-12-22T10:56:32.799Z [INFO]: MongoDB Connected: italy-activity-shard-00-00.kk3db.mongodb.net 
2024-12-22T11:14:14.838Z [INFO]: MongoDB Connected: italy-activity-shard-00-01.kk3db.mongodb.net 
2024-12-22T11:18:00.374Z [INFO]: MongoDB Connected: italy-activity-shard-00-00.kk3db.mongodb.net 
2024-12-22T11:20:22.756Z [INFO]: MongoDB Connected: italy-activity-shard-00-02.kk3db.mongodb.net 
2024-12-22T11:21:38.640Z [INFO]: MongoDB Connected: italy-activity-shard-00-01.kk3db.mongodb.net 
2024-12-22T11:22:05.520Z [INFO]: MongoDB Connected: italy-activity-shard-00-00.kk3db.mongodb.net 
2024-12-22T11:22:50.177Z [INFO]: MongoDB Connected: italy-activity-shard-00-02.kk3db.mongodb.net 
2024-12-22T11:42:58.713Z [INFO]: MongoDB Connected: italy-activity-shard-00-02.kk3db.mongodb.net 
2024-12-22T12:30:48.236Z [INFO]: MongoDB Connected: italy-activity-shard-00-02.kk3db.mongodb.net 
2024-12-22T13:44:20.147Z [INFO]: MongoDB Connected: italy-activity-shard-00-00.kk3db.mongodb.net 
2024-12-22T13:55:49.731Z [INFO]: MongoDB Connected: italy-activity-shard-00-00.kk3db.mongodb.net 
2024-12-22T13:58:27.663Z [INFO]: MongoDB Connected: italy-activity-shard-00-01.kk3db.mongodb.net 
2024-12-22T14:01:13.020Z [INFO]: MongoDB Connected: italy-activity-shard-00-00.kk3db.mongodb.net 
2024-12-22T14:01:40.827Z [INFO]: MongoDB Connected: italy-activity-shard-00-00.kk3db.mongodb.net 
2024-12-22T14:22:56.520Z [INFO]: MongoDB Connected: italy-activity-shard-00-00.kk3db.mongodb.net 
2024-12-22T14:24:49.784Z [INFO]: MongoDB Connected: italy-activity-shard-00-01.kk3db.mongodb.net 
2024-12-22T14:29:26.329Z [INFO]: MongoDB Connected: italy-activity-shard-00-02.kk3db.mongodb.net 
2024-12-22T14:36:16.654Z [INFO]: MongoDB Connected: italy-activity-shard-00-01.kk3db.mongodb.net 
2024-12-22T14:37:27.246Z [INFO]: MongoDB Connected: italy-activity-shard-00-00.kk3db.mongodb.net 
2024-12-22T14:37:58.693Z [INFO]: MongoDB Connected: italy-activity-shard-00-01.kk3db.mongodb.net 
2024-12-22T14:41:22.471Z [INFO]: MongoDB Connected: italy-activity-shard-00-00.kk3db.mongodb.net 
2024-12-23T18:00:58.559Z [INFO]: MongoDB Connected: italy-activity-shard-00-00.kk3db.mongodb.net 
2024-12-23T18:26:18.713Z [ERROR]: MongoDB Connection Error: {"error":"querySrv ETIMEOUT _mongodb._tcp.italy-activity.kk3db.mongodb.net"}
2024-12-23T18:30:38.896Z [ERROR]: MongoDB Connection Error: {"error":"querySrv ETIMEOUT _mongodb._tcp.italy-activity.kk3db.mongodb.net"}
2024-12-23T18:33:06.797Z [ERROR]: MongoDB Connection Error: {"error":"querySrv ETIMEOUT _mongodb._tcp.italy-activity.kk3db.mongodb.net"}
2024-12-23T18:37:04.998Z [ERROR]: MongoDB Connection Error: {"error":"querySrv ETIMEOUT _mongodb._tcp.italy-activity.kk3db.mongodb.net"}
2024-12-23T18:42:15.328Z [ERROR]: MongoDB Connection Error: {"error":"querySrv ETIMEOUT _mongodb._tcp.italy-activity.kk3db.mongodb.net"}
2024-12-23T18:45:18.088Z [INFO]: MongoDB Connected: italy-activity-shard-00-01.kk3db.mongodb.net 
2024-12-23T20:06:27.814Z [INFO]: MongoDB Connected: italy-activity-shard-00-00.kk3db.mongodb.net 
2024-12-24T04:16:01.549Z [INFO]: MongoDB Connected: italy-activity-shard-00-02.kk3db.mongodb.net 
2024-12-24T04:30:25.969Z [INFO]: MongoDB Connected: italy-activity-shard-00-00.kk3db.mongodb.net 
2024-12-24T04:31:06.207Z [INFO]: MongoDB Connected: italy-activity-shard-00-00.kk3db.mongodb.net 
2024-12-24T04:42:05.672Z [INFO]: MongoDB Connected: italy-activity-shard-00-02.kk3db.mongodb.net 
2024-12-24T04:45:43.352Z [INFO]: MongoDB Connected: italy-activity-shard-00-00.kk3db.mongodb.net 
2024-12-24T04:47:00.411Z [INFO]: MongoDB Connected: italy-activity-shard-00-01.kk3db.mongodb.net 
2024-12-24T04:55:26.690Z [INFO]: MongoDB Connected: italy-activity-shard-00-02.kk3db.mongodb.net 
2024-12-24T04:57:47.387Z [INFO]: MongoDB Connected: italy-activity-shard-00-02.kk3db.mongodb.net 
2024-12-24T05:01:18.297Z [INFO]: MongoDB Connected: italy-activity-shard-00-02.kk3db.mongodb.net 
2024-12-24T05:49:32.291Z [INFO]: MongoDB Connected: italy-activity-shard-00-01.kk3db.mongodb.net 
2024-12-26T10:05:01.908Z [INFO]: MongoDB Connected: italy-activity-shard-00-00.kk3db.mongodb.net 
2024-12-26T10:06:04.538Z [INFO]: MongoDB Connected: italy-activity-shard-00-02.kk3db.mongodb.net 
2024-12-26T10:13:49.474Z [INFO]: MongoDB Connected: italy-activity-shard-00-01.kk3db.mongodb.net 
2024-12-26T10:30:58.362Z [INFO]: MongoDB Connected: italy-activity-shard-00-00.kk3db.mongodb.net 
2024-12-26T10:35:22.995Z [INFO]: MongoDB Connected: italy-activity-shard-00-02.kk3db.mongodb.net 
2024-12-26T10:35:33.620Z [INFO]: MongoDB Connected: italy-activity-shard-00-00.kk3db.mongodb.net 
2024-12-26T10:48:48.462Z [INFO]: MongoDB Connected: italy-activity-shard-00-01.kk3db.mongodb.net 
2024-12-26T10:49:22.176Z [INFO]: MongoDB Connected: italy-activity-shard-00-02.kk3db.mongodb.net 
2024-12-26T10:49:48.735Z [INFO]: MongoDB Connected: italy-activity-shard-00-02.kk3db.mongodb.net 
2024-12-26T10:49:57.595Z [INFO]: MongoDB Connected: italy-activity-shard-00-00.kk3db.mongodb.net 
2024-12-26T10:50:18.581Z [INFO]: MongoDB Connected: italy-activity-shard-00-01.kk3db.mongodb.net 
2024-12-26T10:51:59.837Z [INFO]: MongoDB Connected: italy-activity-shard-00-00.kk3db.mongodb.net 
2024-12-26T10:56:15.131Z [INFO]: MongoDB Connected: italy-activity-shard-00-01.kk3db.mongodb.net 
2024-12-26T11:28:28.367Z [INFO]: MongoDB Connected: italy-activity-shard-00-01.kk3db.mongodb.net 
2024-12-26T11:29:43.994Z [INFO]: MongoDB Connected: italy-activity-shard-00-01.kk3db.mongodb.net 
2024-12-26T22:38:52.818Z [INFO]: MongoDB Connected: italy-activity-shard-00-01.kk3db.mongodb.net 
2024-12-26T22:41:45.339Z [INFO]: MongoDB Connected: italy-activity-shard-00-01.kk3db.mongodb.net 
2024-12-26T22:41:59.483Z [INFO]: MongoDB Connected: italy-activity-shard-00-02.kk3db.mongodb.net 
2024-12-26T22:42:12.746Z [INFO]: MongoDB Connected: italy-activity-shard-00-02.kk3db.mongodb.net 
2024-12-26T22:44:02.721Z [INFO]: MongoDB Connected: italy-activity-shard-00-02.kk3db.mongodb.net 
2024-12-26T22:44:29.493Z [INFO]: MongoDB Connected: italy-activity-shard-00-01.kk3db.mongodb.net 
2024-12-26T22:44:57.366Z [INFO]: MongoDB Connected: italy-activity-shard-00-02.kk3db.mongodb.net 
2024-12-26T22:45:39.184Z [INFO]: MongoDB Connected: italy-activity-shard-00-01.kk3db.mongodb.net 
2024-12-26T22:48:37.131Z [INFO]: MongoDB Connected: italy-activity-shard-00-02.kk3db.mongodb.net 
2024-12-26T22:48:49.796Z [INFO]: MongoDB Connected: italy-activity-shard-00-02.kk3db.mongodb.net 
2024-12-26T22:49:42.641Z [INFO]: MongoDB Connected: italy-activity-shard-00-02.kk3db.mongodb.net 
2024-12-26T22:49:57.505Z [INFO]: MongoDB Connected: italy-activity-shard-00-01.kk3db.mongodb.net 
2024-12-26T22:50:35.750Z [INFO]: MongoDB Connected: italy-activity-shard-00-01.kk3db.mongodb.net 
2024-12-26T22:53:13.112Z [INFO]: MongoDB Connected: italy-activity-shard-00-00.kk3db.mongodb.net 
2024-12-26T22:54:39.357Z [INFO]: MongoDB Connected: italy-activity-shard-00-02.kk3db.mongodb.net 
2024-12-26T22:54:52.268Z [INFO]: MongoDB Connected: italy-activity-shard-00-02.kk3db.mongodb.net 
2024-12-26T22:55:06.720Z [INFO]: MongoDB Connected: italy-activity-shard-00-01.kk3db.mongodb.net 
2024-12-26T22:55:46.818Z [INFO]: MongoDB Connected: italy-activity-shard-00-02.kk3db.mongodb.net 
2024-12-26T22:56:06.594Z [INFO]: MongoDB Connected: italy-activity-shard-00-00.kk3db.mongodb.net 
2024-12-26T22:57:02.447Z [INFO]: MongoDB Connected: italy-activity-shard-00-01.kk3db.mongodb.net 
2024-12-26T22:57:29.361Z [INFO]: MongoDB Connected: italy-activity-shard-00-02.kk3db.mongodb.net 
2024-12-26T22:59:48.166Z [INFO]: MongoDB Connected: italy-activity-shard-00-01.kk3db.mongodb.net 
2024-12-26T22:59:59.611Z [INFO]: MongoDB Connected: italy-activity-shard-00-01.kk3db.mongodb.net 
2024-12-26T23:00:38.133Z [INFO]: MongoDB Connected: italy-activity-shard-00-02.kk3db.mongodb.net 
2024-12-26T23:03:16.272Z [INFO]: MongoDB Connected: italy-activity-shard-00-00.kk3db.mongodb.net 
2024-12-26T23:03:47.381Z [INFO]: MongoDB Connected: italy-activity-shard-00-02.kk3db.mongodb.net 
2024-12-26T23:04:06.194Z [INFO]: MongoDB Connected: italy-activity-shard-00-00.kk3db.mongodb.net 
2024-12-26T23:04:36.756Z [INFO]: MongoDB Connected: italy-activity-shard-00-00.kk3db.mongodb.net 
2024-12-26T23:05:26.959Z [INFO]: MongoDB Connected: italy-activity-shard-00-01.kk3db.mongodb.net 
2024-12-26T23:06:38.586Z [INFO]: MongoDB Connected: italy-activity-shard-00-01.kk3db.mongodb.net 
2024-12-26T23:07:40.839Z [INFO]: MongoDB Connected: italy-activity-shard-00-02.kk3db.mongodb.net 
2024-12-26T23:08:48.337Z [INFO]: MongoDB Connected: italy-activity-shard-00-00.kk3db.mongodb.net 
2024-12-26T23:10:55.434Z [INFO]: MongoDB Connected: italy-activity-shard-00-00.kk3db.mongodb.net 
2024-12-26T23:11:16.231Z [INFO]: MongoDB Connected: italy-activity-shard-00-01.kk3db.mongodb.net 
2024-12-26T23:11:45.235Z [INFO]: MongoDB Connected: italy-activity-shard-00-02.kk3db.mongodb.net 
2024-12-26T23:11:58.375Z [INFO]: MongoDB Connected: italy-activity-shard-00-02.kk3db.mongodb.net 
2024-12-26T23:12:26.760Z [INFO]: MongoDB Connected: italy-activity-shard-00-01.kk3db.mongodb.net 
2024-12-26T23:13:21.800Z [INFO]: MongoDB Connected: italy-activity-shard-00-01.kk3db.mongodb.net 
2024-12-26T23:14:31.476Z [INFO]: MongoDB Connected: italy-activity-shard-00-00.kk3db.mongodb.net 
2024-12-26T23:15:32.344Z [INFO]: MongoDB Connected: italy-activity-shard-00-00.kk3db.mongodb.net 
2024-12-26T23:15:44.856Z [INFO]: MongoDB Connected: italy-activity-shard-00-02.kk3db.mongodb.net 
2024-12-26T23:15:56.518Z [INFO]: MongoDB Connected: italy-activity-shard-00-00.kk3db.mongodb.net 
2024-12-26T23:16:18.007Z [INFO]: MongoDB Connected: italy-activity-shard-00-00.kk3db.mongodb.net 
2024-12-26T23:21:16.538Z [INFO]: MongoDB Connected: italy-activity-shard-00-00.kk3db.mongodb.net 
2024-12-26T23:22:16.617Z [INFO]: MongoDB Connected: italy-activity-shard-00-01.kk3db.mongodb.net 
2024-12-26T23:23:33.577Z [INFO]: MongoDB Connected: italy-activity-shard-00-02.kk3db.mongodb.net 
2024-12-26T23:24:43.131Z [INFO]: MongoDB Connected: italy-activity-shard-00-00.kk3db.mongodb.net 
2024-12-26T23:26:37.464Z [INFO]: MongoDB Connected: italy-activity-shard-00-02.kk3db.mongodb.net 
2024-12-26T23:26:57.670Z [INFO]: MongoDB Connected: italy-activity-shard-00-00.kk3db.mongodb.net 
2024-12-26T23:27:18.130Z [INFO]: MongoDB Connected: italy-activity-shard-00-02.kk3db.mongodb.net 
2024-12-26T23:30:45.090Z [INFO]: MongoDB Connected: italy-activity-shard-00-00.kk3db.mongodb.net 
2024-12-26T23:31:21.135Z [INFO]: MongoDB Connected: italy-activity-shard-00-02.kk3db.mongodb.net 
2024-12-26T23:33:45.763Z [INFO]: MongoDB Connected: italy-activity-shard-00-02.kk3db.mongodb.net 
2024-12-26T23:34:24.124Z [INFO]: MongoDB Connected: italy-activity-shard-00-01.kk3db.mongodb.net 
2024-12-26T23:34:37.385Z [INFO]: MongoDB Connected: italy-activity-shard-00-01.kk3db.mongodb.net 
2024-12-26T23:39:29.255Z [INFO]: MongoDB Connected: italy-activity-shard-00-00.kk3db.mongodb.net 
2024-12-26T23:42:47.118Z [INFO]: MongoDB Connected: italy-activity-shard-00-01.kk3db.mongodb.net 
2024-12-26T23:51:26.833Z [INFO]: MongoDB Connected: italy-activity-shard-00-00.kk3db.mongodb.net 
2024-12-26T23:52:05.178Z [INFO]: MongoDB Connected: italy-activity-shard-00-01.kk3db.mongodb.net 
2024-12-26T23:52:19.442Z [INFO]: MongoDB Connected: italy-activity-shard-00-00.kk3db.mongodb.net 
2024-12-26T23:54:40.154Z [INFO]: MongoDB Connected: italy-activity-shard-00-00.kk3db.mongodb.net 
2024-12-27T05:00:40.173Z [INFO]: MongoDB Connected: italy-activity-shard-00-00.kk3db.mongodb.net 
2024-12-27T06:34:51.437Z [INFO]: MongoDB Connected: italy-activity-shard-00-00.kk3db.mongodb.net 
2024-12-27T06:35:04.062Z [INFO]: MongoDB Connected: italy-activity-shard-00-02.kk3db.mongodb.net 
2024-12-27T06:35:23.350Z [INFO]: MongoDB Connected: italy-activity-shard-00-02.kk3db.mongodb.net 
2024-12-27T06:36:01.358Z [INFO]: MongoDB Connected: italy-activity-shard-00-02.kk3db.mongodb.net 
2024-12-27T06:36:10.661Z [INFO]: MongoDB Connected: italy-activity-shard-00-01.kk3db.mongodb.net 
2024-12-27T06:36:35.018Z [INFO]: MongoDB Connected: italy-activity-shard-00-01.kk3db.mongodb.net 
2024-12-27T06:37:57.488Z [INFO]: MongoDB Connected: italy-activity-shard-00-00.kk3db.mongodb.net 
2024-12-27T06:39:08.500Z [INFO]: MongoDB Connected: italy-activity-shard-00-01.kk3db.mongodb.net 
2024-12-27T06:54:50.678Z [INFO]: MongoDB Connected: italy-activity-shard-00-02.kk3db.mongodb.net 
2024-12-27T06:55:09.995Z [INFO]: MongoDB Connected: italy-activity-shard-00-00.kk3db.mongodb.net 
2024-12-27T08:56:16.463Z [INFO]: MongoDB Connected: italy-activity-shard-00-02.kk3db.mongodb.net 
2024-12-27T08:56:41.899Z [INFO]: MongoDB Connected: italy-activity-shard-00-00.kk3db.mongodb.net 
2024-12-27T08:57:21.383Z [INFO]: MongoDB Connected: italy-activity-shard-00-01.kk3db.mongodb.net 
2024-12-27T09:02:37.798Z [INFO]: MongoDB Connected: italy-activity-shard-00-02.kk3db.mongodb.net 
2024-12-27T09:04:38.176Z [INFO]: MongoDB Connected: italy-activity-shard-00-01.kk3db.mongodb.net 
2024-12-27T09:20:41.834Z [INFO]: MongoDB Connected: italy-activity-shard-00-02.kk3db.mongodb.net 
2024-12-27T09:41:35.694Z [INFO]: MongoDB Connected: italy-activity-shard-00-00.kk3db.mongodb.net 
2024-12-27T09:42:13.827Z [INFO]: MongoDB Connected: italy-activity-shard-00-01.kk3db.mongodb.net 
2024-12-27T11:07:29.109Z [INFO]: MongoDB Connected: italy-activity-shard-00-02.kk3db.mongodb.net 
2024-12-27T11:11:52.121Z [INFO]: MongoDB Connected: italy-activity-shard-00-01.kk3db.mongodb.net 
2024-12-27T11:15:45.534Z [INFO]: MongoDB Connected: italy-activity-shard-00-00.kk3db.mongodb.net 
2024-12-27T11:17:05.832Z [INFO]: MongoDB Connected: italy-activity-shard-00-02.kk3db.mongodb.net 
2024-12-27T11:17:16.850Z [INFO]: MongoDB Connected: italy-activity-shard-00-01.kk3db.mongodb.net 
2024-12-27T18:35:40.972Z [INFO]: MongoDB Connected: italy-activity-shard-00-02.kk3db.mongodb.net 
2024-12-27T19:24:57.137Z [INFO]: MongoDB Connected: italy-activity-shard-00-02.kk3db.mongodb.net 
2024-12-27T19:34:28.376Z [INFO]: MongoDB Connected: italy-activity-shard-00-01.kk3db.mongodb.net 
2024-12-27T19:34:43.491Z [INFO]: MongoDB Connected: italy-activity-shard-00-01.kk3db.mongodb.net 
2024-12-27T19:35:54.799Z [INFO]: MongoDB Connected: italy-activity-shard-00-00.kk3db.mongodb.net 
2024-12-27T19:36:13.946Z [INFO]: MongoDB Connected: italy-activity-shard-00-02.kk3db.mongodb.net 
2024-12-27T19:36:33.720Z [INFO]: MongoDB Connected: italy-activity-shard-00-02.kk3db.mongodb.net 
2024-12-27T19:36:40.782Z [INFO]: MongoDB Connected: italy-activity-shard-00-02.kk3db.mongodb.net 
2024-12-27T19:44:17.197Z [INFO]: MongoDB Connected: italy-activity-shard-00-02.kk3db.mongodb.net 
2024-12-27T19:44:38.960Z [INFO]: MongoDB Connected: italy-activity-shard-00-00.kk3db.mongodb.net 
2024-12-27T19:45:15.630Z [INFO]: MongoDB Connected: italy-activity-shard-00-00.kk3db.mongodb.net 
2024-12-27T19:56:14.801Z [INFO]: MongoDB Connected: italy-activity-shard-00-00.kk3db.mongodb.net 
2024-12-27T20:00:32.903Z [INFO]: MongoDB Connected: italy-activity-shard-00-02.kk3db.mongodb.net 
2024-12-27T20:01:12.302Z [INFO]: MongoDB Connected: italy-activity-shard-00-02.kk3db.mongodb.net 
2024-12-27T20:02:19.448Z [INFO]: MongoDB Connected: italy-activity-shard-00-02.kk3db.mongodb.net 
2024-12-27T20:03:10.088Z [INFO]: MongoDB Connected: italy-activity-shard-00-02.kk3db.mongodb.net 
2024-12-27T20:15:50.402Z [INFO]: MongoDB Connected: italy-activity-shard-00-02.kk3db.mongodb.net 
2024-12-27T20:39:00.881Z [INFO]: MongoDB Connected: italy-activity-shard-00-02.kk3db.mongodb.net 
2024-12-27T20:39:52.182Z [INFO]: MongoDB Connected: italy-activity-shard-00-02.kk3db.mongodb.net 
2024-12-27T20:48:50.909Z [INFO]: MongoDB Connected: italy-activity-shard-00-00.kk3db.mongodb.net 
2024-12-27T20:49:08.705Z [INFO]: MongoDB Connected: italy-activity-shard-00-02.kk3db.mongodb.net 
2024-12-27T21:24:12.202Z [INFO]: MongoDB Connected: italy-activity-shard-00-00.kk3db.mongodb.net 
2024-12-27T21:46:09.729Z [INFO]: MongoDB Connected: italy-activity-shard-00-02.kk3db.mongodb.net 
2024-12-27T22:09:05.399Z [INFO]: MongoDB Connected: italy-activity-shard-00-00.kk3db.mongodb.net 
2024-12-27T22:10:09.480Z [INFO]: MongoDB Connected: italy-activity-shard-00-00.kk3db.mongodb.net 
2024-12-27T22:13:13.531Z [INFO]: MongoDB Connected: italy-activity-shard-00-02.kk3db.mongodb.net 
2024-12-27T22:14:40.747Z [INFO]: MongoDB Connected: italy-activity-shard-00-01.kk3db.mongodb.net 
2024-12-28T03:57:59.553Z [INFO]: MongoDB Connected: italy-activity-shard-00-02.kk3db.mongodb.net 
2024-12-28T10:23:50.504Z [INFO]: MongoDB Connected: italy-activity-shard-00-02.kk3db.mongodb.net 
2024-12-28T12:22:06.926Z [INFO]: MongoDB Connected: italy-activity-shard-00-01.kk3db.mongodb.net 
2024-12-28T12:28:39.583Z [INFO]: MongoDB Connected: italy-activity-shard-00-00.kk3db.mongodb.net 
2024-12-28T12:28:59.578Z [INFO]: MongoDB Connected: italy-activity-shard-00-02.kk3db.mongodb.net 
2024-12-28T12:41:00.276Z [INFO]: MongoDB Connected: italy-activity-shard-00-00.kk3db.mongodb.net 
2024-12-28T12:42:35.511Z [INFO]: MongoDB Connected: italy-activity-shard-00-00.kk3db.mongodb.net 
2024-12-28T13:33:20.315Z [INFO]: MongoDB Connected: italy-activity-shard-00-00.kk3db.mongodb.net 
2024-12-28T13:33:59.218Z [INFO]: MongoDB Connected: italy-activity-shard-00-02.kk3db.mongodb.net 
2024-12-28T13:37:24.866Z [INFO]: MongoDB Connected: italy-activity-shard-00-01.kk3db.mongodb.net 
2024-12-28T13:37:41.147Z [INFO]: MongoDB Connected: italy-activity-shard-00-00.kk3db.mongodb.net 
2024-12-28T13:48:32.809Z [INFO]: MongoDB Connected: italy-activity-shard-00-01.kk3db.mongodb.net 
2024-12-28T15:51:40.589Z [INFO]: MongoDB Connected: italy-activity-shard-00-02.kk3db.mongodb.net 
2024-12-28T16:09:32.884Z [INFO]: MongoDB Connected: italy-activity-shard-00-01.kk3db.mongodb.net 
2024-12-28T16:11:36.511Z [INFO]: MongoDB Connected: italy-activity-shard-00-02.kk3db.mongodb.net 
2024-12-28T16:12:15.727Z [INFO]: MongoDB Connected: italy-activity-shard-00-00.kk3db.mongodb.net 
2024-12-28T16:13:00.587Z [INFO]: MongoDB Connected: italy-activity-shard-00-02.kk3db.mongodb.net 
2024-12-28T16:14:04.705Z [INFO]: MongoDB Connected: italy-activity-shard-00-01.kk3db.mongodb.net 
2024-12-28T16:15:35.541Z [INFO]: MongoDB Connected: italy-activity-shard-00-00.kk3db.mongodb.net 
2024-12-28T16:16:18.294Z [INFO]: MongoDB Connected: italy-activity-shard-00-01.kk3db.mongodb.net 
2024-12-28T16:17:29.446Z [INFO]: MongoDB Connected: italy-activity-shard-00-01.kk3db.mongodb.net 
2024-12-28T16:17:47.864Z [INFO]: MongoDB Connected: italy-activity-shard-00-00.kk3db.mongodb.net 
2024-12-28T16:18:15.914Z [INFO]: MongoDB Connected: italy-activity-shard-00-01.kk3db.mongodb.net 
2024-12-28T16:21:20.805Z [INFO]: MongoDB Connected: italy-activity-shard-00-00.kk3db.mongodb.net 
2024-12-28T17:16:31.822Z [INFO]: MongoDB Connected: italy-activity-shard-00-01.kk3db.mongodb.net 
2024-12-28T17:17:22.164Z [INFO]: MongoDB Connected: italy-activity-shard-00-02.kk3db.mongodb.net 
2024-12-28T17:17:50.367Z [INFO]: MongoDB Connected: italy-activity-shard-00-01.kk3db.mongodb.net 
2024-12-28T17:18:03.579Z [INFO]: MongoDB Connected: italy-activity-shard-00-00.kk3db.mongodb.net 
2024-12-28T17:19:27.632Z [INFO]: MongoDB Connected: italy-activity-shard-00-01.kk3db.mongodb.net 
2024-12-28T17:21:18.497Z [INFO]: MongoDB Connected: italy-activity-shard-00-02.kk3db.mongodb.net 
2024-12-28T17:22:58.825Z [INFO]: MongoDB Connected: italy-activity-shard-00-02.kk3db.mongodb.net 
2024-12-28T17:23:28.345Z [INFO]: MongoDB Connected: italy-activity-shard-00-00.kk3db.mongodb.net 
2024-12-28T17:28:12.022Z [INFO]: MongoDB Connected: italy-activity-shard-00-01.kk3db.mongodb.net 
2024-12-28T18:27:28.295Z [INFO]: MongoDB Connected: italy-activity-shard-00-01.kk3db.mongodb.net 
2024-12-28T18:47:41.199Z [INFO]: MongoDB Connected: italy-activity-shard-00-00.kk3db.mongodb.net 
2024-12-28T18:49:37.098Z [INFO]: MongoDB Connected: italy-activity-shard-00-01.kk3db.mongodb.net 
2024-12-28T20:17:21.391Z [INFO]: MongoDB Connected: italy-activity-shard-00-01.kk3db.mongodb.net 
2024-12-28T20:32:12.187Z [INFO]: MongoDB Connected: italy-activity-shard-00-01.kk3db.mongodb.net 
2024-12-28T20:38:15.727Z [INFO]: MongoDB Connected: italy-activity-shard-00-02.kk3db.mongodb.net 
2024-12-28T20:56:14.528Z [INFO]: MongoDB Connected: italy-activity-shard-00-01.kk3db.mongodb.net 
2024-12-28T21:05:32.337Z [INFO]: MongoDB Connected: italy-activity-shard-00-01.kk3db.mongodb.net 
2024-12-28T21:06:26.258Z [INFO]: MongoDB Connected: italy-activity-shard-00-00.kk3db.mongodb.net 
2024-12-28T21:08:06.351Z [INFO]: MongoDB Connected: italy-activity-shard-00-01.kk3db.mongodb.net 
2024-12-28T21:08:23.284Z [INFO]: MongoDB Connected: italy-activity-shard-00-00.kk3db.mongodb.net 
2024-12-28T21:08:37.992Z [INFO]: MongoDB Connected: italy-activity-shard-00-00.kk3db.mongodb.net 
2024-12-28T21:09:27.558Z [INFO]: MongoDB Connected: italy-activity-shard-00-02.kk3db.mongodb.net 
2024-12-28T21:17:33.628Z [INFO]: MongoDB Connected: italy-activity-shard-00-00.kk3db.mongodb.net 
2024-12-28T21:18:36.000Z [INFO]: MongoDB Connected: italy-activity-shard-00-00.kk3db.mongodb.net 
2024-12-28T21:19:34.346Z [INFO]: MongoDB Connected: italy-activity-shard-00-00.kk3db.mongodb.net 
2024-12-28T21:20:34.647Z [INFO]: MongoDB Connected: italy-activity-shard-00-00.kk3db.mongodb.net 
2024-12-28T21:21:05.515Z [INFO]: MongoDB Connected: italy-activity-shard-00-01.kk3db.mongodb.net 
2024-12-28T21:22:17.352Z [INFO]: MongoDB Connected: italy-activity-shard-00-00.kk3db.mongodb.net 
2024-12-28T21:24:52.344Z [INFO]: MongoDB Connected: italy-activity-shard-00-02.kk3db.mongodb.net 
2024-12-28T21:25:54.172Z [INFO]: MongoDB Connected: italy-activity-shard-00-01.kk3db.mongodb.net 
2024-12-28T21:26:33.800Z [INFO]: MongoDB Connected: italy-activity-shard-00-01.kk3db.mongodb.net 
2024-12-28T21:27:41.922Z [INFO]: MongoDB Connected: italy-activity-shard-00-00.kk3db.mongodb.net 
2024-12-28T21:28:38.727Z [INFO]: MongoDB Connected: italy-activity-shard-00-02.kk3db.mongodb.net 
2024-12-28T21:29:59.776Z [INFO]: MongoDB Connected: italy-activity-shard-00-01.kk3db.mongodb.net 
2024-12-28T21:31:16.434Z [INFO]: MongoDB Connected: italy-activity-shard-00-01.kk3db.mongodb.net 
2024-12-28T21:35:02.064Z [INFO]: MongoDB Connected: italy-activity-shard-00-02.kk3db.mongodb.net 
2024-12-28T21:36:01.689Z [INFO]: MongoDB Connected: italy-activity-shard-00-02.kk3db.mongodb.net 
2024-12-28T21:38:02.935Z [INFO]: MongoDB Connected: italy-activity-shard-00-00.kk3db.mongodb.net 
2024-12-28T21:38:24.408Z [INFO]: MongoDB Connected: italy-activity-shard-00-00.kk3db.mongodb.net 
2024-12-28T21:39:13.708Z [INFO]: MongoDB Connected: italy-activity-shard-00-02.kk3db.mongodb.net 
2024-12-28T21:40:06.254Z [INFO]: MongoDB Connected: italy-activity-shard-00-02.kk3db.mongodb.net 
2024-12-28T21:41:35.088Z [INFO]: MongoDB Connected: italy-activity-shard-00-00.kk3db.mongodb.net 
2024-12-28T21:57:49.090Z [INFO]: MongoDB Connected: italy-activity-shard-00-01.kk3db.mongodb.net 
2024-12-28T21:58:00.524Z [INFO]: MongoDB Connected: italy-activity-shard-00-01.kk3db.mongodb.net 
2024-12-28T21:58:23.410Z [INFO]: MongoDB Connected: italy-activity-shard-00-02.kk3db.mongodb.net 
2024-12-28T21:59:46.475Z [INFO]: MongoDB Connected: italy-activity-shard-00-01.kk3db.mongodb.net 
2024-12-28T22:00:10.898Z [INFO]: MongoDB Connected: italy-activity-shard-00-00.kk3db.mongodb.net 
2024-12-28T22:21:33.281Z [INFO]: MongoDB Connected: italy-activity-shard-00-01.kk3db.mongodb.net 
2024-12-28T22:22:49.405Z [INFO]: MongoDB Connected: italy-activity-shard-00-02.kk3db.mongodb.net 
2024-12-28T22:24:51.897Z [INFO]: MongoDB Connected: italy-activity-shard-00-00.kk3db.mongodb.net 
2024-12-28T22:25:17.104Z [INFO]: MongoDB Connected: italy-activity-shard-00-02.kk3db.mongodb.net 
2024-12-29T06:08:13.280Z [INFO]: MongoDB Connected: italy-activity-shard-00-01.kk3db.mongodb.net 
2024-12-29T07:20:47.894Z [INFO]: MongoDB Connected: italy-activity-shard-00-01.kk3db.mongodb.net 
2024-12-29T07:21:19.283Z [INFO]: MongoDB Connected: italy-activity-shard-00-01.kk3db.mongodb.net 
2024-12-29T07:35:52.171Z [INFO]: MongoDB Connected: italy-activity-shard-00-01.kk3db.mongodb.net 
2024-12-29T07:36:59.207Z [INFO]: MongoDB Connected: italy-activity-shard-00-01.kk3db.mongodb.net 
2024-12-29T07:37:57.330Z [INFO]: MongoDB Connected: italy-activity-shard-00-00.kk3db.mongodb.net 
2024-12-29T07:38:22.733Z [INFO]: MongoDB Connected: italy-activity-shard-00-01.kk3db.mongodb.net 
2024-12-29T07:38:43.455Z [INFO]: MongoDB Connected: italy-activity-shard-00-01.kk3db.mongodb.net 
2024-12-29T07:38:56.597Z [INFO]: MongoDB Connected: italy-activity-shard-00-02.kk3db.mongodb.net 
2024-12-29T07:39:28.896Z [INFO]: MongoDB Connected: italy-activity-shard-00-02.kk3db.mongodb.net 
2024-12-29T07:39:40.561Z [INFO]: MongoDB Connected: italy-activity-shard-00-02.kk3db.mongodb.net 
2024-12-29T07:40:07.743Z [INFO]: MongoDB Connected: italy-activity-shard-00-01.kk3db.mongodb.net 
2024-12-29T07:51:11.591Z [INFO]: MongoDB Connected: italy-activity-shard-00-00.kk3db.mongodb.net 
2024-12-29T07:54:13.750Z [INFO]: MongoDB Connected: italy-activity-shard-00-01.kk3db.mongodb.net 
2024-12-29T07:54:56.202Z [INFO]: MongoDB Connected: italy-activity-shard-00-00.kk3db.mongodb.net 
2024-12-29T07:55:16.629Z [INFO]: MongoDB Connected: italy-activity-shard-00-01.kk3db.mongodb.net 
2024-12-29T07:56:19.766Z [INFO]: MongoDB Connected: italy-activity-shard-00-00.kk3db.mongodb.net 
2024-12-29T08:15:19.881Z [INFO]: MongoDB Connected: italy-activity-shard-00-01.kk3db.mongodb.net 
2024-12-29T08:17:19.258Z [INFO]: MongoDB Connected: italy-activity-shard-00-02.kk3db.mongodb.net 
2024-12-29T08:19:17.405Z [INFO]: MongoDB Connected: italy-activity-shard-00-02.kk3db.mongodb.net 
2024-12-29T08:19:56.933Z [INFO]: MongoDB Connected: italy-activity-shard-00-00.kk3db.mongodb.net 
2024-12-29T08:45:45.955Z [INFO]: MongoDB Connected: italy-activity-shard-00-00.kk3db.mongodb.net 
2024-12-29T09:06:24.308Z [INFO]: MongoDB Connected: italy-activity-shard-00-00.kk3db.mongodb.net 
2024-12-29T12:30:08.750Z [INFO]: MongoDB Connected: italy-activity-shard-00-01.kk3db.mongodb.net 
2024-12-29T12:31:55.979Z [INFO]: MongoDB Connected: italy-activity-shard-00-00.kk3db.mongodb.net 
2024-12-29T12:33:56.147Z [INFO]: MongoDB Connected: italy-activity-shard-00-01.kk3db.mongodb.net 
2024-12-29T12:34:35.080Z [INFO]: MongoDB Connected: italy-activity-shard-00-02.kk3db.mongodb.net 
2024-12-29T12:36:01.867Z [INFO]: MongoDB Connected: italy-activity-shard-00-02.kk3db.mongodb.net 
2024-12-29T12:40:10.824Z [INFO]: MongoDB Connected: italy-activity-shard-00-01.kk3db.mongodb.net 
2024-12-29T12:40:48.911Z [INFO]: MongoDB Connected: italy-activity-shard-00-02.kk3db.mongodb.net 
2024-12-29T12:41:23.108Z [INFO]: MongoDB Connected: italy-activity-shard-00-00.kk3db.mongodb.net 
2024-12-29T12:46:51.802Z [INFO]: MongoDB Connected: italy-activity-shard-00-00.kk3db.mongodb.net 
2024-12-29T12:52:24.974Z [INFO]: MongoDB Connected: italy-activity-shard-00-00.kk3db.mongodb.net 
2024-12-29T12:53:07.679Z [INFO]: MongoDB Connected: italy-activity-shard-00-01.kk3db.mongodb.net 
2024-12-29T12:53:32.267Z [INFO]: MongoDB Connected: italy-activity-shard-00-02.kk3db.mongodb.net 
2024-12-29T13:17:45.274Z [INFO]: MongoDB Connected: italy-activity-shard-00-00.kk3db.mongodb.net 
2024-12-29T13:27:34.193Z [INFO]: MongoDB Connected: italy-activity-shard-00-00.kk3db.mongodb.net 
2024-12-29T14:18:15.361Z [INFO]: MongoDB Connected: italy-activity-shard-00-00.kk3db.mongodb.net 
2024-12-29T16:44:17.741Z [INFO]: MongoDB Connected: italy-activity-shard-00-02.kk3db.mongodb.net 
2024-12-29T17:26:02.584Z [INFO]: MongoDB Connected: italy-activity-shard-00-00.kk3db.mongodb.net 
2024-12-29T17:27:50.534Z [INFO]: MongoDB Connected: italy-activity-shard-00-02.kk3db.mongodb.net 
2024-12-29T17:28:48.896Z [INFO]: MongoDB Connected: italy-activity-shard-00-00.kk3db.mongodb.net 
2024-12-29T17:29:24.585Z [INFO]: MongoDB Connected: italy-activity-shard-00-01.kk3db.mongodb.net 
2024-12-29T17:42:36.554Z [INFO]: MongoDB Connected: italy-activity-shard-00-01.kk3db.mongodb.net 
2024-12-29T17:46:28.661Z [INFO]: MongoDB Connected: italy-activity-shard-00-01.kk3db.mongodb.net 
2024-12-29T19:32:35.550Z [INFO]: MongoDB Connected: italy-activity-shard-00-02.kk3db.mongodb.net 
2024-12-29T19:33:17.714Z [INFO]: MongoDB Connected: italy-activity-shard-00-01.kk3db.mongodb.net 
2024-12-29T19:39:48.983Z [INFO]: MongoDB Connected: italy-activity-shard-00-01.kk3db.mongodb.net 
2024-12-29T19:43:33.171Z [INFO]: MongoDB Connected: italy-activity-shard-00-00.kk3db.mongodb.net 
2024-12-29T19:44:11.858Z [INFO]: MongoDB Connected: italy-activity-shard-00-00.kk3db.mongodb.net 
2024-12-29T19:54:05.912Z [INFO]: MongoDB Connected: italy-activity-shard-00-00.kk3db.mongodb.net 
2024-12-29T19:58:07.836Z [INFO]: MongoDB Connected: italy-activity-shard-00-01.kk3db.mongodb.net 
2024-12-29T19:59:52.850Z [INFO]: MongoDB Connected: italy-activity-shard-00-02.kk3db.mongodb.net 
2024-12-29T20:00:06.506Z [INFO]: MongoDB Connected: italy-activity-shard-00-01.kk3db.mongodb.net 
2024-12-29T20:00:30.026Z [INFO]: MongoDB Connected: italy-activity-shard-00-01.kk3db.mongodb.net 
2024-12-29T20:03:00.137Z [INFO]: MongoDB Connected: italy-activity-shard-00-00.kk3db.mongodb.net 
2024-12-29T20:03:43.242Z [INFO]: MongoDB Connected: italy-activity-shard-00-00.kk3db.mongodb.net 
2024-12-29T20:04:25.841Z [INFO]: MongoDB Connected: italy-activity-shard-00-00.kk3db.mongodb.net 
2024-12-29T20:14:25.079Z [INFO]: MongoDB Connected: italy-activity-shard-00-02.kk3db.mongodb.net 
2024-12-29T20:14:59.832Z [INFO]: MongoDB Connected: italy-activity-shard-00-00.kk3db.mongodb.net 
2024-12-29T20:15:19.272Z [INFO]: MongoDB Connected: italy-activity-shard-00-00.kk3db.mongodb.net 
2024-12-29T20:16:31.858Z [INFO]: MongoDB Connected: italy-activity-shard-00-02.kk3db.mongodb.net 
2024-12-29T20:18:16.997Z [INFO]: MongoDB Connected: italy-activity-shard-00-00.kk3db.mongodb.net 
2024-12-29T20:18:26.130Z [INFO]: MongoDB Connected: italy-activity-shard-00-00.kk3db.mongodb.net 
2024-12-29T20:19:10.048Z [INFO]: MongoDB Connected: italy-activity-shard-00-00.kk3db.mongodb.net 
2024-12-29T20:19:21.676Z [INFO]: MongoDB Connected: italy-activity-shard-00-02.kk3db.mongodb.net 
2024-12-29T20:21:27.039Z [INFO]: MongoDB Connected: italy-activity-shard-00-00.kk3db.mongodb.net 
2024-12-29T20:21:41.564Z [INFO]: MongoDB Connected: italy-activity-shard-00-02.kk3db.mongodb.net 
2024-12-29T20:22:30.837Z [INFO]: MongoDB Connected: italy-activity-shard-00-00.kk3db.mongodb.net 
2024-12-29T20:23:06.492Z [INFO]: MongoDB Connected: italy-activity-shard-00-01.kk3db.mongodb.net 
2024-12-29T20:23:51.708Z [INFO]: MongoDB Connected: italy-activity-shard-00-01.kk3db.mongodb.net 
2024-12-29T20:24:52.731Z [INFO]: MongoDB Connected: italy-activity-shard-00-02.kk3db.mongodb.net 
2024-12-29T20:26:03.525Z [INFO]: MongoDB Connected: italy-activity-shard-00-01.kk3db.mongodb.net 
2024-12-29T20:26:48.591Z [INFO]: MongoDB Connected: italy-activity-shard-00-01.kk3db.mongodb.net 
2024-12-29T20:27:31.242Z [INFO]: MongoDB Connected: italy-activity-shard-00-00.kk3db.mongodb.net 
2024-12-29T20:36:36.774Z [INFO]: MongoDB Connected: italy-activity-shard-00-02.kk3db.mongodb.net 
2024-12-29T20:37:30.183Z [INFO]: MongoDB Connected: italy-activity-shard-00-01.kk3db.mongodb.net 
2024-12-29T20:49:21.719Z [INFO]: MongoDB Connected: italy-activity-shard-00-02.kk3db.mongodb.net 
2024-12-29T20:53:39.999Z [INFO]: MongoDB Connected: italy-activity-shard-00-01.kk3db.mongodb.net 
2024-12-29T20:59:27.170Z [INFO]: MongoDB Connected: italy-activity-shard-00-00.kk3db.mongodb.net 
2024-12-29T21:02:22.545Z [INFO]: MongoDB Connected: italy-activity-shard-00-00.kk3db.mongodb.net 
2024-12-29T21:03:27.160Z [INFO]: MongoDB Connected: italy-activity-shard-00-01.kk3db.mongodb.net 
2024-12-29T21:03:38.134Z [INFO]: MongoDB Connected: italy-activity-shard-00-01.kk3db.mongodb.net 
2024-12-29T21:07:12.965Z [INFO]: MongoDB Connected: italy-activity-shard-00-00.kk3db.mongodb.net 
2024-12-29T21:07:26.261Z [INFO]: MongoDB Connected: italy-activity-shard-00-00.kk3db.mongodb.net 
2024-12-29T21:07:58.948Z [INFO]: MongoDB Connected: italy-activity-shard-00-01.kk3db.mongodb.net 
2024-12-29T21:09:26.951Z [INFO]: MongoDB Connected: italy-activity-shard-00-00.kk3db.mongodb.net 
2024-12-29T21:10:48.826Z [INFO]: MongoDB Connected: italy-activity-shard-00-02.kk3db.mongodb.net 
2025-01-01T05:17:42.659Z [INFO]: MongoDB Connected: italy-activity-shard-00-00.kk3db.mongodb.net 
2025-01-04T14:47:32.605Z [INFO]: MongoDB Connected: italy-activity-shard-00-00.kk3db.mongodb.net 
2025-01-05T10:11:20.956Z [INFO]: MongoDB Connected: italy-activity-shard-00-00.kk3db.mongodb.net 
2025-01-05T10:11:33.282Z [INFO]: MongoDB Connected: italy-activity-shard-00-02.kk3db.mongodb.net 
2025-01-05T16:02:43.811Z [INFO]: MongoDB Connected: italy-activity-shard-00-00.kk3db.mongodb.net 
2025-01-06T05:45:48.132Z [INFO]: MongoDB Connected: italy-activity-shard-00-00.kk3db.mongodb.net 
2025-01-06T20:34:16.380Z [INFO]: MongoDB Connected: italy-activity-shard-00-00.kk3db.mongodb.net 
2025-01-06T20:40:56.614Z [INFO]: MongoDB Connected: italy-activity-shard-00-00.kk3db.mongodb.net 
2025-01-06T21:01:40.647Z [INFO]: MongoDB Connected: italy-activity-shard-00-00.kk3db.mongodb.net 
2025-01-06T21:16:30.251Z [INFO]: MongoDB Connected: italy-activity-shard-00-00.kk3db.mongodb.net 
2025-01-07T04:41:35.889Z [INFO]: MongoDB Connected: italy-activity-shard-00-00.kk3db.mongodb.net 
2025-01-07T10:03:52.867Z [INFO]: MongoDB Connected: italy-activity-shard-00-00.kk3db.mongodb.net 
2025-01-07T12:59:28.144Z [INFO]: MongoDB Connected: italy-activity-shard-00-00.kk3db.mongodb.net 
2025-01-07T13:02:16.229Z [INFO]: MongoDB Connected: italy-activity-shard-00-00.kk3db.mongodb.net 
2025-01-07T13:02:47.459Z [INFO]: MongoDB Connected: italy-activity-shard-00-02.kk3db.mongodb.net 
2025-01-07T13:03:39.813Z [INFO]: MongoDB Connected: italy-activity-shard-00-02.kk3db.mongodb.net 
2025-01-07T13:04:55.799Z [INFO]: MongoDB Connected: italy-activity-shard-00-00.kk3db.mongodb.net 
2025-01-07T13:14:29.713Z [INFO]: MongoDB Connected: italy-activity-shard-00-00.kk3db.mongodb.net 
2025-01-07T13:14:41.550Z [INFO]: MongoDB Connected: italy-activity-shard-00-00.kk3db.mongodb.net 
2025-01-07T13:20:30.491Z [INFO]: MongoDB Connected: italy-activity-shard-00-00.kk3db.mongodb.net 
2025-01-07T13:47:30.456Z [INFO]: MongoDB Connected: italy-activity-shard-00-00.kk3db.mongodb.net 
2025-01-07T13:47:41.640Z [INFO]: MongoDB Connected: italy-activity-shard-00-00.kk3db.mongodb.net 
2025-01-07T13:48:26.464Z [INFO]: MongoDB Connected: italy-activity-shard-00-01.kk3db.mongodb.net 
2025-01-07T13:48:38.167Z [INFO]: MongoDB Connected: italy-activity-shard-00-00.kk3db.mongodb.net 
2025-01-07T13:48:48.659Z [INFO]: MongoDB Connected: italy-activity-shard-00-02.kk3db.mongodb.net 
2025-01-07T13:57:15.651Z [INFO]: MongoDB Connected: italy-activity-shard-00-00.kk3db.mongodb.net 
2025-01-07T15:44:16.828Z [INFO]: MongoDB Connected: italy-activity-shard-00-00.kk3db.mongodb.net 
2025-01-07T15:44:45.235Z [INFO]: MongoDB Connected: italy-activity-shard-00-02.kk3db.mongodb.net 
2025-01-07T15:48:45.680Z [INFO]: MongoDB Connected: italy-activity-shard-00-00.kk3db.mongodb.net 
2025-01-07T16:08:41.737Z [INFO]: MongoDB Connected: italy-activity-shard-00-00.kk3db.mongodb.net 
2025-01-07T16:09:06.445Z [INFO]: MongoDB Connected: italy-activity-shard-00-02.kk3db.mongodb.net 
2025-01-07T16:14:01.543Z [INFO]: MongoDB Connected: italy-activity-shard-00-00.kk3db.mongodb.net 
2025-01-07T16:15:17.716Z [INFO]: MongoDB Connected: italy-activity-shard-00-00.kk3db.mongodb.net 
2025-01-07T16:46:47.779Z [INFO]: MongoDB Connected: italy-activity-shard-00-00.kk3db.mongodb.net 
2025-01-07T18:17:35.531Z [INFO]: MongoDB Connected: italy-activity-shard-00-00.kk3db.mongodb.net 
2025-01-07T18:18:11.839Z [INFO]: MongoDB Connected: italy-activity-shard-00-02.kk3db.mongodb.net 
2025-01-07T18:19:27.874Z [INFO]: MongoDB Connected: italy-activity-shard-00-00.kk3db.mongodb.net 
2025-01-07T18:20:13.630Z [INFO]: MongoDB Connected: italy-activity-shard-00-02.kk3db.mongodb.net 
2025-01-08T08:22:28.180Z [INFO]: MongoDB Connected: italy-activity-shard-00-00.kk3db.mongodb.net 
2025-01-08T08:25:44.599Z [INFO]: MongoDB Connected: italy-activity-shard-00-00.kk3db.mongodb.net 
2025-01-08T11:37:00.031Z [INFO]: MongoDB Connected: italy-activity-shard-00-00.kk3db.mongodb.net 
2025-01-08T16:39:49.021Z [INFO]: MongoDB Connected: italy-activity-shard-00-00.kk3db.mongodb.net 
2025-01-08T16:52:13.435Z [INFO]: MongoDB Connected: italy-activity-shard-00-00.kk3db.mongodb.net 
2025-01-08T16:52:32.697Z [INFO]: MongoDB Connected: italy-activity-shard-00-02.kk3db.mongodb.net 
2025-01-08T16:53:01.520Z [INFO]: MongoDB Connected: italy-activity-shard-00-00.kk3db.mongodb.net 
2025-01-08T16:53:16.896Z [INFO]: MongoDB Connected: italy-activity-shard-00-00.kk3db.mongodb.net 
2025-01-08T16:53:29.880Z [INFO]: MongoDB Connected: italy-activity-shard-00-02.kk3db.mongodb.net 
2025-01-08T16:53:43.215Z [INFO]: MongoDB Connected: italy-activity-shard-00-00.kk3db.mongodb.net 
2025-01-08T16:54:24.343Z [INFO]: MongoDB Connected: italy-activity-shard-00-00.kk3db.mongodb.net 
2025-01-08T16:54:34.187Z [INFO]: MongoDB Connected: italy-activity-shard-00-02.kk3db.mongodb.net 
2025-01-08T16:54:43.923Z [INFO]: MongoDB Connected: italy-activity-shard-00-00.kk3db.mongodb.net 
2025-01-08T16:55:13.526Z [INFO]: MongoDB Connected: italy-activity-shard-00-01.kk3db.mongodb.net 
2025-01-08T16:55:57.241Z [INFO]: MongoDB Connected: italy-activity-shard-00-00.kk3db.mongodb.net 
2025-01-08T16:56:15.900Z [INFO]: MongoDB Connected: italy-activity-shard-00-02.kk3db.mongodb.net 
2025-01-08T16:57:15.499Z [INFO]: MongoDB Connected: italy-activity-shard-00-00.kk3db.mongodb.net 
2025-01-08T16:57:42.488Z [INFO]: MongoDB Connected: italy-activity-shard-00-02.kk3db.mongodb.net 
2025-01-08T16:57:53.298Z [INFO]: MongoDB Connected: italy-activity-shard-00-00.kk3db.mongodb.net 
2025-01-08T16:58:15.625Z [INFO]: MongoDB Connected: italy-activity-shard-00-00.kk3db.mongodb.net 
2025-01-08T16:59:14.466Z [INFO]: MongoDB Connected: italy-activity-shard-00-02.kk3db.mongodb.net 
2025-01-08T17:00:18.431Z [INFO]: MongoDB Connected: italy-activity-shard-00-00.kk3db.mongodb.net 
2025-01-08T17:00:46.007Z [INFO]: MongoDB Connected: italy-activity-shard-00-02.kk3db.mongodb.net 
2025-01-08T17:01:35.945Z [INFO]: MongoDB Connected: italy-activity-shard-00-02.kk3db.mongodb.net 
2025-01-08T17:01:48.800Z [INFO]: MongoDB Connected: italy-activity-shard-00-00.kk3db.mongodb.net 
2025-01-08T17:02:05.918Z [INFO]: MongoDB Connected: italy-activity-shard-00-01.kk3db.mongodb.net 
2025-01-08T17:02:36.557Z [INFO]: MongoDB Connected: italy-activity-shard-00-00.kk3db.mongodb.net 
2025-01-08T17:02:53.374Z [INFO]: MongoDB Connected: italy-activity-shard-00-02.kk3db.mongodb.net 
2025-01-08T19:55:05.297Z [INFO]: MongoDB Connected: italy-activity-shard-00-00.kk3db.mongodb.net 
2025-01-08T19:55:53.847Z [INFO]: MongoDB Connected: italy-activity-shard-00-02.kk3db.mongodb.net 
2025-01-08T19:56:02.102Z [INFO]: MongoDB Connected: italy-activity-shard-00-00.kk3db.mongodb.net 
2025-01-08T19:58:33.154Z [INFO]: MongoDB Connected: italy-activity-shard-00-00.kk3db.mongodb.net 
2025-01-08T19:58:59.780Z [INFO]: MongoDB Connected: italy-activity-shard-00-02.kk3db.mongodb.net 
2025-01-08T19:59:08.949Z [INFO]: MongoDB Connected: italy-activity-shard-00-00.kk3db.mongodb.net 
2025-01-08T19:59:21.970Z [INFO]: MongoDB Connected: italy-activity-shard-00-01.kk3db.mongodb.net 
2025-01-08T19:59:39.697Z [INFO]: MongoDB Connected: italy-activity-shard-00-00.kk3db.mongodb.net 
2025-01-08T19:59:55.791Z [INFO]: MongoDB Connected: italy-activity-shard-00-02.kk3db.mongodb.net 
2025-01-08T20:00:16.414Z [INFO]: MongoDB Connected: italy-activity-shard-00-00.kk3db.mongodb.net 
2025-01-08T20:00:29.264Z [INFO]: MongoDB Connected: italy-activity-shard-00-01.kk3db.mongodb.net 
2025-01-08T20:01:21.529Z [INFO]: MongoDB Connected: italy-activity-shard-00-00.kk3db.mongodb.net 
2025-01-08T20:01:57.095Z [INFO]: MongoDB Connected: italy-activity-shard-00-02.kk3db.mongodb.net 
2025-01-08T20:02:13.199Z [INFO]: MongoDB Connected: italy-activity-shard-00-00.kk3db.mongodb.net 
2025-01-08T20:02:51.288Z [INFO]: MongoDB Connected: italy-activity-shard-00-00.kk3db.mongodb.net 
2025-01-08T20:05:29.313Z [INFO]: MongoDB Connected: italy-activity-shard-00-00.kk3db.mongodb.net 
2025-01-08T20:06:36.455Z [INFO]: MongoDB Connected: italy-activity-shard-00-00.kk3db.mongodb.net 
2025-01-08T20:07:02.612Z [INFO]: MongoDB Connected: italy-activity-shard-00-02.kk3db.mongodb.net 
2025-01-08T20:07:13.952Z [INFO]: MongoDB Connected: italy-activity-shard-00-00.kk3db.mongodb.net 
2025-01-08T20:07:46.956Z [INFO]: MongoDB Connected: italy-activity-shard-00-00.kk3db.mongodb.net 
2025-01-08T20:08:21.304Z [INFO]: MongoDB Connected: italy-activity-shard-00-02.kk3db.mongodb.net 
2025-01-08T20:09:01.471Z [INFO]: MongoDB Connected: italy-activity-shard-00-00.kk3db.mongodb.net 
2025-01-08T20:09:44.779Z [INFO]: MongoDB Connected: italy-activity-shard-00-02.kk3db.mongodb.net 
2025-01-08T20:10:48.173Z [INFO]: MongoDB Connected: italy-activity-shard-00-00.kk3db.mongodb.net 
2025-01-08T20:23:48.087Z [INFO]: MongoDB Connected: italy-activity-shard-00-00.kk3db.mongodb.net 
2025-01-08T20:25:41.503Z [INFO]: MongoDB Connected: italy-activity-shard-00-02.kk3db.mongodb.net 
2025-01-08T20:26:05.348Z [INFO]: MongoDB Connected: italy-activity-shard-00-00.kk3db.mongodb.net 
2025-01-08T20:34:27.917Z [INFO]: MongoDB Connected: italy-activity-shard-00-00.kk3db.mongodb.net 
2025-01-08T20:34:50.906Z [INFO]: MongoDB Connected: italy-activity-shard-00-02.kk3db.mongodb.net 
2025-01-08T20:35:11.858Z [INFO]: MongoDB Connected: italy-activity-shard-00-00.kk3db.mongodb.net 
2025-01-08T20:35:21.058Z [INFO]: MongoDB Connected: italy-activity-shard-00-01.kk3db.mongodb.net 
2025-01-08T20:38:22.919Z [INFO]: MongoDB Connected: italy-activity-shard-00-00.kk3db.mongodb.net 
2025-01-08T20:40:21.231Z [INFO]: MongoDB Connected: italy-activity-shard-00-00.kk3db.mongodb.net 
2025-01-08T20:40:33.663Z [INFO]: MongoDB Connected: italy-activity-shard-00-02.kk3db.mongodb.net 
2025-01-08T20:42:17.721Z [INFO]: MongoDB Connected: italy-activity-shard-00-00.kk3db.mongodb.net 
2025-01-08T20:42:44.239Z [INFO]: MongoDB Connected: italy-activity-shard-00-02.kk3db.mongodb.net 
2025-01-08T20:43:56.922Z [INFO]: MongoDB Connected: italy-activity-shard-00-02.kk3db.mongodb.net 
2025-01-08T20:45:19.708Z [INFO]: MongoDB Connected: italy-activity-shard-00-00.kk3db.mongodb.net 
2025-01-08T20:45:30.185Z [INFO]: MongoDB Connected: italy-activity-shard-00-02.kk3db.mongodb.net 
2025-01-08T20:48:06.418Z [INFO]: MongoDB Connected: italy-activity-shard-00-00.kk3db.mongodb.net 
2025-01-08T20:48:22.317Z [INFO]: MongoDB Connected: italy-activity-shard-00-02.kk3db.mongodb.net 
2025-01-08T20:50:26.570Z [INFO]: MongoDB Connected: italy-activity-shard-00-00.kk3db.mongodb.net 
2025-01-08T20:50:36.364Z [INFO]: MongoDB Connected: italy-activity-shard-00-02.kk3db.mongodb.net 
2025-01-08T20:50:44.041Z [INFO]: MongoDB Connected: italy-activity-shard-00-00.kk3db.mongodb.net 
2025-01-08T20:50:57.454Z [INFO]: MongoDB Connected: italy-activity-shard-00-02.kk3db.mongodb.net 
2025-01-08T20:51:17.324Z [INFO]: MongoDB Connected: italy-activity-shard-00-00.kk3db.mongodb.net 
2025-01-08T20:51:25.523Z [INFO]: MongoDB Connected: italy-activity-shard-00-01.kk3db.mongodb.net 
2025-01-08T20:51:32.576Z [INFO]: MongoDB Connected: italy-activity-shard-00-00.kk3db.mongodb.net 
2025-01-08T20:53:17.777Z [INFO]: MongoDB Connected: italy-activity-shard-00-00.kk3db.mongodb.net 
2025-01-08T20:55:48.634Z [INFO]: MongoDB Connected: italy-activity-shard-00-00.kk3db.mongodb.net 
2025-01-08T20:56:19.575Z [INFO]: MongoDB Connected: italy-activity-shard-00-02.kk3db.mongodb.net 
2025-01-08T20:56:40.244Z [INFO]: MongoDB Connected: italy-activity-shard-00-00.kk3db.mongodb.net 
2025-01-08T20:57:10.577Z [INFO]: MongoDB Connected: italy-activity-shard-00-00.kk3db.mongodb.net 
2025-01-08T20:57:28.910Z [INFO]: MongoDB Connected: italy-activity-shard-00-02.kk3db.mongodb.net 
2025-01-08T20:58:34.283Z [INFO]: MongoDB Connected: italy-activity-shard-00-00.kk3db.mongodb.net 
2025-01-08T20:59:07.509Z [INFO]: MongoDB Connected: italy-activity-shard-00-02.kk3db.mongodb.net 
2025-01-08T21:26:52.665Z [INFO]: MongoDB Connected: italy-activity-shard-00-00.kk3db.mongodb.net 
2025-01-08T21:28:46.748Z [INFO]: MongoDB Connected: italy-activity-shard-00-00.kk3db.mongodb.net 
2025-01-08T21:29:16.100Z [INFO]: MongoDB Connected: italy-activity-shard-00-02.kk3db.mongodb.net 
2025-01-08T21:30:06.948Z [INFO]: MongoDB Connected: italy-activity-shard-00-00.kk3db.mongodb.net 
2025-01-08T21:30:50.268Z [INFO]: MongoDB Connected: italy-activity-shard-00-02.kk3db.mongodb.net 
2025-01-08T21:31:16.214Z [INFO]: MongoDB Connected: italy-activity-shard-00-00.kk3db.mongodb.net 
2025-01-08T21:31:48.586Z [INFO]: MongoDB Connected: italy-activity-shard-00-02.kk3db.mongodb.net 
2025-01-08T21:32:17.018Z [INFO]: MongoDB Connected: italy-activity-shard-00-00.kk3db.mongodb.net 
2025-01-09T04:52:01.723Z [INFO]: MongoDB Connected: italy-activity-shard-00-00.kk3db.mongodb.net 
2025-01-09T04:52:43.107Z [INFO]: MongoDB Connected: italy-activity-shard-00-02.kk3db.mongodb.net 
2025-01-09T04:54:20.454Z [INFO]: MongoDB Connected: italy-activity-shard-00-00.kk3db.mongodb.net 
2025-01-09T04:58:39.316Z [INFO]: MongoDB Connected: italy-activity-shard-00-00.kk3db.mongodb.net 
2025-01-09T05:00:54.334Z [INFO]: MongoDB Connected: italy-activity-shard-00-00.kk3db.mongodb.net 
2025-01-09T05:03:26.450Z [INFO]: MongoDB Connected: italy-activity-shard-00-00.kk3db.mongodb.net 
2025-01-09T05:03:43.838Z [INFO]: MongoDB Connected: italy-activity-shard-00-02.kk3db.mongodb.net 
2025-01-09T05:04:41.040Z [INFO]: MongoDB Connected: italy-activity-shard-00-00.kk3db.mongodb.net 
2025-01-09T05:05:13.638Z [INFO]: MongoDB Connected: italy-activity-shard-00-02.kk3db.mongodb.net 
2025-01-09T05:15:30.776Z [INFO]: MongoDB Connected: italy-activity-shard-00-00.kk3db.mongodb.net 
2025-01-09T05:17:52.149Z [INFO]: MongoDB Connected: italy-activity-shard-00-00.kk3db.mongodb.net 
2025-01-09T05:18:43.635Z [INFO]: MongoDB Connected: italy-activity-shard-00-02.kk3db.mongodb.net 
2025-01-09T07:03:57.402Z [INFO]: MongoDB Connected: italy-activity-shard-00-00.kk3db.mongodb.net 
2025-01-09T07:04:34.600Z [INFO]: MongoDB Connected: italy-activity-shard-00-02.kk3db.mongodb.net 
2025-01-09T07:05:50.961Z [INFO]: MongoDB Connected: italy-activity-shard-00-02.kk3db.mongodb.net 
2025-01-09T07:06:11.971Z [INFO]: MongoDB Connected: italy-activity-shard-00-00.kk3db.mongodb.net 
2025-01-09T07:06:34.616Z [INFO]: MongoDB Connected: italy-activity-shard-00-02.kk3db.mongodb.net 
2025-01-09T07:08:37.163Z [INFO]: MongoDB Connected: italy-activity-shard-00-00.kk3db.mongodb.net 
2025-01-09T07:09:17.985Z [INFO]: MongoDB Connected: italy-activity-shard-00-02.kk3db.mongodb.net 
2025-01-09T07:10:09.224Z [INFO]: MongoDB Connected: italy-activity-shard-00-00.kk3db.mongodb.net 
2025-01-09T10:09:40.842Z [INFO]: MongoDB Connected: italy-activity-shard-00-00.kk3db.mongodb.net 
2025-01-09T10:11:09.850Z [INFO]: MongoDB Connected: italy-activity-shard-00-02.kk3db.mongodb.net 
2025-01-09T10:11:22.627Z [INFO]: MongoDB Connected: italy-activity-shard-00-00.kk3db.mongodb.net 
2025-01-09T10:12:55.365Z [INFO]: MongoDB Connected: italy-activity-shard-00-00.kk3db.mongodb.net 
2025-01-09T10:14:40.493Z [INFO]: MongoDB Connected: italy-activity-shard-00-00.kk3db.mongodb.net 
2025-01-09T10:17:07.122Z [INFO]: MongoDB Connected: italy-activity-shard-00-00.kk3db.mongodb.net 
2025-01-09T10:19:28.192Z [INFO]: MongoDB Connected: italy-activity-shard-00-00.kk3db.mongodb.net 
2025-01-09T13:07:43.352Z [INFO]: MongoDB Connected: italy-activity-shard-00-00.kk3db.mongodb.net 
2025-01-09T13:07:53.719Z [INFO]: MongoDB Connected: italy-activity-shard-00-02.kk3db.mongodb.net 
2025-01-09T13:08:30.242Z [INFO]: MongoDB Connected: italy-activity-shard-00-00.kk3db.mongodb.net 
2025-01-09T13:10:40.421Z [INFO]: MongoDB Connected: italy-activity-shard-00-00.kk3db.mongodb.net 
2025-01-09T13:11:10.997Z [INFO]: MongoDB Connected: italy-activity-shard-00-02.kk3db.mongodb.net 
2025-01-09T13:12:33.763Z [INFO]: MongoDB Connected: italy-activity-shard-00-00.kk3db.mongodb.net 
2025-01-09T13:13:06.751Z [INFO]: MongoDB Connected: italy-activity-shard-00-02.kk3db.mongodb.net 
2025-01-09T13:16:48.745Z [INFO]: MongoDB Connected: italy-activity-shard-00-00.kk3db.mongodb.net 
2025-01-09T13:20:13.833Z [INFO]: MongoDB Connected: italy-activity-shard-00-00.kk3db.mongodb.net 
2025-01-09T13:23:35.049Z [INFO]: MongoDB Connected: italy-activity-shard-00-00.kk3db.mongodb.net 
2025-01-09T13:24:58.788Z [INFO]: MongoDB Connected: italy-activity-shard-00-00.kk3db.mongodb.net 
2025-01-09T13:25:11.519Z [INFO]: MongoDB Connected: italy-activity-shard-00-02.kk3db.mongodb.net 
2025-01-09T13:25:28.363Z [INFO]: MongoDB Connected: italy-activity-shard-00-00.kk3db.mongodb.net 
2025-01-09T13:29:21.063Z [INFO]: MongoDB Connected: italy-activity-shard-00-00.kk3db.mongodb.net 
2025-01-09T13:34:19.525Z [INFO]: MongoDB Connected: italy-activity-shard-00-00.kk3db.mongodb.net 
2025-01-09T13:34:36.389Z [INFO]: MongoDB Connected: italy-activity-shard-00-02.kk3db.mongodb.net 
2025-01-09T13:38:11.174Z [INFO]: MongoDB Connected: italy-activity-shard-00-02.kk3db.mongodb.net 
2025-01-09T13:38:29.213Z [INFO]: MongoDB Connected: italy-activity-shard-00-00.kk3db.mongodb.net 
2025-01-09T13:39:11.909Z [INFO]: MongoDB Connected: italy-activity-shard-00-00.kk3db.mongodb.net 
2025-01-09T13:46:36.812Z [INFO]: MongoDB Connected: italy-activity-shard-00-00.kk3db.mongodb.net 
2025-01-09T14:04:15.077Z [INFO]: MongoDB Connected: italy-activity-shard-00-00.kk3db.mongodb.net 
2025-01-09T14:06:50.955Z [INFO]: MongoDB Connected: italy-activity-shard-00-02.kk3db.mongodb.net 
2025-01-09T14:18:28.593Z [INFO]: MongoDB Connected: italy-activity-shard-00-00.kk3db.mongodb.net 
2025-01-09T14:25:59.221Z [INFO]: MongoDB Connected: italy-activity-shard-00-00.kk3db.mongodb.net 
2025-01-09T14:28:27.006Z [INFO]: MongoDB Connected: italy-activity-shard-00-00.kk3db.mongodb.net 
2025-01-09T14:29:25.378Z [INFO]: MongoDB Connected: italy-activity-shard-00-02.kk3db.mongodb.net 
2025-01-09T14:42:10.595Z [INFO]: MongoDB Connected: italy-activity-shard-00-00.kk3db.mongodb.net 
2025-01-09T14:43:02.667Z [INFO]: MongoDB Connected: italy-activity-shard-00-02.kk3db.mongodb.net 
2025-01-09T14:48:19.449Z [INFO]: MongoDB Connected: italy-activity-shard-00-00.kk3db.mongodb.net 
2025-01-09T18:11:38.154Z [INFO]: MongoDB Connected: italy-activity-shard-00-00.kk3db.mongodb.net 
2025-01-09T18:14:10.835Z [INFO]: MongoDB Connected: italy-activity-shard-00-02.kk3db.mongodb.net 
2025-01-09T18:33:22.466Z [INFO]: MongoDB Connected: italy-activity-shard-00-00.kk3db.mongodb.net 
2025-01-09T18:36:26.500Z [INFO]: MongoDB Connected: italy-activity-shard-00-00.kk3db.mongodb.net 
2025-01-09T18:41:53.339Z [INFO]: MongoDB Connected: italy-activity-shard-00-00.kk3db.mongodb.net 
2025-01-09T18:44:32.647Z [INFO]: MongoDB Connected: italy-activity-shard-00-00.kk3db.mongodb.net 
2025-01-09T18:50:03.063Z [INFO]: MongoDB Connected: italy-activity-shard-00-00.kk3db.mongodb.net 
2025-01-09T18:50:13.790Z [INFO]: MongoDB Connected: italy-activity-shard-00-02.kk3db.mongodb.net 
2025-01-09T18:50:23.942Z [INFO]: MongoDB Connected: italy-activity-shard-00-00.kk3db.mongodb.net 
2025-01-09T18:51:13.595Z [INFO]: MongoDB Connected: italy-activity-shard-00-00.kk3db.mongodb.net 
2025-01-09T18:51:57.509Z [INFO]: MongoDB Connected: italy-activity-shard-00-02.kk3db.mongodb.net 
2025-01-09T18:55:02.328Z [INFO]: MongoDB Connected: italy-activity-shard-00-00.kk3db.mongodb.net 
2025-01-09T19:05:34.882Z [INFO]: MongoDB Connected: italy-activity-shard-00-00.kk3db.mongodb.net 
2025-01-09T19:08:16.556Z [INFO]: MongoDB Connected: italy-activity-shard-00-00.kk3db.mongodb.net 
2025-01-09T19:10:27.894Z [INFO]: MongoDB Connected: italy-activity-shard-00-00.kk3db.mongodb.net 
2025-01-09T19:11:22.231Z [INFO]: MongoDB Connected: italy-activity-shard-00-02.kk3db.mongodb.net 
2025-01-09T19:13:32.826Z [INFO]: MongoDB Connected: italy-activity-shard-00-02.kk3db.mongodb.net 
2025-01-09T19:14:15.496Z [INFO]: MongoDB Connected: italy-activity-shard-00-00.kk3db.mongodb.net 
2025-01-09T19:22:43.644Z [INFO]: MongoDB Connected: italy-activity-shard-00-00.kk3db.mongodb.net 
2025-01-09T19:26:35.041Z [INFO]: MongoDB Connected: italy-activity-shard-00-00.kk3db.mongodb.net 
2025-01-09T19:26:59.063Z [INFO]: MongoDB Connected: italy-activity-shard-00-02.kk3db.mongodb.net 
2025-01-09T19:28:51.532Z [INFO]: MongoDB Connected: italy-activity-shard-00-00.kk3db.mongodb.net 
2025-01-09T19:29:03.638Z [INFO]: MongoDB Connected: italy-activity-shard-00-02.kk3db.mongodb.net 
2025-01-09T19:29:39.684Z [INFO]: MongoDB Connected: italy-activity-shard-00-00.kk3db.mongodb.net 
2025-01-09T19:30:04.679Z [INFO]: MongoDB Connected: italy-activity-shard-00-00.kk3db.mongodb.net 
2025-01-09T19:31:30.494Z [INFO]: MongoDB Connected: italy-activity-shard-00-00.kk3db.mongodb.net 
2025-01-09T19:31:55.918Z [INFO]: MongoDB Connected: italy-activity-shard-00-02.kk3db.mongodb.net 
2025-01-09T19:33:07.080Z [INFO]: MongoDB Connected: italy-activity-shard-00-00.kk3db.mongodb.net 
2025-01-09T19:33:30.236Z [INFO]: MongoDB Connected: italy-activity-shard-00-02.kk3db.mongodb.net 
2025-01-09T19:34:04.401Z [INFO]: MongoDB Connected: italy-activity-shard-00-00.kk3db.mongodb.net 
2025-01-09T19:34:17.580Z [INFO]: MongoDB Connected: italy-activity-shard-00-00.kk3db.mongodb.net 
2025-01-09T19:34:39.421Z [INFO]: MongoDB Connected: italy-activity-shard-00-02.kk3db.mongodb.net 
2025-01-09T19:34:49.950Z [INFO]: MongoDB Connected: italy-activity-shard-00-00.kk3db.mongodb.net 
2025-01-09T19:34:59.627Z [INFO]: MongoDB Connected: italy-activity-shard-00-01.kk3db.mongodb.net 
2025-01-09T19:35:10.478Z [INFO]: MongoDB Connected: italy-activity-shard-00-02.kk3db.mongodb.net 
2025-01-09T19:36:59.601Z [INFO]: MongoDB Connected: italy-activity-shard-00-02.kk3db.mongodb.net 
2025-01-10T21:02:17.058Z [INFO]: MongoDB Connected: italy-activity-shard-00-00.kk3db.mongodb.net 
2025-01-10T21:11:05.672Z [INFO]: MongoDB Connected: italy-activity-shard-00-00.kk3db.mongodb.net 
2025-01-10T21:11:35.580Z [INFO]: MongoDB Connected: italy-activity-shard-00-02.kk3db.mongodb.net 
2025-01-10T21:12:41.727Z [INFO]: MongoDB Connected: italy-activity-shard-00-00.kk3db.mongodb.net 
2025-01-10T21:13:53.132Z [INFO]: MongoDB Connected: italy-activity-shard-00-00.kk3db.mongodb.net 
2025-01-10T21:28:21.438Z [INFO]: MongoDB Connected: italy-activity-shard-00-00.kk3db.mongodb.net 
2025-01-10T21:31:40.447Z [INFO]: MongoDB Connected: italy-activity-shard-00-00.kk3db.mongodb.net 
2025-01-10T21:33:57.434Z [INFO]: MongoDB Connected: italy-activity-shard-00-00.kk3db.mongodb.net 
2025-01-10T21:34:10.314Z [INFO]: MongoDB Connected: italy-activity-shard-00-02.kk3db.mongodb.net 
2025-01-10T21:55:55.878Z [INFO]: MongoDB Connected: italy-activity-shard-00-00.kk3db.mongodb.net 
2025-01-11T05:06:49.620Z [INFO]: MongoDB Connected: italy-activity-shard-00-00.kk3db.mongodb.net 
2025-01-11T05:18:27.632Z [INFO]: MongoDB Connected: italy-activity-shard-00-00.kk3db.mongodb.net 
2025-01-11T05:25:46.795Z [INFO]: MongoDB Connected: italy-activity-shard-00-00.kk3db.mongodb.net 
2025-01-11T05:26:56.808Z [INFO]: MongoDB Connected: italy-activity-shard-00-00.kk3db.mongodb.net 
2025-01-11T05:27:12.198Z [INFO]: MongoDB Connected: italy-activity-shard-00-02.kk3db.mongodb.net 
2025-01-11T06:14:16.489Z [INFO]: MongoDB Connected: italy-activity-shard-00-00.kk3db.mongodb.net 
2025-01-11T06:16:34.975Z [INFO]: MongoDB Connected: italy-activity-shard-00-00.kk3db.mongodb.net 
2025-01-11T06:17:15.458Z [INFO]: MongoDB Connected: italy-activity-shard-00-02.kk3db.mongodb.net 
2025-01-11T06:17:38.457Z [INFO]: MongoDB Connected: italy-activity-shard-00-00.kk3db.mongodb.net 
2025-01-11T06:19:10.681Z [INFO]: MongoDB Connected: italy-activity-shard-00-00.kk3db.mongodb.net 
2025-01-12T05:13:48.550Z [INFO]: MongoDB Connected: italy-activity-shard-00-00.kk3db.mongodb.net 
2025-01-12T05:14:44.690Z [INFO]: MongoDB Connected: italy-activity-shard-00-02.kk3db.mongodb.net 
2025-01-12T05:58:07.274Z [INFO]: MongoDB Connected: italy-activity-shard-00-00.kk3db.mongodb.net 
2025-01-12T05:59:02.721Z [INFO]: MongoDB Connected: italy-activity-shard-00-02.kk3db.mongodb.net 
2025-01-12T05:59:55.787Z [INFO]: MongoDB Connected: italy-activity-shard-00-00.kk3db.mongodb.net 
2025-01-12T06:00:11.466Z [INFO]: MongoDB Connected: italy-activity-shard-00-02.kk3db.mongodb.net 
2025-01-12T06:00:24.937Z [INFO]: MongoDB Connected: italy-activity-shard-00-00.kk3db.mongodb.net 
2025-01-12T07:37:14.068Z [INFO]: MongoDB Connected: italy-activity-shard-00-00.kk3db.mongodb.net 
2025-01-12T07:40:07.164Z [INFO]: MongoDB Connected: italy-activity-shard-00-00.kk3db.mongodb.net 
2025-01-12T07:50:12.212Z [INFO]: MongoDB Connected: italy-activity-shard-00-00.kk3db.mongodb.net 
2025-01-12T07:52:18.015Z [INFO]: MongoDB Connected: italy-activity-shard-00-00.kk3db.mongodb.net 
2025-01-12T07:55:35.022Z [INFO]: MongoDB Connected: italy-activity-shard-00-00.kk3db.mongodb.net 
2025-01-12T07:55:56.647Z [INFO]: MongoDB Connected: italy-activity-shard-00-02.kk3db.mongodb.net 
2025-01-12T07:56:33.942Z [INFO]: MongoDB Connected: italy-activity-shard-00-00.kk3db.mongodb.net 
2025-01-12T10:36:30.371Z [INFO]: MongoDB Connected: italy-activity-shard-00-00.kk3db.mongodb.net 
2025-01-12T10:42:47.410Z [INFO]: MongoDB Connected: italy-activity-shard-00-00.kk3db.mongodb.net 
2025-01-12T10:43:07.940Z [INFO]: MongoDB Connected: italy-activity-shard-00-02.kk3db.mongodb.net 
2025-01-12T11:01:02.904Z [INFO]: MongoDB Connected: italy-activity-shard-00-00.kk3db.mongodb.net 
2025-01-12T11:23:53.784Z [INFO]: MongoDB Connected: italy-activity-shard-00-00.kk3db.mongodb.net 
2025-01-12T13:37:23.748Z [INFO]: MongoDB Connected: italy-activity-shard-00-00.kk3db.mongodb.net 
2025-01-13T18:25:01.477Z [INFO]: MongoDB Connected: italy-activity-shard-00-00.kk3db.mongodb.net 
2025-01-13T19:54:20.551Z [ERROR]: MongoDB Connection Error: {"error":"querySrv EREFUSED _mongodb._tcp.italy-activity.kk3db.mongodb.net"}
2025-01-13T19:54:33.204Z [ERROR]: MongoDB Connection Error: {"error":"querySrv EREFUSED _mongodb._tcp.italy-activity.kk3db.mongodb.net"}
2025-01-13T19:56:00.570Z [INFO]: MongoDB Connected: italy-activity-shard-00-00.kk3db.mongodb.net 
2025-01-13T19:56:17.624Z [INFO]: MongoDB Connected: italy-activity-shard-00-02.kk3db.mongodb.net 
2025-01-13T19:56:38.797Z [INFO]: MongoDB Connected: italy-activity-shard-00-00.kk3db.mongodb.net 
2025-01-13T19:59:13.986Z [ERROR]: MongoDB Connection Error: {"error":"querySrv ETIMEOUT _mongodb._tcp.italy-activity.kk3db.mongodb.net"}
2025-01-14T16:24:48.650Z [INFO]: MongoDB Connected: italy-activity-shard-00-00.kk3db.mongodb.net 
2025-01-15T09:14:51.124Z [INFO]: MongoDB Connected: italy-activity-shard-00-00.kk3db.mongodb.net 
2025-01-15T18:01:00.339Z [INFO]: MongoDB Connected: italy-activity-shard-00-00.kk3db.mongodb.net 
2025-01-15T18:16:47.756Z [INFO]: MongoDB Connected: italy-activity-shard-00-00.kk3db.mongodb.net 
2025-01-15T18:17:42.330Z [INFO]: MongoDB Connected: italy-activity-shard-00-02.kk3db.mongodb.net 
2025-01-16T20:34:35.646Z [INFO]: MongoDB Connected: italy-activity-shard-00-00.kk3db.mongodb.net 
2025-01-17T05:54:53.519Z [INFO]: MongoDB Connected: italy-activity-shard-00-00.kk3db.mongodb.net 
2025-01-19T08:32:09.233Z [INFO]: MongoDB Connected: italy-activity-shard-00-00.kk3db.mongodb.net 
2025-01-19T18:26:14.295Z [INFO]: MongoDB Connected: italy-activity-shard-00-00.kk3db.mongodb.net 
2025-01-19T18:27:34.814Z [INFO]: MongoDB Connected: italy-activity-shard-00-00.kk3db.mongodb.net 
2025-01-19T18:30:19.230Z [INFO]: MongoDB Connected: italy-activity-shard-00-00.kk3db.mongodb.net 
2025-01-19T19:09:49.029Z [INFO]: MongoDB Connected: italy-activity-shard-00-00.kk3db.mongodb.net 
2025-01-19T19:10:09.522Z [INFO]: MongoDB Connected: italy-activity-shard-00-02.kk3db.mongodb.net 
2025-01-19T19:55:09.839Z [INFO]: MongoDB Connected: italy-activity-shard-00-00.kk3db.mongodb.net 
2025-01-19T19:55:31.070Z [INFO]: MongoDB Connected: italy-activity-shard-00-02.kk3db.mongodb.net 
2025-01-19T19:59:22.082Z [INFO]: MongoDB Connected: italy-activity-shard-00-00.kk3db.mongodb.net 
2025-01-19T20:07:32.430Z [INFO]: MongoDB Connected: italy-activity-shard-00-00.kk3db.mongodb.net 
2025-01-19T20:09:12.319Z [INFO]: MongoDB Connected: italy-activity-shard-00-00.kk3db.mongodb.net 
2025-01-19T20:12:00.672Z [INFO]: MongoDB Connected: italy-activity-shard-00-00.kk3db.mongodb.net 
2025-01-19T20:12:24.158Z [INFO]: MongoDB Connected: italy-activity-shard-00-02.kk3db.mongodb.net 
2025-01-19T20:13:41.601Z [INFO]: MongoDB Connected: italy-activity-shard-00-00.kk3db.mongodb.net 
2025-01-19T20:19:33.381Z [INFO]: MongoDB Connected: italy-activity-shard-00-00.kk3db.mongodb.net 
2025-01-19T20:22:35.088Z [INFO]: MongoDB Connected: italy-activity-shard-00-00.kk3db.mongodb.net 
2025-01-19T20:29:25.901Z [INFO]: MongoDB Connected: italy-activity-shard-00-00.kk3db.mongodb.net 
2025-01-19T20:29:55.049Z [INFO]: MongoDB Connected: italy-activity-shard-00-02.kk3db.mongodb.net 
2025-01-19T20:30:23.996Z [INFO]: MongoDB Connected: italy-activity-shard-00-00.kk3db.mongodb.net 
2025-01-19T20:40:38.578Z [INFO]: MongoDB Connected: italy-activity-shard-00-00.kk3db.mongodb.net 
2025-01-20T03:51:26.751Z [INFO]: MongoDB Connected: italy-activity-shard-00-00.kk3db.mongodb.net 
2025-01-23T10:39:11.347Z [INFO]: MongoDB Connected: italy-activity-shard-00-00.kk3db.mongodb.net 
2025-01-23T11:24:21.621Z [INFO]: MongoDB Connected: italy-activity-shard-00-00.kk3db.mongodb.net 
2025-01-23T11:27:56.338Z [INFO]: MongoDB Connected: italy-activity-shard-00-00.kk3db.mongodb.net 
2025-01-23T11:29:36.051Z [INFO]: MongoDB Connected: italy-activity-shard-00-00.kk3db.mongodb.net 
2025-01-23T11:30:26.902Z [INFO]: MongoDB Connected: italy-activity-shard-00-02.kk3db.mongodb.net 
2025-01-23T11:34:48.808Z [INFO]: MongoDB Connected: italy-activity-shard-00-00.kk3db.mongodb.net 
2025-01-23T13:56:41.426Z [INFO]: MongoDB Connected: italy-activity-shard-00-00.kk3db.mongodb.net 
2025-01-23T16:21:58.146Z [INFO]: MongoDB Connected: italy-activity-shard-00-00.kk3db.mongodb.net 
2025-01-23T16:22:06.509Z [INFO]: MongoDB Connected: italy-activity-shard-00-02.kk3db.mongodb.net 
2025-01-23T17:00:04.500Z [INFO]: MongoDB Connected: italy-activity-shard-00-00.kk3db.mongodb.net 
2025-01-23T17:00:12.316Z [INFO]: MongoDB Connected: italy-activity-shard-00-02.kk3db.mongodb.net 
2025-01-23T17:00:38.533Z [INFO]: MongoDB Connected: italy-activity-shard-00-00.kk3db.mongodb.net 
2025-01-23T17:01:15.579Z [INFO]: MongoDB Connected: italy-activity-shard-00-00.kk3db.mongodb.net 
2025-01-23T17:07:32.447Z [ERROR]: MongoDB Connection Error: {"error":"querySrv ETIMEOUT _mongodb._tcp.italy-activity.kk3db.mongodb.net"}
2025-01-23T17:14:44.352Z [INFO]: MongoDB Connected: italy-activity-shard-00-00.kk3db.mongodb.net 
2025-01-23T18:20:33.599Z [INFO]: MongoDB Connected: italy-activity-shard-00-00.kk3db.mongodb.net 
2025-01-23T18:20:42.689Z [INFO]: MongoDB Connected: italy-activity-shard-00-02.kk3db.mongodb.net 
2025-01-23T18:21:44.332Z [INFO]: MongoDB Connected: italy-activity-shard-00-00.kk3db.mongodb.net 
2025-01-24T02:25:01.083Z [INFO]: MongoDB Connected: italy-activity-shard-00-00.kk3db.mongodb.net 
2025-01-24T02:25:15.782Z [INFO]: MongoDB Connected: italy-activity-shard-00-02.kk3db.mongodb.net 
2025-01-24T02:29:49.877Z [INFO]: MongoDB Connected: italy-activity-shard-00-00.kk3db.mongodb.net 
2025-01-24T02:30:43.819Z [INFO]: MongoDB Connected: italy-activity-shard-00-02.kk3db.mongodb.net 
2025-01-24T02:37:01.642Z [INFO]: MongoDB Connected: italy-activity-shard-00-00.kk3db.mongodb.net 
2025-01-24T02:39:43.352Z [INFO]: MongoDB Connected: italy-activity-shard-00-00.kk3db.mongodb.net 
2025-01-24T02:40:02.936Z [INFO]: MongoDB Connected: italy-activity-shard-00-02.kk3db.mongodb.net 
2025-01-24T02:40:24.826Z [INFO]: MongoDB Connected: italy-activity-shard-00-00.kk3db.mongodb.net 
2025-01-24T02:42:32.353Z [INFO]: MongoDB Connected: italy-activity-shard-00-00.kk3db.mongodb.net 
2025-01-24T02:47:06.086Z [INFO]: MongoDB Connected: italy-activity-shard-00-00.kk3db.mongodb.net 
2025-01-24T04:05:35.798Z [INFO]: MongoDB Connected: italy-activity-shard-00-00.kk3db.mongodb.net 
2025-01-26T10:35:45.952Z [INFO]: MongoDB Connected: italy-activity-shard-00-00.kk3db.mongodb.net 
2025-01-26T10:44:40.488Z [INFO]: MongoDB Connected: italy-activity-shard-00-00.kk3db.mongodb.net 
2025-01-26T10:50:28.049Z [INFO]: MongoDB Connected: italy-activity-shard-00-00.kk3db.mongodb.net 
2025-01-26T10:50:56.634Z [INFO]: MongoDB Connected: italy-activity-shard-00-02.kk3db.mongodb.net 
2025-01-26T10:54:24.092Z [INFO]: MongoDB Connected: italy-activity-shard-00-00.kk3db.mongodb.net 
2025-01-26T10:57:30.876Z [INFO]: MongoDB Connected: italy-activity-shard-00-00.kk3db.mongodb.net 
2025-01-26T10:59:50.778Z [ERROR]: MongoDB Connection Error: {"error":"querySrv ETIMEOUT _mongodb._tcp.italy-activity.kk3db.mongodb.net"}
2025-01-26T11:00:23.743Z [ERROR]: MongoDB Connection Error: {"error":"querySrv ETIMEOUT _mongodb._tcp.italy-activity.kk3db.mongodb.net"}
2025-01-26T11:01:42.846Z [INFO]: MongoDB Connected: italy-activity-shard-00-00.kk3db.mongodb.net 
2025-01-26T11:48:18.410Z [INFO]: MongoDB Connected: italy-activity-shard-00-00.kk3db.mongodb.net 
2025-01-26T12:47:40.450Z [INFO]: MongoDB Connected: italy-activity-shard-00-00.kk3db.mongodb.net 
2025-01-26T12:47:49.495Z [INFO]: MongoDB Connected: italy-activity-shard-00-02.kk3db.mongodb.net 
2025-01-26T12:48:04.640Z [INFO]: MongoDB Connected: italy-activity-shard-00-00.kk3db.mongodb.net 
2025-01-26T12:48:11.906Z [INFO]: MongoDB Connected: italy-activity-shard-00-01.kk3db.mongodb.net 
2025-01-26T12:48:22.675Z [INFO]: MongoDB Connected: italy-activity-shard-00-02.kk3db.mongodb.net 
2025-01-26T12:48:47.397Z [INFO]: MongoDB Connected: italy-activity-shard-00-00.kk3db.mongodb.net 
2025-01-26T12:49:28.444Z [INFO]: MongoDB Connected: italy-activity-shard-00-02.kk3db.mongodb.net 
2025-01-26T12:49:53.154Z [INFO]: MongoDB Connected: italy-activity-shard-00-00.kk3db.mongodb.net 
2025-01-27T05:29:20.870Z [INFO]: MongoDB Connected: italy-activity-shard-00-00.kk3db.mongodb.net 
2025-01-27T11:00:55.389Z [INFO]: MongoDB Connected: italy-activity-shard-00-00.kk3db.mongodb.net 
2025-01-27T11:05:07.014Z [INFO]: MongoDB Connected: italy-activity-shard-00-00.kk3db.mongodb.net 
2025-01-27T11:05:53.790Z [INFO]: MongoDB Connected: italy-activity-shard-00-02.kk3db.mongodb.net 
2025-01-27T11:08:26.393Z [INFO]: MongoDB Connected: italy-activity-shard-00-00.kk3db.mongodb.net 
2025-01-27T11:54:27.169Z [INFO]: MongoDB Connected: italy-activity-shard-00-00.kk3db.mongodb.net 
2025-01-27T11:55:37.668Z [INFO]: MongoDB Connected: italy-activity-shard-00-00.kk3db.mongodb.net 
2025-01-27T11:56:31.810Z [INFO]: MongoDB Connected: italy-activity-shard-00-02.kk3db.mongodb.net 
2025-01-27T11:56:50.438Z [INFO]: MongoDB Connected: italy-activity-shard-00-00.kk3db.mongodb.net 
2025-01-27T11:57:08.920Z [INFO]: MongoDB Connected: italy-activity-shard-00-02.kk3db.mongodb.net 
2025-01-27T11:58:58.100Z [INFO]: MongoDB Connected: italy-activity-shard-00-00.kk3db.mongodb.net 
2025-01-27T11:59:21.774Z [INFO]: MongoDB Connected: italy-activity-shard-00-02.kk3db.mongodb.net 
2025-01-27T11:59:38.332Z [INFO]: MongoDB Connected: italy-activity-shard-00-00.kk3db.mongodb.net 
2025-01-27T12:03:00.848Z [INFO]: MongoDB Connected: italy-activity-shard-00-00.kk3db.mongodb.net 
2025-01-27T12:05:15.270Z [INFO]: MongoDB Connected: italy-activity-shard-00-00.kk3db.mongodb.net 
2025-01-27T12:18:28.686Z [INFO]: MongoDB Connected: italy-activity-shard-00-00.kk3db.mongodb.net 
2025-01-27T15:09:42.886Z [INFO]: MongoDB Connected: italy-activity-shard-00-00.kk3db.mongodb.net 
2025-01-27T16:58:17.413Z [INFO]: MongoDB Connected: italy-activity-shard-00-00.kk3db.mongodb.net 
2025-01-27T17:07:58.330Z [INFO]: MongoDB Connected: italy-activity-shard-00-00.kk3db.mongodb.net 
2025-01-27T17:25:19.547Z [INFO]: MongoDB Connected: italy-activity-shard-00-00.kk3db.mongodb.net 
2025-01-27T17:37:48.267Z [INFO]: MongoDB Connected: italy-activity-shard-00-00.kk3db.mongodb.net 
2025-01-27T18:13:49.300Z [INFO]: MongoDB Connected: italy-activity-shard-00-00.kk3db.mongodb.net 
2025-01-28T08:45:08.841Z [INFO]: MongoDB Connected: italy-activity-shard-00-00.kk3db.mongodb.net 
2025-01-29T09:43:13.631Z [INFO]: MongoDB Connected: italy-activity-shard-00-00.kk3db.mongodb.net 
2025-01-29T17:40:33.816Z [INFO]: MongoDB Connected: italy-activity-shard-00-00.kk3db.mongodb.net 
2025-01-30T19:45:52.536Z [INFO]: MongoDB Connected: italy-activity-shard-00-00.kk3db.mongodb.net 
2025-01-30T19:51:49.740Z [INFO]: MongoDB Connected: italy-activity-shard-00-00.kk3db.mongodb.net 
2025-01-30T19:52:18.149Z [INFO]: MongoDB Connected: italy-activity-shard-00-02.kk3db.mongodb.net 
2025-01-30T19:52:35.346Z [INFO]: MongoDB Connected: italy-activity-shard-00-00.kk3db.mongodb.net 
2025-01-30T19:52:44.911Z [INFO]: MongoDB Connected: italy-activity-shard-00-01.kk3db.mongodb.net 
2025-01-30T19:53:14.247Z [INFO]: MongoDB Connected: italy-activity-shard-00-00.kk3db.mongodb.net 
2025-01-30T19:55:03.361Z [ERROR]: MongoDB Connection Error: {"error":"querySrv ETIMEOUT _mongodb._tcp.italy-activity.kk3db.mongodb.net"}
2025-01-30T19:55:44.100Z [INFO]: MongoDB Connected: italy-activity-shard-00-00.kk3db.mongodb.net 
2025-01-30T19:56:34.686Z [INFO]: MongoDB Connected: italy-activity-shard-00-02.kk3db.mongodb.net 
2025-01-30T19:58:14.783Z [INFO]: MongoDB Connected: italy-activity-shard-00-00.kk3db.mongodb.net 
2025-01-30T19:58:54.274Z [INFO]: MongoDB Connected: italy-activity-shard-00-02.kk3db.mongodb.net 
2025-01-30T20:04:31.171Z [INFO]: MongoDB Connected: italy-activity-shard-00-00.kk3db.mongodb.net 
2025-01-30T20:10:31.810Z [INFO]: MongoDB Connected: italy-activity-shard-00-00.kk3db.mongodb.net 
2025-01-30T20:18:01.876Z [INFO]: MongoDB Connected: italy-activity-shard-00-00.kk3db.mongodb.net 
2025-01-30T20:18:40.773Z [INFO]: MongoDB Connected: italy-activity-shard-00-02.kk3db.mongodb.net 
2025-01-30T20:20:56.366Z [INFO]: MongoDB Connected: italy-activity-shard-00-00.kk3db.mongodb.net 
2025-01-30T20:21:30.327Z [INFO]: MongoDB Connected: italy-activity-shard-00-02.kk3db.mongodb.net 
2025-01-30T20:21:56.020Z [INFO]: MongoDB Connected: italy-activity-shard-00-00.kk3db.mongodb.net 
2025-01-30T20:22:38.123Z [INFO]: MongoDB Connected: italy-activity-shard-00-02.kk3db.mongodb.net 
2025-01-30T20:23:15.141Z [INFO]: MongoDB Connected: italy-activity-shard-00-00.kk3db.mongodb.net 
2025-01-30T20:23:25.638Z [INFO]: MongoDB Connected: italy-activity-shard-00-02.kk3db.mongodb.net 
2025-01-30T20:23:52.435Z [INFO]: MongoDB Connected: italy-activity-shard-00-00.kk3db.mongodb.net 
2025-01-30T20:24:01.637Z [INFO]: MongoDB Connected: italy-activity-shard-00-01.kk3db.mongodb.net 
2025-01-30T20:53:43.119Z [INFO]: MongoDB Connected: italy-activity-shard-00-00.kk3db.mongodb.net 
2025-01-30T20:55:43.849Z [INFO]: MongoDB Connected: italy-activity-shard-00-00.kk3db.mongodb.net 
2025-01-30T20:56:22.073Z [INFO]: MongoDB Connected: italy-activity-shard-00-02.kk3db.mongodb.net 
2025-01-30T20:56:48.967Z [INFO]: MongoDB Connected: italy-activity-shard-00-00.kk3db.mongodb.net 
2025-01-30T20:59:33.811Z [INFO]: MongoDB Connected: italy-activity-shard-00-00.kk3db.mongodb.net 
2025-01-30T20:59:53.324Z [INFO]: MongoDB Connected: italy-activity-shard-00-02.kk3db.mongodb.net 
2025-01-30T21:02:39.414Z [INFO]: MongoDB Connected: italy-activity-shard-00-00.kk3db.mongodb.net 
2025-01-30T21:05:27.056Z [INFO]: MongoDB Connected: italy-activity-shard-00-00.kk3db.mongodb.net 
2025-01-30T21:09:07.773Z [INFO]: MongoDB Connected: italy-activity-shard-00-00.kk3db.mongodb.net 
2025-01-30T21:10:13.701Z [INFO]: MongoDB Connected: italy-activity-shard-00-00.kk3db.mongodb.net 
2025-01-30T21:14:50.835Z [INFO]: MongoDB Connected: italy-activity-shard-00-00.kk3db.mongodb.net 
2025-01-30T21:16:30.545Z [INFO]: MongoDB Connected: italy-activity-shard-00-00.kk3db.mongodb.net 
2025-01-30T21:21:13.403Z [INFO]: MongoDB Connected: italy-activity-shard-00-00.kk3db.mongodb.net 
2025-01-30T21:23:15.666Z [INFO]: MongoDB Connected: italy-activity-shard-00-00.kk3db.mongodb.net 
2025-01-30T21:23:57.876Z [INFO]: MongoDB Connected: italy-activity-shard-00-02.kk3db.mongodb.net 
2025-01-30T21:24:37.705Z [INFO]: MongoDB Connected: italy-activity-shard-00-00.kk3db.mongodb.net 
2025-01-30T21:24:46.594Z [INFO]: MongoDB Connected: italy-activity-shard-00-02.kk3db.mongodb.net 
2025-01-30T21:26:09.703Z [INFO]: MongoDB Connected: italy-activity-shard-00-00.kk3db.mongodb.net 
2025-01-30T21:28:26.493Z [INFO]: MongoDB Connected: italy-activity-shard-00-00.kk3db.mongodb.net 
2025-01-30T21:29:19.209Z [INFO]: MongoDB Connected: italy-activity-shard-00-02.kk3db.mongodb.net 
2025-01-30T21:31:30.508Z [INFO]: MongoDB Connected: italy-activity-shard-00-00.kk3db.mongodb.net 
2025-01-30T21:31:40.205Z [INFO]: MongoDB Connected: italy-activity-shard-00-02.kk3db.mongodb.net 
2025-01-30T21:34:17.131Z [INFO]: MongoDB Connected: italy-activity-shard-00-00.kk3db.mongodb.net 
2025-01-31T08:13:06.213Z [INFO]: MongoDB Connected: italy-activity-shard-00-00.kk3db.mongodb.net 
2025-01-31T20:33:24.533Z [INFO]: MongoDB Connected: italy-activity-shard-00-00.kk3db.mongodb.net 
2025-01-31T20:33:41.088Z [INFO]: MongoDB Connected: italy-activity-shard-00-02.kk3db.mongodb.net 
2025-01-31T20:50:22.127Z [INFO]: MongoDB Connected: italy-activity-shard-00-00.kk3db.mongodb.net 
2025-01-31T20:51:44.266Z [INFO]: MongoDB Connected: italy-activity-shard-00-00.kk3db.mongodb.net 
2025-01-31T20:54:04.782Z [INFO]: MongoDB Connected: italy-activity-shard-00-00.kk3db.mongodb.net 
2025-01-31T20:55:40.771Z [INFO]: MongoDB Connected: italy-activity-shard-00-00.kk3db.mongodb.net 
2025-01-31T20:57:17.748Z [INFO]: MongoDB Connected: italy-activity-shard-00-00.kk3db.mongodb.net 
2025-01-31T20:57:36.771Z [INFO]: MongoDB Connected: italy-activity-shard-00-02.kk3db.mongodb.net 
2025-01-31T20:58:29.866Z [INFO]: MongoDB Connected: italy-activity-shard-00-00.kk3db.mongodb.net 
2025-01-31T20:59:19.453Z [INFO]: MongoDB Connected: italy-activity-shard-00-00.kk3db.mongodb.net 
2025-01-31T21:01:31.906Z [INFO]: MongoDB Connected: italy-activity-shard-00-00.kk3db.mongodb.net 
2025-02-01T05:03:30.583Z [INFO]: MongoDB Connected: italy-activity-shard-00-00.kk3db.mongodb.net 
2025-02-01T05:04:35.729Z [INFO]: MongoDB Connected: italy-activity-shard-00-00.kk3db.mongodb.net 
2025-02-01T07:39:08.948Z [ERROR]: unhandledRejection: read ECONNRESET
Error: read ECONNRESET
    at TLSWrap.onStreamRead (node:internal/stream_base_commons:217:20) {"error":{"errno":-4077,"code":"ECONNRESET","syscall":"read"},"stack":"Error: read ECONNRESET\n    at TLSWrap.onStreamRead (node:internal/stream_base_commons:217:20)","rejection":true,"date":"Sat Feb 01 2025 13:09:08 GMT+0530 (India Standard Time)","process":{"pid":30244,"uid":null,"gid":null,"cwd":"Z:\\Project\\Web Developing\\Works\\Backend\\Activity_Tracking\\activity-tracking-backend","execPath":"C:\\Program Files\\nodejs\\node.exe","version":"v20.12.0","argv":["Z:\\Project\\Web Developing\\Works\\Backend\\Activity_Tracking\\activity-tracking-backend\\node_modules\\ts-node\\dist\\bin.js","Z:\\Project\\Web Developing\\Works\\Backend\\Activity_Tracking\\activity-tracking-backend\\src\\index.ts"],"memoryUsage":{"rss":92798976,"heapTotal":316170240,"heapUsed":307843912,"external":27200415,"arrayBuffers":24185185}},"os":{"loadavg":[0,0,0],"uptime":97051.703},"trace":[{"column":20,"file":"node:internal/stream_base_commons","function":"TLSWrap.onStreamRead","line":217,"method":"onStreamRead","native":false}]}
2025-02-01T08:24:56.921Z [INFO]: MongoDB Connected: italy-activity-shard-00-00.kk3db.mongodb.net 
2025-02-01T09:11:57.133Z [ERROR]: unhandledRejection: read ECONNRESET
Error: read ECONNRESET
    at TLSWrap.onStreamRead (node:internal/stream_base_commons:217:20) {"error":{"errno":-4077,"code":"ECONNRESET","syscall":"read"},"stack":"Error: read ECONNRESET\n    at TLSWrap.onStreamRead (node:internal/stream_base_commons:217:20)","rejection":true,"date":"Sat Feb 01 2025 14:41:57 GMT+0530 (India Standard Time)","process":{"pid":31716,"uid":null,"gid":null,"cwd":"Z:\\Project\\Web Developing\\Works\\Backend\\Activity_Tracking\\activity-tracking-backend","execPath":"C:\\Program Files\\nodejs\\node.exe","version":"v20.12.0","argv":["Z:\\Project\\Web Developing\\Works\\Backend\\Activity_Tracking\\activity-tracking-backend\\node_modules\\ts-node\\dist\\bin.js","Z:\\Project\\Web Developing\\Works\\Backend\\Activity_Tracking\\activity-tracking-backend\\src\\index.ts"],"memoryUsage":{"rss":361504768,"heapTotal":309817344,"heapUsed":303215760,"external":26739201,"arrayBuffers":23723971}},"os":{"loadavg":[0,0,0],"uptime":102619.89},"trace":[{"column":20,"file":"node:internal/stream_base_commons","function":"TLSWrap.onStreamRead","line":217,"method":"onStreamRead","native":false}]}
2025-02-01T10:04:06.088Z [INFO]: MongoDB Connected: italy-activity-shard-00-00.kk3db.mongodb.net 
2025-02-01T10:34:59.637Z [INFO]: MongoDB Connected: italy-activity-shard-00-00.kk3db.mongodb.net 
2025-02-01T10:35:20.745Z [INFO]: MongoDB Connected: italy-activity-shard-00-02.kk3db.mongodb.net 
2025-02-01T10:36:19.814Z [INFO]: MongoDB Connected: italy-activity-shard-00-00.kk3db.mongodb.net 
2025-02-01T10:37:01.949Z [INFO]: MongoDB Connected: italy-activity-shard-00-02.kk3db.mongodb.net 
2025-02-01T10:39:23.999Z [INFO]: MongoDB Connected: italy-activity-shard-00-00.kk3db.mongodb.net 
2025-02-01T11:45:56.784Z [INFO]: MongoDB Connected: italy-activity-shard-00-00.kk3db.mongodb.net 
2025-02-01T11:47:12.123Z [INFO]: MongoDB Connected: italy-activity-shard-00-00.kk3db.mongodb.net 
2025-02-01T11:48:11.333Z [INFO]: MongoDB Connected: italy-activity-shard-00-00.kk3db.mongodb.net 
2025-02-01T11:50:56.222Z [INFO]: MongoDB Connected: italy-activity-shard-00-00.kk3db.mongodb.net 
2025-02-01T16:57:32.722Z [INFO]: MongoDB Connected: italy-activity-shard-00-00.kk3db.mongodb.net 
2025-02-01T17:00:52.381Z [ERROR]: MongoDB Connection Error: {"error":"querySrv ETIMEOUT _mongodb._tcp.italy-activity.kk3db.mongodb.net"}
2025-02-01T17:03:04.892Z [INFO]: MongoDB Connected: italy-activity-shard-00-00.kk3db.mongodb.net 
2025-02-01T18:49:49.245Z [INFO]: MongoDB Connected: italy-activity-shard-00-00.kk3db.mongodb.net 
2025-02-01T18:50:24.922Z [INFO]: MongoDB Connected: italy-activity-shard-00-02.kk3db.mongodb.net 
2025-02-01T18:51:36.334Z [INFO]: MongoDB Connected: italy-activity-shard-00-00.kk3db.mongodb.net 
2025-02-01T19:14:44.441Z [INFO]: MongoDB Connected: italy-activity-shard-00-00.kk3db.mongodb.net 
2025-02-01T19:15:05.476Z [INFO]: MongoDB Connected: italy-activity-shard-00-02.kk3db.mongodb.net 
2025-02-01T19:18:51.587Z [INFO]: MongoDB Connected: italy-activity-shard-00-00.kk3db.mongodb.net 
2025-02-01T19:19:22.695Z [INFO]: MongoDB Connected: italy-activity-shard-00-02.kk3db.mongodb.net 
2025-02-01T19:34:13.025Z [INFO]: MongoDB Connected: italy-activity-shard-00-00.kk3db.mongodb.net 
2025-02-01T19:34:26.999Z [INFO]: MongoDB Connected: italy-activity-shard-00-02.kk3db.mongodb.net 
2025-02-01T19:43:36.932Z [INFO]: MongoDB Connected: italy-activity-shard-00-00.kk3db.mongodb.net 
2025-02-01T19:47:56.886Z [INFO]: MongoDB Connected: italy-activity-shard-00-00.kk3db.mongodb.net 
2025-02-01T19:48:11.921Z [INFO]: MongoDB Connected: italy-activity-shard-00-02.kk3db.mongodb.net 
2025-02-01T19:49:57.618Z [INFO]: MongoDB Connected: italy-activity-shard-00-00.kk3db.mongodb.net 
2025-02-02T04:37:21.390Z [INFO]: MongoDB Connected: italy-activity-shard-00-00.kk3db.mongodb.net 
2025-02-02T05:21:52.963Z [INFO]: MongoDB Connected: italy-activity-shard-00-00.kk3db.mongodb.net 
2025-02-02T05:22:14.870Z [INFO]: MongoDB Connected: italy-activity-shard-00-02.kk3db.mongodb.net 
2025-02-02T05:26:43.901Z [INFO]: MongoDB Connected: italy-activity-shard-00-00.kk3db.mongodb.net 
2025-02-02T05:27:15.385Z [INFO]: MongoDB Connected: italy-activity-shard-00-02.kk3db.mongodb.net 
2025-02-02T05:29:00.886Z [INFO]: MongoDB Connected: italy-activity-shard-00-00.kk3db.mongodb.net 
2025-02-02T05:32:37.284Z [INFO]: MongoDB Connected: italy-activity-shard-00-02.kk3db.mongodb.net 
2025-02-02T05:39:02.121Z [INFO]: MongoDB Connected: italy-activity-shard-00-00.kk3db.mongodb.net 
2025-02-02T10:56:24.512Z [INFO]: MongoDB Connected: italy-activity-shard-00-00.kk3db.mongodb.net 
2025-02-02T11:00:17.811Z [INFO]: MongoDB Connected: italy-activity-shard-00-00.kk3db.mongodb.net 
2025-02-02T13:15:04.463Z [INFO]: MongoDB Connected: italy-activity-shard-00-00.kk3db.mongodb.net 
2025-02-02T14:28:02.765Z [INFO]: MongoDB Connected: italy-activity-shard-00-00.kk3db.mongodb.net 
2025-02-02T14:32:52.406Z [INFO]: MongoDB Connected: italy-activity-shard-00-00.kk3db.mongodb.net 
2025-02-02T14:42:30.078Z [INFO]: MongoDB Connected: italy-activity-shard-00-00.kk3db.mongodb.net 
2025-02-02T14:53:29.409Z [INFO]: MongoDB Connected: italy-activity-shard-00-00.kk3db.mongodb.net 
2025-02-02T15:25:47.831Z [ERROR]: MongoDB Connection Error: {"error":"querySrv ETIMEOUT _mongodb._tcp.italy-activity.kk3db.mongodb.net"}
2025-02-02T15:27:45.229Z [INFO]: MongoDB Connected: italy-activity-shard-00-00.kk3db.mongodb.net 
2025-02-02T15:37:28.729Z [INFO]: MongoDB Connected: italy-activity-shard-00-00.kk3db.mongodb.net 
2025-02-02T15:38:47.792Z [INFO]: MongoDB Connected: italy-activity-shard-00-00.kk3db.mongodb.net 
2025-02-02T15:41:01.857Z [INFO]: MongoDB Connected: italy-activity-shard-00-00.kk3db.mongodb.net 
2025-02-02T15:53:06.332Z [INFO]: MongoDB Connected: italy-activity-shard-00-00.kk3db.mongodb.net 
2025-02-02T16:00:04.004Z [INFO]: MongoDB Connected: italy-activity-shard-00-00.kk3db.mongodb.net 
2025-02-02T16:04:13.279Z [INFO]: MongoDB Connected: italy-activity-shard-00-00.kk3db.mongodb.net 
2025-02-02T16:09:30.922Z [INFO]: MongoDB Connected: italy-activity-shard-00-00.kk3db.mongodb.net 
2025-02-02T16:10:25.491Z [INFO]: MongoDB Connected: italy-activity-shard-00-02.kk3db.mongodb.net 
2025-02-02T16:11:04.969Z [INFO]: MongoDB Connected: italy-activity-shard-00-00.kk3db.mongodb.net 
2025-02-02T16:13:12.978Z [INFO]: MongoDB Connected: italy-activity-shard-00-00.kk3db.mongodb.net 
2025-02-02T16:13:21.604Z [INFO]: MongoDB Connected: italy-activity-shard-00-02.kk3db.mongodb.net 
2025-02-02T16:14:19.130Z [INFO]: MongoDB Connected: italy-activity-shard-00-00.kk3db.mongodb.net 
2025-02-02T16:14:28.831Z [INFO]: MongoDB Connected: italy-activity-shard-00-02.kk3db.mongodb.net 
2025-02-02T16:14:45.440Z [INFO]: MongoDB Connected: italy-activity-shard-00-00.kk3db.mongodb.net 
2025-02-02T16:16:46.507Z [INFO]: MongoDB Connected: italy-activity-shard-00-00.kk3db.mongodb.net 
2025-02-02T16:17:11.935Z [INFO]: MongoDB Connected: italy-activity-shard-00-02.kk3db.mongodb.net 
2025-02-02T16:19:57.791Z [INFO]: MongoDB Connected: italy-activity-shard-00-00.kk3db.mongodb.net 
2025-02-02T16:23:37.108Z [INFO]: MongoDB Connected: italy-activity-shard-00-00.kk3db.mongodb.net 
2025-02-02T16:26:29.005Z [ERROR]: MongoDB Connection Error: {"error":"querySrv ETIMEOUT _mongodb._tcp.italy-activity.kk3db.mongodb.net"}
2025-02-02T16:26:49.301Z [INFO]: MongoDB Connected: italy-activity-shard-00-00.kk3db.mongodb.net 
2025-02-02T16:27:23.019Z [INFO]: MongoDB Connected: italy-activity-shard-00-02.kk3db.mongodb.net 
2025-02-02T16:29:01.343Z [INFO]: MongoDB Connected: italy-activity-shard-00-00.kk3db.mongodb.net 
2025-02-02T16:31:18.919Z [INFO]: MongoDB Connected: italy-activity-shard-00-00.kk3db.mongodb.net 
2025-02-02T16:31:28.692Z [INFO]: MongoDB Connected: italy-activity-shard-00-02.kk3db.mongodb.net 
2025-02-02T16:35:04.741Z [INFO]: MongoDB Connected: italy-activity-shard-00-00.kk3db.mongodb.net 
2025-02-02T16:35:36.507Z [INFO]: MongoDB Connected: italy-activity-shard-00-02.kk3db.mongodb.net 
2025-02-02T16:37:24.407Z [INFO]: MongoDB Connected: italy-activity-shard-00-00.kk3db.mongodb.net 
2025-02-02T17:09:43.898Z [INFO]: MongoDB Connected: italy-activity-shard-00-00.kk3db.mongodb.net 
2025-02-02T17:12:09.284Z [ERROR]: MongoDB Connection Error: {"error":"querySrv ETIMEOUT _mongodb._tcp.italy-activity.kk3db.mongodb.net"}
2025-02-02T17:13:38.772Z [INFO]: MongoDB Connected: italy-activity-shard-00-00.kk3db.mongodb.net 
2025-02-02T17:13:55.956Z [INFO]: MongoDB Connected: italy-activity-shard-00-02.kk3db.mongodb.net 
2025-02-02T17:14:08.785Z [INFO]: MongoDB Connected: italy-activity-shard-00-00.kk3db.mongodb.net 
2025-02-02T17:38:59.219Z [ERROR]: MongoDB Connection Error: {"error":"querySrv ETIMEOUT _mongodb._tcp.italy-activity.kk3db.mongodb.net"}
2025-02-02T17:40:09.032Z [INFO]: MongoDB Connected: italy-activity-shard-00-00.kk3db.mongodb.net 
2025-02-02T18:00:10.093Z [INFO]: MongoDB Connected: italy-activity-shard-00-00.kk3db.mongodb.net 
2025-02-02T18:19:34.983Z [INFO]: MongoDB Connected: italy-activity-shard-00-00.kk3db.mongodb.net 
2025-02-02T19:34:06.661Z [INFO]: MongoDB Connected: italy-activity-shard-00-00.kk3db.mongodb.net 
2025-02-02T19:36:23.151Z [ERROR]: MongoDB Connection Error: {"error":"querySrv ETIMEOUT _mongodb._tcp.italy-activity.kk3db.mongodb.net"}
2025-02-02T19:36:48.021Z [INFO]: MongoDB Connected: italy-activity-shard-00-00.kk3db.mongodb.net 
2025-02-02T19:45:15.441Z [INFO]: MongoDB Connected: italy-activity-shard-00-00.kk3db.mongodb.net 
2025-02-02T19:46:25.963Z [INFO]: MongoDB Connected: italy-activity-shard-00-00.kk3db.mongodb.net 
2025-02-02T19:53:13.797Z [INFO]: MongoDB Connected: italy-activity-shard-00-00.kk3db.mongodb.net 
2025-02-02T19:59:56.218Z [INFO]: MongoDB Connected: italy-activity-shard-00-00.kk3db.mongodb.net 
2025-02-02T21:15:04.896Z [INFO]: MongoDB Connected: italy-activity-shard-00-00.kk3db.mongodb.net 
2025-02-03T07:09:47.915Z [INFO]: MongoDB Connected: italy-activity-shard-00-00.kk3db.mongodb.net 
2025-02-05T18:50:20.247Z [ERROR]: MongoDB Connection Error: {"error":"querySrv ETIMEOUT _mongodb._tcp.italy-activity.kk3db.mongodb.net"}
2025-02-05T18:50:58.799Z [INFO]: MongoDB Connected: italy-activity-shard-00-00.kk3db.mongodb.net 
2025-02-06T06:14:14.172Z [INFO]: MongoDB Connected: italy-activity-shard-00-00.kk3db.mongodb.net 
2025-02-06T06:14:26.829Z [INFO]: MongoDB Connected: italy-activity-shard-00-02.kk3db.mongodb.net 
2025-02-06T06:32:26.536Z [INFO]: MongoDB Connected: italy-activity-shard-00-00.kk3db.mongodb.net 
2025-02-06T17:10:46.240Z [INFO]: MongoDB Connected: italy-activity-shard-00-00.kk3db.mongodb.net 
2025-02-06T17:11:29.571Z [INFO]: MongoDB Connected: italy-activity-shard-00-02.kk3db.mongodb.net 
2025-02-06T17:17:50.188Z [INFO]: MongoDB Connected: italy-activity-shard-00-00.kk3db.mongodb.net 
2025-02-06T17:19:50.993Z [INFO]: MongoDB Connected: italy-activity-shard-00-00.kk3db.mongodb.net 
2025-02-06T17:24:31.113Z [INFO]: MongoDB Connected: italy-activity-shard-00-00.kk3db.mongodb.net 
2025-02-07T05:34:30.978Z [INFO]: MongoDB Connected: italy-activity-shard-00-00.kk3db.mongodb.net 
2025-02-08T10:45:57.827Z [INFO]: MongoDB Connected: italy-activity-shard-00-00.kk3db.mongodb.net 
2025-02-08T10:47:03.753Z [INFO]: MongoDB Connected: italy-activity-shard-00-00.kk3db.mongodb.net 
2025-02-08T10:51:36.094Z [INFO]: MongoDB Connected: italy-activity-shard-00-00.kk3db.mongodb.net 
2025-02-08T10:53:30.864Z [INFO]: MongoDB Connected: italy-activity-shard-00-00.kk3db.mongodb.net 
2025-02-08T10:54:29.791Z [INFO]: MongoDB Connected: italy-activity-shard-00-02.kk3db.mongodb.net 
2025-02-08T11:06:02.518Z [INFO]: MongoDB Connected: italy-activity-shard-00-00.kk3db.mongodb.net 
2025-02-08T11:12:04.996Z [INFO]: MongoDB Connected: italy-activity-shard-00-00.kk3db.mongodb.net 
2025-02-08T11:12:16.336Z [INFO]: MongoDB Connected: italy-activity-shard-00-02.kk3db.mongodb.net 
2025-02-08T11:13:54.821Z [INFO]: MongoDB Connected: italy-activity-shard-00-00.kk3db.mongodb.net 
2025-02-08T11:14:13.490Z [INFO]: MongoDB Connected: italy-activity-shard-00-02.kk3db.mongodb.net 
2025-02-08T11:16:21.120Z [ERROR]: unhandledRejection: read ECONNRESET
Error: read ECONNRESET
    at TLSWrap.onStreamRead (node:internal/stream_base_commons:217:20) {"error":{"errno":-4077,"code":"ECONNRESET","syscall":"read"},"stack":"Error: read ECONNRESET\n    at TLSWrap.onStreamRead (node:internal/stream_base_commons:217:20)","rejection":true,"date":"Sat Feb 08 2025 16:46:21 GMT+0530 (India Standard Time)","process":{"pid":11100,"uid":null,"gid":null,"cwd":"Z:\\Project\\Web Developing\\Works\\Backend\\Activity_Tracking\\activity-tracking-backend","execPath":"C:\\Program Files\\nodejs\\node.exe","version":"v20.12.0","argv":["Z:\\Project\\Web Developing\\Works\\Backend\\Activity_Tracking\\activity-tracking-backend\\node_modules\\ts-node\\dist\\bin.js","Z:\\Project\\Web Developing\\Works\\Backend\\Activity_Tracking\\activity-tracking-backend\\src\\index.ts"],"memoryUsage":{"rss":370810880,"heapTotal":312369152,"heapUsed":304727160,"external":26283626,"arrayBuffers":23268396}},"os":{"loadavg":[0,0,0],"uptime":714885.187},"trace":[{"column":20,"file":"node:internal/stream_base_commons","function":"TLSWrap.onStreamRead","line":217,"method":"onStreamRead","native":false}]}
2025-02-08T11:51:40.307Z [INFO]: MongoDB Connected: italy-activity-shard-00-00.kk3db.mongodb.net 
2025-02-09T20:10:35.172Z [INFO]: MongoDB Connected: italy-activity-shard-00-00.kk3db.mongodb.net 
2025-02-09T20:10:44.402Z [INFO]: MongoDB Connected: italy-activity-shard-00-02.kk3db.mongodb.net 
2025-02-09T20:11:10.759Z [INFO]: MongoDB Connected: italy-activity-shard-00-00.kk3db.mongodb.net 
2025-02-09T21:05:48.341Z [INFO]: MongoDB Connected: italy-activity-shard-00-00.kk3db.mongodb.net 
2025-02-09T21:06:08.318Z [INFO]: MongoDB Connected: italy-activity-shard-00-02.kk3db.mongodb.net 
2025-02-09T21:06:25.951Z [INFO]: MongoDB Connected: italy-activity-shard-00-00.kk3db.mongodb.net 
2025-02-09T21:32:30.411Z [INFO]: MongoDB Connected: italy-activity-shard-00-00.kk3db.mongodb.net 
2025-02-09T21:32:52.792Z [INFO]: MongoDB Connected: italy-activity-shard-00-02.kk3db.mongodb.net 
2025-02-09T21:33:05.956Z [INFO]: MongoDB Connected: italy-activity-shard-00-00.kk3db.mongodb.net 
2025-02-09T21:33:38.521Z [INFO]: MongoDB Connected: italy-activity-shard-00-00.kk3db.mongodb.net 
2025-02-11T02:32:18.092Z [INFO]: MongoDB Connected: italy-activity-shard-00-00.kk3db.mongodb.net 
2025-02-11T04:19:04.657Z [ERROR]: MongoDB Connection Error: {"error":"querySrv ETIMEOUT _mongodb._tcp.italy-activity.kk3db.mongodb.net"}
2025-02-11T04:20:16.187Z [INFO]: MongoDB Connected: italy-activity-shard-00-00.kk3db.mongodb.net 
2025-02-11T05:18:20.931Z [INFO]: MongoDB Connected: italy-activity-shard-00-00.kk3db.mongodb.net 
2025-02-11T18:13:21.571Z [INFO]: MongoDB Connected: italy-activity-shard-00-00.kk3db.mongodb.net 
2025-02-15T07:54:58.916Z [INFO]: MongoDB Connected: italy-activity-shard-00-00.kk3db.mongodb.net 
2025-02-16T12:30:27.708Z [INFO]: MongoDB Connected: italy-activity-shard-00-00.kk3db.mongodb.net 
2025-02-17T04:47:33.467Z [INFO]: MongoDB Connected: italy-activity-shard-00-00.kk3db.mongodb.net 
2025-02-17T04:50:20.402Z [INFO]: MongoDB Connected: italy-activity-shard-00-00.kk3db.mongodb.net 
2025-02-17T04:51:21.456Z [INFO]: MongoDB Connected: italy-activity-shard-00-00.kk3db.mongodb.net 
2025-02-17T04:59:53.194Z [INFO]: MongoDB Connected: italy-activity-shard-00-00.kk3db.mongodb.net 
2025-02-17T05:00:59.838Z [INFO]: MongoDB Connected: italy-activity-shard-00-00.kk3db.mongodb.net 
2025-02-17T05:07:11.370Z [INFO]: MongoDB Connected: italy-activity-shard-00-00.kk3db.mongodb.net 
2025-02-17T08:19:41.041Z [INFO]: MongoDB Connected: italy-activity-shard-00-00.kk3db.mongodb.net 
2025-02-17T08:26:56.302Z [INFO]: MongoDB Connected: italy-activity-shard-00-00.kk3db.mongodb.net 
2025-02-17T08:35:18.679Z [INFO]: MongoDB Connected: italy-activity-shard-00-00.kk3db.mongodb.net 
2025-02-17T08:45:10.712Z [INFO]: MongoDB Connected: italy-activity-shard-00-00.kk3db.mongodb.net 
2025-02-17T08:45:47.587Z [INFO]: MongoDB Connected: italy-activity-shard-00-02.kk3db.mongodb.net 
2025-02-17T09:15:56.779Z [INFO]: MongoDB Connected: italy-activity-shard-00-00.kk3db.mongodb.net 
2025-02-17T10:22:30.235Z [INFO]: MongoDB Connected: italy-activity-shard-00-00.kk3db.mongodb.net 
2025-02-17T10:23:15.181Z [INFO]: MongoDB Connected: italy-activity-shard-00-02.kk3db.mongodb.net 
2025-02-17T10:25:30.084Z [INFO]: MongoDB Connected: italy-activity-shard-00-00.kk3db.mongodb.net 
2025-02-17T11:13:42.708Z [INFO]: MongoDB Connected: italy-activity-shard-00-00.kk3db.mongodb.net 
2025-02-17T11:14:09.822Z [INFO]: MongoDB Connected: italy-activity-shard-00-02.kk3db.mongodb.net 
2025-02-17T11:15:14.808Z [INFO]: MongoDB Connected: italy-activity-shard-00-00.kk3db.mongodb.net 
2025-02-17T11:55:53.272Z [INFO]: MongoDB Connected: italy-activity-shard-00-00.kk3db.mongodb.net 
2025-02-18T10:20:48.235Z [INFO]: MongoDB Connected: italy-activity-shard-00-00.kk3db.mongodb.net 
2025-02-18T14:34:39.328Z [INFO]: MongoDB Connected: italy-activity-shard-00-00.kk3db.mongodb.net 
2025-02-18T14:34:58.404Z [INFO]: MongoDB Connected: italy-activity-shard-00-02.kk3db.mongodb.net 
2025-02-18T14:35:11.028Z [INFO]: MongoDB Connected: italy-activity-shard-00-00.kk3db.mongodb.net 
2025-02-18T17:12:42.521Z [ERROR]: MongoDB Connection Error: {"error":"querySrv ETIMEOUT _mongodb._tcp.italy-activity.kk3db.mongodb.net"}
2025-02-18T17:13:22.127Z [INFO]: MongoDB Connected: italy-activity-shard-00-00.kk3db.mongodb.net 
2025-02-19T03:15:00.812Z [INFO]: MongoDB Connected: obaol-cluster-shard-00-00.oq0ij.mongodb.net 
2025-02-19T04:02:21.371Z [INFO]: MongoDB Connected: obaol-cluster-shard-00-00.oq0ij.mongodb.net 
2025-02-19T13:14:15.936Z [ERROR]: MongoDB Connection Error: {"error":"querySrv ETIMEOUT _mongodb._tcp.obaol-cluster.oq0ij.mongodb.net"}
2025-02-19T13:19:29.991Z [ERROR]: MongoDB Connection Error: {"error":"querySrv ETIMEOUT _mongodb._tcp.obaol-cluster.oq0ij.mongodb.net"}
2025-02-19T13:38:29.714Z [ERROR]: MongoDB Connection Error: {"error":"querySrv ETIMEOUT _mongodb._tcp.obaol-cluster.oq0ij.mongodb.net"}
2025-02-19T13:42:24.173Z [ERROR]: MongoDB Connection Error: {"error":"querySrv ETIMEOUT _mongodb._tcp.obaol-cluster.oq0ij.mongodb.net"}
2025-02-20T13:38:42.168Z [ERROR]: MongoDB Connection Error: {"error":"Could not connect to any servers in your MongoDB Atlas cluster. One common reason is that you're trying to access the database from an IP that isn't whitelisted. Make sure your current IP address is on your Atlas cluster's IP whitelist: https://www.mongodb.com/docs/atlas/security-whitelist/"}
2025-02-20T13:41:19.290Z [ERROR]: MongoDB Connection Error: {"error":"Could not connect to any servers in your MongoDB Atlas cluster. One common reason is that you're trying to access the database from an IP that isn't whitelisted. Make sure your current IP address is on your Atlas cluster's IP whitelist: https://www.mongodb.com/docs/atlas/security-whitelist/"}
2025-02-20T13:44:54.411Z [INFO]: MongoDB Connected: obaol-cluster-shard-00-00.oq0ij.mongodb.net 
2025-02-20T13:45:11.862Z [INFO]: MongoDB Connected: obaol-cluster-shard-00-02.oq0ij.mongodb.net 
2025-02-20T14:08:34.037Z [INFO]: MongoDB Connected: obaol-cluster-shard-00-00.oq0ij.mongodb.net 
2025-02-20T14:17:08.274Z [INFO]: MongoDB Connected: obaol-cluster-shard-00-00.oq0ij.mongodb.net 
2025-02-21T04:50:33.508Z [INFO]: MongoDB Connected: obaol-cluster-shard-00-00.oq0ij.mongodb.net 
2025-02-22T04:53:22.378Z [INFO]: MongoDB Connected: obaol-cluster-shard-00-00.oq0ij.mongodb.net 
2025-02-22T12:13:32.671Z [INFO]: MongoDB Connected: obaol-cluster-shard-00-00.oq0ij.mongodb.net 
2025-02-26T05:21:53.972Z [INFO]: MongoDB Connected: obaol-cluster-shard-00-00.oq0ij.mongodb.net 
2025-02-26T19:38:19.082Z [ERROR]: MongoDB Connection Error: {"error":"querySrv ETIMEOUT _mongodb._tcp.obaol-cluster.oq0ij.mongodb.net"}
2025-02-26T19:38:52.574Z [INFO]: MongoDB Connected: obaol-cluster-shard-00-00.oq0ij.mongodb.net 
2025-02-27T05:34:03.704Z [INFO]: MongoDB Connected: obaol-cluster-shard-00-00.oq0ij.mongodb.net 
2025-02-27T14:19:07.515Z [INFO]: MongoDB Connected: obaol-cluster-shard-00-00.oq0ij.mongodb.net 
2025-02-27T17:40:38.958Z [INFO]: MongoDB Connected: obaol-cluster-shard-00-00.oq0ij.mongodb.net 
2025-02-27T17:40:59.716Z [INFO]: MongoDB Connected: obaol-cluster-shard-00-02.oq0ij.mongodb.net 
2025-02-27T21:37:46.661Z [INFO]: MongoDB Connected: obaol-cluster-shard-00-00.oq0ij.mongodb.net 
2025-02-27T21:38:34.645Z [INFO]: MongoDB Connected: obaol-cluster-shard-00-02.oq0ij.mongodb.net 
2025-02-27T21:38:47.850Z [INFO]: MongoDB Connected: obaol-cluster-shard-00-00.oq0ij.mongodb.net 
2025-02-27T21:40:46.620Z [INFO]: MongoDB Connected: obaol-cluster-shard-00-00.oq0ij.mongodb.net 
2025-02-27T21:41:00.647Z [INFO]: MongoDB Connected: obaol-cluster-shard-00-02.oq0ij.mongodb.net 
2025-02-27T21:43:41.559Z [INFO]: MongoDB Connected: obaol-cluster-shard-00-00.oq0ij.mongodb.net 
2025-02-27T21:44:06.541Z [INFO]: MongoDB Connected: obaol-cluster-shard-00-02.oq0ij.mongodb.net 
2025-02-27T21:44:36.363Z [INFO]: MongoDB Connected: obaol-cluster-shard-00-00.oq0ij.mongodb.net 
2025-02-27T21:45:22.323Z [INFO]: MongoDB Connected: obaol-cluster-shard-00-00.oq0ij.mongodb.net 
2025-02-27T21:45:54.100Z [INFO]: MongoDB Connected: obaol-cluster-shard-00-02.oq0ij.mongodb.net 
2025-02-27T21:46:13.287Z [INFO]: MongoDB Connected: obaol-cluster-shard-00-00.oq0ij.mongodb.net 
2025-02-27T22:00:36.270Z [INFO]: MongoDB Connected: obaol-cluster-shard-00-00.oq0ij.mongodb.net 
2025-02-27T22:00:52.429Z [INFO]: MongoDB Connected: obaol-cluster-shard-00-02.oq0ij.mongodb.net 
2025-02-27T22:01:09.411Z [INFO]: MongoDB Connected: obaol-cluster-shard-00-00.oq0ij.mongodb.net 
2025-02-27T22:01:29.405Z [INFO]: MongoDB Connected: obaol-cluster-shard-00-01.oq0ij.mongodb.net 
2025-02-27T22:04:08.909Z [INFO]: MongoDB Connected: obaol-cluster-shard-00-00.oq0ij.mongodb.net 
2025-02-27T22:04:26.003Z [INFO]: MongoDB Connected: obaol-cluster-shard-00-02.oq0ij.mongodb.net 
2025-02-27T22:05:30.762Z [INFO]: MongoDB Connected: obaol-cluster-shard-00-00.oq0ij.mongodb.net 
2025-02-27T22:08:25.181Z [INFO]: MongoDB Connected: obaol-cluster-shard-00-00.oq0ij.mongodb.net 
2025-02-27T22:08:56.498Z [INFO]: MongoDB Connected: obaol-cluster-shard-00-02.oq0ij.mongodb.net 
2025-02-27T22:09:31.172Z [INFO]: MongoDB Connected: obaol-cluster-shard-00-00.oq0ij.mongodb.net 
2025-02-27T22:09:46.351Z [INFO]: MongoDB Connected: obaol-cluster-shard-00-02.oq0ij.mongodb.net 
2025-02-27T22:11:32.064Z [INFO]: MongoDB Connected: obaol-cluster-shard-00-00.oq0ij.mongodb.net 
2025-02-28T19:20:38.855Z [INFO]: MongoDB Connected: obaol-cluster-shard-00-00.oq0ij.mongodb.net 
2025-02-28T20:22:01.123Z [INFO]: MongoDB Connected: obaol-cluster-shard-00-00.oq0ij.mongodb.net 
2025-03-01T05:11:29.663Z [INFO]: MongoDB Connected: obaol-cluster-shard-00-00.oq0ij.mongodb.net 
2025-03-01T08:25:10.949Z [INFO]: MongoDB Connected: obaol-cluster-shard-00-00.oq0ij.mongodb.net 
2025-03-01T10:32:14.167Z [INFO]: MongoDB Connected: obaol-cluster-shard-00-00.oq0ij.mongodb.net 
2025-03-01T10:32:49.580Z [INFO]: MongoDB Connected: obaol-cluster-shard-00-02.oq0ij.mongodb.net 
2025-03-01T10:39:02.668Z [INFO]: MongoDB Connected: obaol-cluster-shard-00-00.oq0ij.mongodb.net 
2025-03-01T10:39:38.016Z [INFO]: MongoDB Connected: obaol-cluster-shard-00-02.oq0ij.mongodb.net 
2025-03-01T10:39:55.552Z [INFO]: MongoDB Connected: obaol-cluster-shard-00-00.oq0ij.mongodb.net 
2025-03-01T10:40:18.549Z [INFO]: MongoDB Connected: obaol-cluster-shard-00-00.oq0ij.mongodb.net 
2025-03-01T10:40:42.278Z [INFO]: MongoDB Connected: obaol-cluster-shard-00-02.oq0ij.mongodb.net 
2025-03-01T10:41:47.262Z [INFO]: MongoDB Connected: obaol-cluster-shard-00-00.oq0ij.mongodb.net 
2025-03-01T10:42:05.469Z [INFO]: MongoDB Connected: obaol-cluster-shard-00-02.oq0ij.mongodb.net 
2025-03-01T10:42:29.506Z [INFO]: MongoDB Connected: obaol-cluster-shard-00-00.oq0ij.mongodb.net 
2025-03-01T10:42:38.598Z [INFO]: MongoDB Connected: obaol-cluster-shard-00-01.oq0ij.mongodb.net 
2025-03-01T10:44:58.893Z [INFO]: MongoDB Connected: obaol-cluster-shard-00-00.oq0ij.mongodb.net 
2025-03-01T10:45:59.563Z [INFO]: MongoDB Connected: obaol-cluster-shard-00-00.oq0ij.mongodb.net 
2025-03-01T10:48:48.933Z [INFO]: MongoDB Connected: obaol-cluster-shard-00-00.oq0ij.mongodb.net 
2025-03-01T10:50:15.345Z [INFO]: MongoDB Connected: obaol-cluster-shard-00-00.oq0ij.mongodb.net 
2025-03-01T10:50:24.231Z [INFO]: MongoDB Connected: obaol-cluster-shard-00-02.oq0ij.mongodb.net 
2025-03-01T10:50:39.503Z [INFO]: MongoDB Connected: obaol-cluster-shard-00-00.oq0ij.mongodb.net 
2025-03-01T10:51:03.179Z [INFO]: MongoDB Connected: obaol-cluster-shard-00-01.oq0ij.mongodb.net 
2025-03-01T10:51:58.292Z [INFO]: MongoDB Connected: obaol-cluster-shard-00-02.oq0ij.mongodb.net 
2025-03-01T10:53:37.022Z [INFO]: MongoDB Connected: obaol-cluster-shard-00-00.oq0ij.mongodb.net 
2025-03-01T10:54:06.026Z [INFO]: MongoDB Connected: obaol-cluster-shard-00-02.oq0ij.mongodb.net 
2025-03-01T10:54:39.239Z [INFO]: MongoDB Connected: obaol-cluster-shard-00-00.oq0ij.mongodb.net 
2025-03-01T10:54:56.173Z [INFO]: MongoDB Connected: obaol-cluster-shard-00-02.oq0ij.mongodb.net 
2025-03-01T10:55:10.735Z [INFO]: MongoDB Connected: obaol-cluster-shard-00-00.oq0ij.mongodb.net 
2025-03-01T10:55:21.614Z [INFO]: MongoDB Connected: obaol-cluster-shard-00-01.oq0ij.mongodb.net 
2025-03-01T10:56:18.028Z [INFO]: MongoDB Connected: obaol-cluster-shard-00-02.oq0ij.mongodb.net 
2025-03-01T10:56:41.748Z [INFO]: MongoDB Connected: obaol-cluster-shard-00-00.oq0ij.mongodb.net 
2025-03-01T10:57:10.991Z [INFO]: MongoDB Connected: obaol-cluster-shard-00-00.oq0ij.mongodb.net 
2025-03-01T10:58:05.703Z [INFO]: MongoDB Connected: obaol-cluster-shard-00-02.oq0ij.mongodb.net 
2025-03-01T10:58:28.588Z [INFO]: MongoDB Connected: obaol-cluster-shard-00-00.oq0ij.mongodb.net 
2025-03-01T10:58:59.211Z [INFO]: MongoDB Connected: obaol-cluster-shard-00-02.oq0ij.mongodb.net 
2025-03-01T10:59:12.064Z [INFO]: MongoDB Connected: obaol-cluster-shard-00-00.oq0ij.mongodb.net 
2025-03-01T10:59:21.656Z [INFO]: MongoDB Connected: obaol-cluster-shard-00-01.oq0ij.mongodb.net 
2025-03-01T10:59:31.233Z [INFO]: MongoDB Connected: obaol-cluster-shard-00-00.oq0ij.mongodb.net 
2025-03-01T10:59:40.556Z [INFO]: MongoDB Connected: obaol-cluster-shard-00-02.oq0ij.mongodb.net 
2025-03-01T11:06:31.918Z [INFO]: MongoDB Connected: obaol-cluster-shard-00-00.oq0ij.mongodb.net 
2025-03-01T11:09:32.488Z [ERROR]: MongoDB Connection Error: {"error":"querySrv ETIMEOUT _mongodb._tcp.obaol-cluster.oq0ij.mongodb.net"}
2025-03-01T11:10:40.083Z [INFO]: MongoDB Connected: obaol-cluster-shard-00-00.oq0ij.mongodb.net 
2025-03-01T11:10:53.330Z [INFO]: MongoDB Connected: obaol-cluster-shard-00-02.oq0ij.mongodb.net 
2025-03-01T17:20:24.138Z [INFO]: MongoDB Connected: obaol-cluster-shard-00-00.oq0ij.mongodb.net 
2025-03-01T17:20:39.247Z [INFO]: MongoDB Connected: obaol-cluster-shard-00-02.oq0ij.mongodb.net 
2025-03-01T17:21:37.357Z [INFO]: MongoDB Connected: obaol-cluster-shard-00-00.oq0ij.mongodb.net 
2025-03-01T17:21:47.663Z [INFO]: MongoDB Connected: obaol-cluster-shard-00-02.oq0ij.mongodb.net 
2025-03-01T17:22:30.652Z [INFO]: MongoDB Connected: obaol-cluster-shard-00-00.oq0ij.mongodb.net 
2025-03-01T17:23:25.518Z [INFO]: MongoDB Connected: obaol-cluster-shard-00-00.oq0ij.mongodb.net 
2025-03-01T17:23:35.722Z [INFO]: MongoDB Connected: obaol-cluster-shard-00-02.oq0ij.mongodb.net 
2025-03-01T17:23:46.905Z [INFO]: MongoDB Connected: obaol-cluster-shard-00-00.oq0ij.mongodb.net 
2025-03-01T17:24:41.203Z [INFO]: MongoDB Connected: obaol-cluster-shard-00-00.oq0ij.mongodb.net 
2025-03-01T17:24:59.824Z [INFO]: MongoDB Connected: obaol-cluster-shard-00-02.oq0ij.mongodb.net 
2025-03-01T17:52:57.050Z [INFO]: MongoDB Connected: obaol-cluster-shard-00-00.oq0ij.mongodb.net 
2025-03-02T05:36:39.710Z [INFO]: MongoDB Connected: obaol-cluster-shard-00-00.oq0ij.mongodb.net 
2025-03-02T06:24:46.518Z [INFO]: MongoDB Connected: obaol-cluster-shard-00-00.oq0ij.mongodb.net 
2025-03-02T06:55:13.229Z [INFO]: MongoDB Connected: obaol-cluster-shard-00-00.oq0ij.mongodb.net 
2025-03-02T06:56:27.481Z [INFO]: MongoDB Connected: obaol-cluster-shard-00-00.oq0ij.mongodb.net 
2025-03-02T06:57:38.633Z [INFO]: MongoDB Connected: obaol-cluster-shard-00-00.oq0ij.mongodb.net 
2025-03-02T06:57:55.538Z [INFO]: MongoDB Connected: obaol-cluster-shard-00-02.oq0ij.mongodb.net 
2025-03-02T06:58:35.300Z [INFO]: MongoDB Connected: obaol-cluster-shard-00-01.oq0ij.mongodb.net 
2025-03-02T07:01:57.408Z [INFO]: MongoDB Connected: obaol-cluster-shard-00-00.oq0ij.mongodb.net 
2025-03-02T11:23:59.639Z [INFO]: MongoDB Connected: obaol-cluster-shard-00-00.oq0ij.mongodb.net 
2025-03-02T11:34:35.278Z [INFO]: MongoDB Connected: obaol-cluster-shard-00-00.oq0ij.mongodb.net 
2025-03-02T11:37:12.701Z [INFO]: MongoDB Connected: obaol-cluster-shard-00-00.oq0ij.mongodb.net 
2025-03-02T11:38:25.972Z [INFO]: MongoDB Connected: obaol-cluster-shard-00-00.oq0ij.mongodb.net 
2025-03-02T11:39:57.339Z [INFO]: MongoDB Connected: obaol-cluster-shard-00-00.oq0ij.mongodb.net 
2025-03-02T11:40:46.492Z [INFO]: MongoDB Connected: obaol-cluster-shard-00-02.oq0ij.mongodb.net 
2025-03-02T11:41:43.151Z [INFO]: MongoDB Connected: obaol-cluster-shard-00-00.oq0ij.mongodb.net 
2025-03-02T16:27:32.592Z [INFO]: MongoDB Connected: obaol-cluster-shard-00-00.oq0ij.mongodb.net 
2025-03-02T16:28:59.448Z [INFO]: MongoDB Connected: obaol-cluster-shard-00-00.oq0ij.mongodb.net 
2025-03-02T16:30:08.377Z [INFO]: MongoDB Connected: obaol-cluster-shard-00-00.oq0ij.mongodb.net 
2025-03-02T16:30:32.028Z [INFO]: MongoDB Connected: obaol-cluster-shard-00-02.oq0ij.mongodb.net 
2025-03-02T16:30:47.875Z [INFO]: MongoDB Connected: obaol-cluster-shard-00-00.oq0ij.mongodb.net 
2025-03-02T16:58:09.157Z [INFO]: MongoDB Connected: obaol-cluster-shard-00-00.oq0ij.mongodb.net 
2025-03-02T17:04:58.786Z [INFO]: MongoDB Connected: obaol-cluster-shard-00-00.oq0ij.mongodb.net 
2025-03-02T17:05:10.229Z [INFO]: MongoDB Connected: obaol-cluster-shard-00-02.oq0ij.mongodb.net 
2025-03-02T17:06:56.685Z [INFO]: MongoDB Connected: obaol-cluster-shard-00-00.oq0ij.mongodb.net 
2025-03-02T17:07:39.284Z [INFO]: MongoDB Connected: obaol-cluster-shard-00-02.oq0ij.mongodb.net 
2025-03-02T17:24:36.617Z [INFO]: MongoDB Connected: obaol-cluster-shard-00-00.oq0ij.mongodb.net 
2025-03-02T17:30:04.439Z [INFO]: MongoDB Connected: obaol-cluster-shard-00-00.oq0ij.mongodb.net 
2025-03-02T17:41:25.318Z [INFO]: MongoDB Connected: obaol-cluster-shard-00-00.oq0ij.mongodb.net 
2025-03-02T17:43:34.627Z [INFO]: MongoDB Connected: obaol-cluster-shard-00-00.oq0ij.mongodb.net 
2025-03-02T17:47:47.549Z [INFO]: MongoDB Connected: obaol-cluster-shard-00-00.oq0ij.mongodb.net 
2025-03-02T17:48:56.432Z [INFO]: MongoDB Connected: obaol-cluster-shard-00-00.oq0ij.mongodb.net 
2025-03-03T05:36:56.753Z [INFO]: MongoDB Connected: obaol-cluster-shard-00-00.oq0ij.mongodb.net 
2025-03-03T09:19:11.351Z [INFO]: MongoDB Connected: obaol-cluster-shard-00-00.oq0ij.mongodb.net 
2025-03-03T09:32:17.852Z [INFO]: MongoDB Connected: obaol-cluster-shard-00-00.oq0ij.mongodb.net 
2025-03-03T18:36:09.022Z [INFO]: MongoDB Connected: obaol-cluster-shard-00-00.oq0ij.mongodb.net 
2025-03-03T20:45:09.991Z [INFO]: MongoDB Connected: obaol-cluster-shard-00-00.oq0ij.mongodb.net 
2025-03-03T20:50:28.147Z [INFO]: MongoDB Connected: obaol-cluster-shard-00-00.oq0ij.mongodb.net 
2025-03-03T20:55:40.152Z [INFO]: MongoDB Connected: obaol-cluster-shard-00-00.oq0ij.mongodb.net 
2025-03-03T21:01:06.936Z [INFO]: MongoDB Connected: obaol-cluster-shard-00-00.oq0ij.mongodb.net 
2025-03-03T21:01:45.103Z [INFO]: MongoDB Connected: obaol-cluster-shard-00-02.oq0ij.mongodb.net 
2025-03-03T21:16:45.614Z [INFO]: MongoDB Connected: obaol-cluster-shard-00-00.oq0ij.mongodb.net 
2025-03-03T21:23:35.188Z [INFO]: MongoDB Connected: obaol-cluster-shard-00-00.oq0ij.mongodb.net 
2025-03-03T21:23:58.052Z [INFO]: MongoDB Connected: obaol-cluster-shard-00-02.oq0ij.mongodb.net 
2025-03-03T21:41:24.482Z [INFO]: MongoDB Connected: obaol-cluster-shard-00-00.oq0ij.mongodb.net 
2025-03-03T21:45:29.474Z [INFO]: MongoDB Connected: obaol-cluster-shard-00-00.oq0ij.mongodb.net 
2025-03-04T07:40:11.493Z [INFO]: MongoDB Connected: obaol-cluster-shard-00-00.oq0ij.mongodb.net 
2025-03-04T09:21:02.765Z [INFO]: MongoDB Connected: obaol-cluster-shard-00-00.oq0ij.mongodb.net 
2025-03-04T09:32:09.321Z [INFO]: MongoDB Connected: obaol-cluster-shard-00-00.oq0ij.mongodb.net 
2025-03-04T09:33:44.732Z [INFO]: MongoDB Connected: obaol-cluster-shard-00-00.oq0ij.mongodb.net 
2025-03-04T09:34:05.769Z [INFO]: MongoDB Connected: obaol-cluster-shard-00-02.oq0ij.mongodb.net 
2025-03-04T09:34:37.494Z [INFO]: MongoDB Connected: obaol-cluster-shard-00-00.oq0ij.mongodb.net 
2025-03-04T09:38:18.167Z [INFO]: MongoDB Connected: obaol-cluster-shard-00-00.oq0ij.mongodb.net 
2025-03-04T09:40:48.455Z [INFO]: MongoDB Connected: obaol-cluster-shard-00-00.oq0ij.mongodb.net 
2025-03-04T09:45:11.032Z [INFO]: MongoDB Connected: obaol-cluster-shard-00-00.oq0ij.mongodb.net 
2025-03-05T03:43:35.219Z [INFO]: MongoDB Connected: obaol-cluster-shard-00-00.oq0ij.mongodb.net 
2025-03-05T07:10:47.938Z [INFO]: MongoDB Connected: obaol-cluster-shard-00-00.oq0ij.mongodb.net 
2025-03-05T07:26:09.978Z [INFO]: MongoDB Connected: obaol-cluster-shard-00-02.oq0ij.mongodb.net 
2025-03-05T07:26:48.795Z [INFO]: MongoDB Connected: obaol-cluster-shard-00-01.oq0ij.mongodb.net 
2025-03-05T07:39:42.526Z [INFO]: MongoDB Connected: obaol-cluster-shard-00-01.oq0ij.mongodb.net 
2025-03-05T07:39:59.116Z [INFO]: MongoDB Connected: obaol-cluster-shard-00-01.oq0ij.mongodb.net 
2025-03-07T14:36:04.860Z [INFO]: MongoDB Connected: obaol-cluster-shard-00-00.oq0ij.mongodb.net 
2025-03-07T17:57:24.386Z [INFO]: MongoDB Connected: obaol-cluster-shard-00-02.oq0ij.mongodb.net 
2025-03-07T18:07:25.214Z [INFO]: MongoDB Connected: obaol-cluster-shard-00-01.oq0ij.mongodb.net 
2025-03-07T19:40:51.891Z [INFO]: MongoDB Connected: obaol-cluster-shard-00-00.oq0ij.mongodb.net 
2025-03-07T19:41:15.646Z [INFO]: MongoDB Connected: obaol-cluster-shard-00-01.oq0ij.mongodb.net 
2025-03-07T20:07:02.057Z [INFO]: MongoDB Connected: obaol-cluster-shard-00-01.oq0ij.mongodb.net 
2025-03-07T20:07:49.579Z [INFO]: MongoDB Connected: obaol-cluster-shard-00-01.oq0ij.mongodb.net 
2025-03-07T20:08:07.753Z [INFO]: MongoDB Connected: obaol-cluster-shard-00-00.oq0ij.mongodb.net 
2025-03-07T20:08:55.619Z [INFO]: MongoDB Connected: obaol-cluster-shard-00-01.oq0ij.mongodb.net 
2025-03-07T20:12:24.241Z [INFO]: MongoDB Connected: obaol-cluster-shard-00-00.oq0ij.mongodb.net 
2025-03-07T20:38:40.482Z [INFO]: MongoDB Connected: obaol-cluster-shard-00-02.oq0ij.mongodb.net 
2025-03-07T20:39:16.997Z [INFO]: MongoDB Connected: obaol-cluster-shard-00-02.oq0ij.mongodb.net 
2025-03-07T20:40:31.060Z [INFO]: MongoDB Connected: obaol-cluster-shard-00-01.oq0ij.mongodb.net 
2025-03-07T20:40:56.449Z [INFO]: MongoDB Connected: obaol-cluster-shard-00-02.oq0ij.mongodb.net 
2025-03-07T20:55:03.330Z [INFO]: MongoDB Connected: obaol-cluster-shard-00-01.oq0ij.mongodb.net 
2025-03-07T20:55:19.525Z [INFO]: MongoDB Connected: obaol-cluster-shard-00-01.oq0ij.mongodb.net 
2025-03-08T04:05:00.474Z [INFO]: MongoDB Connected: obaol-cluster-shard-00-01.oq0ij.mongodb.net 
2025-03-08T12:19:04.475Z [INFO]: MongoDB Connected: obaol-cluster-shard-00-01.oq0ij.mongodb.net 
2025-03-08T18:23:15.796Z [INFO]: MongoDB Connected: obaol-cluster-shard-00-00.oq0ij.mongodb.net 
2025-03-08T18:24:24.400Z [INFO]: MongoDB Connected: obaol-cluster-shard-00-01.oq0ij.mongodb.net 
2025-03-08T19:09:47.526Z [INFO]: MongoDB Connected: obaol-cluster-shard-00-00.oq0ij.mongodb.net 
2025-03-08T19:27:36.960Z [INFO]: MongoDB Connected: obaol-cluster-shard-00-01.oq0ij.mongodb.net 
2025-03-08T19:30:05.215Z [INFO]: MongoDB Connected: obaol-cluster-shard-00-01.oq0ij.mongodb.net 
2025-03-09T04:03:39.502Z [INFO]: MongoDB Connected: obaol-cluster-shard-00-00.oq0ij.mongodb.net 
2025-03-09T07:14:58.643Z [INFO]: MongoDB Connected: obaol-cluster-shard-00-00.oq0ij.mongodb.net 
2025-03-09T07:15:49.220Z [INFO]: MongoDB Connected: obaol-cluster-shard-00-02.oq0ij.mongodb.net 
2025-03-09T07:16:02.534Z [INFO]: MongoDB Connected: obaol-cluster-shard-00-02.oq0ij.mongodb.net 
2025-03-09T07:16:27.959Z [INFO]: MongoDB Connected: obaol-cluster-shard-00-01.oq0ij.mongodb.net 
2025-03-09T07:17:06.929Z [INFO]: MongoDB Connected: obaol-cluster-shard-00-01.oq0ij.mongodb.net 
2025-03-09T07:17:23.465Z [INFO]: MongoDB Connected: obaol-cluster-shard-00-00.oq0ij.mongodb.net 
2025-03-09T07:17:56.582Z [INFO]: MongoDB Connected: obaol-cluster-shard-00-00.oq0ij.mongodb.net 
2025-03-09T07:38:07.367Z [INFO]: MongoDB Connected: obaol-cluster-shard-00-01.oq0ij.mongodb.net 
2025-03-09T07:38:32.620Z [INFO]: MongoDB Connected: obaol-cluster-shard-00-02.oq0ij.mongodb.net 
2025-03-09T07:39:40.268Z [INFO]: MongoDB Connected: obaol-cluster-shard-00-01.oq0ij.mongodb.net 
2025-03-09T07:40:02.618Z [INFO]: MongoDB Connected: obaol-cluster-shard-00-01.oq0ij.mongodb.net 
2025-03-09T07:40:43.175Z [INFO]: MongoDB Connected: obaol-cluster-shard-00-02.oq0ij.mongodb.net 
2025-03-09T07:40:58.320Z [INFO]: MongoDB Connected: obaol-cluster-shard-00-01.oq0ij.mongodb.net 
2025-03-09T07:41:17.814Z [INFO]: MongoDB Connected: obaol-cluster-shard-00-00.oq0ij.mongodb.net 
2025-03-09T07:43:56.916Z [INFO]: MongoDB Connected: obaol-cluster-shard-00-00.oq0ij.mongodb.net 
2025-03-09T07:44:07.006Z [INFO]: MongoDB Connected: obaol-cluster-shard-00-01.oq0ij.mongodb.net 
2025-03-09T07:44:15.767Z [INFO]: MongoDB Connected: obaol-cluster-shard-00-02.oq0ij.mongodb.net 
2025-03-09T07:49:19.021Z [INFO]: MongoDB Connected: obaol-cluster-shard-00-00.oq0ij.mongodb.net 
2025-03-09T08:05:32.904Z [INFO]: MongoDB Connected: obaol-cluster-shard-00-02.oq0ij.mongodb.net 
2025-03-09T08:06:25.259Z [INFO]: MongoDB Connected: obaol-cluster-shard-00-02.oq0ij.mongodb.net 
2025-03-09T08:06:51.782Z [INFO]: MongoDB Connected: obaol-cluster-shard-00-02.oq0ij.mongodb.net 
2025-03-09T08:16:37.496Z [INFO]: MongoDB Connected: obaol-cluster-shard-00-00.oq0ij.mongodb.net 
2025-03-09T08:16:59.661Z [INFO]: MongoDB Connected: obaol-cluster-shard-00-01.oq0ij.mongodb.net 
2025-03-09T08:18:08.177Z [INFO]: MongoDB Connected: obaol-cluster-shard-00-01.oq0ij.mongodb.net 
2025-03-09T08:18:24.757Z [INFO]: MongoDB Connected: obaol-cluster-shard-00-01.oq0ij.mongodb.net 
2025-03-09T08:19:45.995Z [INFO]: MongoDB Connected: obaol-cluster-shard-00-01.oq0ij.mongodb.net 
2025-03-09T08:25:29.199Z [INFO]: MongoDB Connected: obaol-cluster-shard-00-00.oq0ij.mongodb.net 
2025-03-09T08:27:05.019Z [INFO]: MongoDB Connected: obaol-cluster-shard-00-02.oq0ij.mongodb.net 
2025-03-09T08:27:18.531Z [INFO]: MongoDB Connected: obaol-cluster-shard-00-02.oq0ij.mongodb.net 
2025-03-09T08:28:12.130Z [INFO]: MongoDB Connected: obaol-cluster-shard-00-00.oq0ij.mongodb.net 
2025-03-09T08:36:35.033Z [INFO]: MongoDB Connected: obaol-cluster-shard-00-01.oq0ij.mongodb.net 
2025-03-09T08:37:09.403Z [INFO]: MongoDB Connected: obaol-cluster-shard-00-02.oq0ij.mongodb.net 
2025-03-09T08:41:47.512Z [INFO]: MongoDB Connected: obaol-cluster-shard-00-02.oq0ij.mongodb.net 
2025-03-09T08:42:02.262Z [INFO]: MongoDB Connected: obaol-cluster-shard-00-00.oq0ij.mongodb.net 
2025-03-09T08:42:59.468Z [INFO]: MongoDB Connected: obaol-cluster-shard-00-00.oq0ij.mongodb.net 
2025-03-09T08:43:41.096Z [INFO]: MongoDB Connected: obaol-cluster-shard-00-02.oq0ij.mongodb.net 
2025-03-09T08:44:25.024Z [INFO]: MongoDB Connected: obaol-cluster-shard-00-02.oq0ij.mongodb.net 
2025-03-09T08:44:52.263Z [INFO]: MongoDB Connected: obaol-cluster-shard-00-00.oq0ij.mongodb.net 
2025-03-09T08:45:44.775Z [INFO]: MongoDB Connected: obaol-cluster-shard-00-00.oq0ij.mongodb.net 
2025-03-09T08:46:22.241Z [INFO]: MongoDB Connected: obaol-cluster-shard-00-01.oq0ij.mongodb.net 
2025-03-09T08:47:31.445Z [INFO]: MongoDB Connected: obaol-cluster-shard-00-00.oq0ij.mongodb.net 
2025-03-09T08:47:57.901Z [INFO]: MongoDB Connected: obaol-cluster-shard-00-00.oq0ij.mongodb.net 
2025-03-09T08:48:24.755Z [INFO]: MongoDB Connected: obaol-cluster-shard-00-00.oq0ij.mongodb.net 
2025-03-09T08:48:39.440Z [INFO]: MongoDB Connected: obaol-cluster-shard-00-01.oq0ij.mongodb.net 
2025-03-09T08:49:00.163Z [INFO]: MongoDB Connected: obaol-cluster-shard-00-02.oq0ij.mongodb.net 
2025-03-09T08:49:20.857Z [INFO]: MongoDB Connected: obaol-cluster-shard-00-00.oq0ij.mongodb.net 
2025-03-09T08:49:56.706Z [INFO]: MongoDB Connected: obaol-cluster-shard-00-01.oq0ij.mongodb.net 
2025-03-09T08:50:24.498Z [INFO]: MongoDB Connected: obaol-cluster-shard-00-01.oq0ij.mongodb.net 
2025-03-09T08:50:44.143Z [INFO]: MongoDB Connected: obaol-cluster-shard-00-00.oq0ij.mongodb.net 
2025-03-09T08:51:19.757Z [INFO]: MongoDB Connected: obaol-cluster-shard-00-00.oq0ij.mongodb.net 
2025-03-09T08:51:59.213Z [INFO]: MongoDB Connected: obaol-cluster-shard-00-02.oq0ij.mongodb.net 
2025-03-09T08:52:08.809Z [INFO]: MongoDB Connected: obaol-cluster-shard-00-00.oq0ij.mongodb.net 
2025-03-09T08:52:23.413Z [INFO]: MongoDB Connected: obaol-cluster-shard-00-02.oq0ij.mongodb.net 
2025-03-09T08:56:16.851Z [INFO]: MongoDB Connected: obaol-cluster-shard-00-02.oq0ij.mongodb.net 
2025-03-09T08:57:14.985Z [INFO]: MongoDB Connected: obaol-cluster-shard-00-02.oq0ij.mongodb.net 
2025-03-09T08:57:33.604Z [INFO]: MongoDB Connected: obaol-cluster-shard-00-00.oq0ij.mongodb.net 
2025-03-09T09:05:34.115Z [INFO]: MongoDB Connected: obaol-cluster-shard-00-02.oq0ij.mongodb.net 
2025-03-09T09:06:26.677Z [INFO]: MongoDB Connected: obaol-cluster-shard-00-02.oq0ij.mongodb.net 
2025-03-09T09:07:35.090Z [INFO]: MongoDB Connected: obaol-cluster-shard-00-01.oq0ij.mongodb.net 
2025-03-09T09:08:28.137Z [INFO]: MongoDB Connected: obaol-cluster-shard-00-02.oq0ij.mongodb.net 
2025-03-09T09:08:49.609Z [INFO]: MongoDB Connected: obaol-cluster-shard-00-02.oq0ij.mongodb.net 
2025-03-09T09:09:30.181Z [INFO]: MongoDB Connected: obaol-cluster-shard-00-00.oq0ij.mongodb.net 
2025-03-09T09:10:04.241Z [INFO]: MongoDB Connected: obaol-cluster-shard-00-00.oq0ij.mongodb.net 
2025-03-09T09:10:42.537Z [INFO]: MongoDB Connected: obaol-cluster-shard-00-00.oq0ij.mongodb.net 
2025-03-09T09:11:26.175Z [INFO]: MongoDB Connected: obaol-cluster-shard-00-00.oq0ij.mongodb.net 
2025-03-09T09:11:45.569Z [INFO]: MongoDB Connected: obaol-cluster-shard-00-01.oq0ij.mongodb.net 
2025-03-09T09:12:02.291Z [INFO]: MongoDB Connected: obaol-cluster-shard-00-00.oq0ij.mongodb.net 
2025-03-09T09:12:18.875Z [INFO]: MongoDB Connected: obaol-cluster-shard-00-00.oq0ij.mongodb.net 
2025-03-09T09:12:43.093Z [INFO]: MongoDB Connected: obaol-cluster-shard-00-00.oq0ij.mongodb.net 
2025-03-09T09:13:00.703Z [INFO]: MongoDB Connected: obaol-cluster-shard-00-02.oq0ij.mongodb.net 
2025-03-09T09:13:46.882Z [INFO]: MongoDB Connected: obaol-cluster-shard-00-00.oq0ij.mongodb.net 
2025-03-09T09:14:00.420Z [INFO]: MongoDB Connected: obaol-cluster-shard-00-00.oq0ij.mongodb.net 
2025-03-09T09:14:15.766Z [INFO]: MongoDB Connected: obaol-cluster-shard-00-00.oq0ij.mongodb.net 
2025-03-09T09:14:27.112Z [INFO]: MongoDB Connected: obaol-cluster-shard-00-02.oq0ij.mongodb.net 
2025-03-09T09:14:39.638Z [INFO]: MongoDB Connected: obaol-cluster-shard-00-01.oq0ij.mongodb.net 
2025-03-09T09:14:52.322Z [INFO]: MongoDB Connected: obaol-cluster-shard-00-00.oq0ij.mongodb.net 
2025-03-09T09:15:25.625Z [INFO]: MongoDB Connected: obaol-cluster-shard-00-02.oq0ij.mongodb.net 
2025-03-09T09:16:52.136Z [INFO]: MongoDB Connected: obaol-cluster-shard-00-00.oq0ij.mongodb.net 
2025-03-09T09:19:52.999Z [INFO]: MongoDB Connected: obaol-cluster-shard-00-01.oq0ij.mongodb.net 
2025-03-09T09:20:27.634Z [INFO]: MongoDB Connected: obaol-cluster-shard-00-00.oq0ij.mongodb.net 
2025-03-09T11:28:54.585Z [INFO]: MongoDB Connected: obaol-cluster-shard-00-00.oq0ij.mongodb.net 
2025-03-09T11:29:28.073Z [INFO]: MongoDB Connected: obaol-cluster-shard-00-02.oq0ij.mongodb.net 
2025-03-09T14:32:59.237Z [INFO]: MongoDB Connected: obaol-cluster-shard-00-00.oq0ij.mongodb.net 
2025-03-09T14:33:40.735Z [INFO]: MongoDB Connected: obaol-cluster-shard-00-01.oq0ij.mongodb.net 
2025-03-09T14:34:25.702Z [INFO]: MongoDB Connected: obaol-cluster-shard-00-02.oq0ij.mongodb.net 
2025-03-09T14:34:51.860Z [INFO]: MongoDB Connected: obaol-cluster-shard-00-02.oq0ij.mongodb.net 
2025-03-09T15:09:21.487Z [INFO]: MongoDB Connected: obaol-cluster-shard-00-02.oq0ij.mongodb.net 
2025-03-09T15:09:44.554Z [INFO]: MongoDB Connected: obaol-cluster-shard-00-01.oq0ij.mongodb.net 
2025-03-09T15:10:08.671Z [INFO]: MongoDB Connected: obaol-cluster-shard-00-02.oq0ij.mongodb.net 
2025-03-09T15:10:27.337Z [INFO]: MongoDB Connected: obaol-cluster-shard-00-01.oq0ij.mongodb.net 
2025-03-09T15:11:01.746Z [INFO]: MongoDB Connected: obaol-cluster-shard-00-02.oq0ij.mongodb.net 
2025-03-09T15:11:36.974Z [INFO]: MongoDB Connected: obaol-cluster-shard-00-01.oq0ij.mongodb.net 
2025-03-09T15:12:25.688Z [INFO]: MongoDB Connected: obaol-cluster-shard-00-01.oq0ij.mongodb.net 
2025-03-11T05:52:51.250Z [INFO]: MongoDB Connected: obaol-cluster-shard-00-01.oq0ij.mongodb.net 
2025-03-12T10:32:29.961Z [INFO]: MongoDB Connected: obaol-cluster-shard-00-01.oq0ij.mongodb.net 
2025-03-13T03:43:01.746Z [INFO]: MongoDB Connected: obaol-cluster-shard-00-00.oq0ij.mongodb.net 
2025-03-15T12:59:11.036Z [INFO]: MongoDB Connected: obaol-cluster-shard-00-00.oq0ij.mongodb.net 
2025-03-15T17:00:50.441Z [INFO]: MongoDB Connected: obaol-cluster-shard-00-00.oq0ij.mongodb.net 
2025-03-15T17:01:38.044Z [INFO]: MongoDB Connected: obaol-cluster-shard-00-02.oq0ij.mongodb.net 
2025-03-15T17:02:39.608Z [INFO]: MongoDB Connected: obaol-cluster-shard-00-00.oq0ij.mongodb.net 
2025-03-16T05:15:26.706Z [INFO]: MongoDB Connected: obaol-cluster-shard-00-00.oq0ij.mongodb.net 
2025-03-16T12:06:34.893Z [INFO]: MongoDB Connected: obaol-cluster-shard-00-02.oq0ij.mongodb.net 
2025-03-16T12:07:18.401Z [INFO]: MongoDB Connected: obaol-cluster-shard-00-02.oq0ij.mongodb.net 
2025-03-16T12:41:12.352Z [INFO]: MongoDB Connected: obaol-cluster-shard-00-00.oq0ij.mongodb.net 
2025-03-16T12:41:22.934Z [INFO]: MongoDB Connected: obaol-cluster-shard-00-02.oq0ij.mongodb.net 
2025-03-16T12:42:03.241Z [INFO]: MongoDB Connected: obaol-cluster-shard-00-00.oq0ij.mongodb.net 
2025-03-16T12:43:30.176Z [INFO]: MongoDB Connected: obaol-cluster-shard-00-00.oq0ij.mongodb.net 
2025-03-16T13:16:24.373Z [INFO]: MongoDB Connected: obaol-cluster-shard-00-00.oq0ij.mongodb.net 
2025-03-16T15:07:57.846Z [INFO]: MongoDB Connected: obaol-cluster-shard-00-00.oq0ij.mongodb.net 
2025-03-17T02:47:39.575Z [INFO]: MongoDB Connected: obaol-cluster-shard-00-00.oq0ij.mongodb.net 
2025-03-17T08:35:19.903Z [INFO]: MongoDB Connected: obaol-cluster-shard-00-00.oq0ij.mongodb.net 
2025-03-17T08:35:40.313Z [INFO]: MongoDB Connected: obaol-cluster-shard-00-02.oq0ij.mongodb.net 
2025-03-17T08:50:12.302Z [INFO]: MongoDB Connected: obaol-cluster-shard-00-00.oq0ij.mongodb.net 
2025-03-17T08:50:54.583Z [INFO]: MongoDB Connected: obaol-cluster-shard-00-02.oq0ij.mongodb.net 
2025-03-17T09:14:48.886Z [ERROR]: MongoDB Connection Error: {"error":"querySrv ETIMEOUT _mongodb._tcp.obaol-cluster.oq0ij.mongodb.net"}
2025-03-17T09:18:24.615Z [INFO]: MongoDB Connected: obaol-cluster-shard-00-00.oq0ij.mongodb.net 
2025-03-17T09:25:08.923Z [INFO]: MongoDB Connected: obaol-cluster-shard-00-00.oq0ij.mongodb.net 
2025-03-17T09:30:05.281Z [INFO]: MongoDB Connected: obaol-cluster-shard-00-00.oq0ij.mongodb.net 
2025-03-17T09:32:27.681Z [INFO]: MongoDB Connected: obaol-cluster-shard-00-00.oq0ij.mongodb.net 
2025-03-17T09:33:34.782Z [INFO]: MongoDB Connected: obaol-cluster-shard-00-00.oq0ij.mongodb.net 
2025-03-17T09:40:24.542Z [ERROR]: MongoDB Connection Error: {"error":"querySrv EREFUSED _mongodb._tcp.obaol-cluster.oq0ij.mongodb.net"}
2025-03-17T09:41:53.774Z [ERROR]: MongoDB Connection Error: {"error":"querySrv EREFUSED _mongodb._tcp.obaol-cluster.oq0ij.mongodb.net"}
2025-03-17T09:42:12.734Z [ERROR]: MongoDB Connection Error: {"error":"querySrv EREFUSED _mongodb._tcp.obaol-cluster.oq0ij.mongodb.net"}
2025-03-17T09:42:43.554Z [ERROR]: MongoDB Connection Error: {"error":"querySrv EREFUSED _mongodb._tcp.obaol-cluster.oq0ij.mongodb.net"}
2025-03-17T09:43:05.186Z [ERROR]: MongoDB Connection Error: {"error":"querySrv ETIMEOUT _mongodb._tcp.obaol-cluster.oq0ij.mongodb.net"}
2025-03-17T09:43:45.861Z [INFO]: MongoDB Connected: obaol-cluster-shard-00-00.oq0ij.mongodb.net 
2025-03-17T11:31:35.114Z [INFO]: MongoDB Connected: obaol-cluster-shard-00-00.oq0ij.mongodb.net 
2025-03-17T11:34:28.303Z [INFO]: MongoDB Connected: obaol-cluster-shard-00-02.oq0ij.mongodb.net 
2025-03-17T11:48:44.889Z [INFO]: MongoDB Connected: obaol-cluster-shard-00-02.oq0ij.mongodb.net 
2025-03-17T11:53:53.732Z [INFO]: MongoDB Connected: obaol-cluster-shard-00-00.oq0ij.mongodb.net 
2025-03-17T11:59:23.800Z [INFO]: MongoDB Connected: obaol-cluster-shard-00-00.oq0ij.mongodb.net 
2025-03-17T12:00:43.675Z [INFO]: MongoDB Connected: obaol-cluster-shard-00-00.oq0ij.mongodb.net 
2025-03-17T12:00:55.742Z [INFO]: MongoDB Connected: obaol-cluster-shard-00-02.oq0ij.mongodb.net 
2025-03-17T12:01:16.974Z [INFO]: MongoDB Connected: obaol-cluster-shard-00-00.oq0ij.mongodb.net 
2025-03-17T12:01:26.008Z [INFO]: MongoDB Connected: obaol-cluster-shard-00-01.oq0ij.mongodb.net 
2025-03-17T12:01:47.446Z [INFO]: MongoDB Connected: obaol-cluster-shard-00-00.oq0ij.mongodb.net 
2025-03-17T12:02:15.596Z [INFO]: MongoDB Connected: obaol-cluster-shard-00-02.oq0ij.mongodb.net 
2025-03-17T12:02:27.714Z [INFO]: MongoDB Connected: obaol-cluster-shard-00-00.oq0ij.mongodb.net 
2025-03-17T12:02:31.240Z [ERROR]: unhandledRejection: Cannot set headers after they are sent to the client
Error: Cannot set headers after they are sent to the client
    at ServerResponse.setHeader (node:_http_outgoing:659:11)
    at ServerResponse.header (Z:\Project\Web Developing\Works\Obaol Automate\backend\node_modules\express\lib\response.js:794:10)
    at ServerResponse.send (Z:\Project\Web Developing\Works\Obaol Automate\backend\node_modules\express\lib\response.js:174:12)
    at ServerResponse.json (Z:\Project\Web Developing\Works\Obaol Automate\backend\node_modules\express\lib\response.js:278:15)
    at DisplayedRateService.<anonymous> (Z:\Project\Web Developing\Works\Obaol Automate\backend\src\services\displayedRate.ts:37:23)
    at Generator.next (<anonymous>)
    at fulfilled (Z:\Project\Web Developing\Works\Obaol Automate\backend\src\services\displayedRate.ts:5:58)
    at processTicksAndRejections (node:internal/process/task_queues:95:5) {"error":{"code":"ERR_HTTP_HEADERS_SENT"},"stack":"Error: Cannot set headers after they are sent to the client\n    at ServerResponse.setHeader (node:_http_outgoing:659:11)\n    at ServerResponse.header (Z:\\Project\\Web Developing\\Works\\Obaol Automate\\backend\\node_modules\\express\\lib\\response.js:794:10)\n    at ServerResponse.send (Z:\\Project\\Web Developing\\Works\\Obaol Automate\\backend\\node_modules\\express\\lib\\response.js:174:12)\n    at ServerResponse.json (Z:\\Project\\Web Developing\\Works\\Obaol Automate\\backend\\node_modules\\express\\lib\\response.js:278:15)\n    at DisplayedRateService.<anonymous> (Z:\\Project\\Web Developing\\Works\\Obaol Automate\\backend\\src\\services\\displayedRate.ts:37:23)\n    at Generator.next (<anonymous>)\n    at fulfilled (Z:\\Project\\Web Developing\\Works\\Obaol Automate\\backend\\src\\services\\displayedRate.ts:5:58)\n    at processTicksAndRejections (node:internal/process/task_queues:95:5)","rejection":true,"date":"Mon Mar 17 2025 17:32:31 GMT+0530 (India Standard Time)","process":{"pid":21968,"uid":null,"gid":null,"cwd":"Z:\\Project\\Web Developing\\Works\\Obaol Automate\\backend","execPath":"C:\\Program Files\\nodejs\\node.exe","version":"v20.12.0","argv":["Z:\\Project\\Web Developing\\Works\\Obaol Automate\\backend\\node_modules\\ts-node\\dist\\bin.js","Z:\\Project\\Web Developing\\Works\\Obaol Automate\\backend\\src\\index.ts"],"memoryUsage":{"rss":445902848,"heapTotal":388091904,"heapUsed":357974168,"external":26269667,"arrayBuffers":23251658}},"os":{"loadavg":[0,0,0],"uptime":33843.546},"trace":[{"column":11,"file":"node:_http_outgoing","function":"ServerResponse.setHeader","line":659,"method":"setHeader","native":false},{"column":10,"file":"Z:\\Project\\Web Developing\\Works\\Obaol Automate\\backend\\node_modules\\express\\lib\\response.js","function":"ServerResponse.header","line":794,"method":"header","native":false},{"column":12,"file":"Z:\\Project\\Web Developing\\Works\\Obaol Automate\\backend\\node_modules\\express\\lib\\response.js","function":"ServerResponse.send","line":174,"method":"send","native":false},{"column":15,"file":"Z:\\Project\\Web Developing\\Works\\Obaol Automate\\backend\\node_modules\\express\\lib\\response.js","function":"ServerResponse.json","line":278,"method":"json","native":false},{"column":23,"file":"Z:\\Project\\Web Developing\\Works\\Obaol Automate\\backend\\src\\services\\displayedRate.ts","function":null,"line":37,"method":null,"native":false},{"column":null,"file":null,"function":"Generator.next","line":null,"method":"next","native":false},{"column":58,"file":"Z:\\Project\\Web Developing\\Works\\Obaol Automate\\backend\\src\\services\\displayedRate.ts","function":"fulfilled","line":5,"method":null,"native":false},{"column":5,"file":"node:internal/process/task_queues","function":"processTicksAndRejections","line":95,"method":null,"native":false}]}
2025-03-17T12:03:26.588Z [INFO]: MongoDB Connected: obaol-cluster-shard-00-00.oq0ij.mongodb.net 
2025-03-18T03:33:26.113Z [INFO]: MongoDB Connected: obaol-cluster-shard-00-02.oq0ij.mongodb.net 
2025-03-18T04:59:33.458Z [INFO]: MongoDB Connected: obaol-cluster-shard-00-00.oq0ij.mongodb.net 
2025-03-18T05:14:28.734Z [INFO]: MongoDB Connected: obaol-cluster-shard-00-02.oq0ij.mongodb.net 
2025-03-18T05:28:11.878Z [INFO]: MongoDB Connected: obaol-cluster-shard-00-00.oq0ij.mongodb.net 
2025-03-18T05:50:16.123Z [INFO]: MongoDB Connected: obaol-cluster-shard-00-00.oq0ij.mongodb.net 
2025-03-18T05:51:22.516Z [INFO]: MongoDB Connected: obaol-cluster-shard-00-02.oq0ij.mongodb.net 
2025-03-18T06:32:46.079Z [INFO]: MongoDB Connected: obaol-cluster-shard-00-01.oq0ij.mongodb.net 
2025-03-18T06:34:18.303Z [INFO]: MongoDB Connected: obaol-cluster-shard-00-01.oq0ij.mongodb.net 
2025-03-18T06:45:02.542Z [INFO]: MongoDB Connected: obaol-cluster-shard-00-02.oq0ij.mongodb.net 
2025-03-18T06:45:23.724Z [INFO]: MongoDB Connected: obaol-cluster-shard-00-01.oq0ij.mongodb.net 
2025-03-18T06:45:48.322Z [INFO]: MongoDB Connected: obaol-cluster-shard-00-00.oq0ij.mongodb.net 
2025-03-18T07:45:57.162Z [INFO]: MongoDB Connected: obaol-cluster-shard-00-02.oq0ij.mongodb.net 
2025-03-19T03:39:30.835Z [INFO]: MongoDB Connected: obaol-cluster-shard-00-02.oq0ij.mongodb.net 
2025-03-19T17:38:54.659Z [INFO]: MongoDB Connected: obaol-cluster-shard-00-01.oq0ij.mongodb.net 
2025-03-19T17:39:17.717Z [INFO]: MongoDB Connected: obaol-cluster-shard-00-02.oq0ij.mongodb.net 
2025-03-19T17:41:11.596Z [INFO]: MongoDB Connected: obaol-cluster-shard-00-02.oq0ij.mongodb.net 
2025-03-19T17:41:21.618Z [INFO]: MongoDB Connected: obaol-cluster-shard-00-00.oq0ij.mongodb.net 
2025-03-19T17:41:31.158Z [INFO]: MongoDB Connected: obaol-cluster-shard-00-01.oq0ij.mongodb.net 
2025-03-19T18:08:20.482Z [INFO]: MongoDB Connected: obaol-cluster-shard-00-02.oq0ij.mongodb.net 
2025-03-19T18:08:31.821Z [INFO]: MongoDB Connected: obaol-cluster-shard-00-01.oq0ij.mongodb.net 
2025-03-19T18:09:12.591Z [INFO]: MongoDB Connected: obaol-cluster-shard-00-02.oq0ij.mongodb.net 
2025-03-19T18:16:14.950Z [INFO]: MongoDB Connected: obaol-cluster-shard-00-00.oq0ij.mongodb.net 
2025-03-19T18:17:52.353Z [INFO]: MongoDB Connected: obaol-cluster-shard-00-00.oq0ij.mongodb.net 
2025-03-19T18:18:07.581Z [INFO]: MongoDB Connected: obaol-cluster-shard-00-01.oq0ij.mongodb.net 
2025-03-19T18:18:47.605Z [INFO]: MongoDB Connected: obaol-cluster-shard-00-01.oq0ij.mongodb.net 
2025-03-19T18:19:37.352Z [INFO]: MongoDB Connected: obaol-cluster-shard-00-00.oq0ij.mongodb.net 
2025-03-19T18:20:02.804Z [INFO]: MongoDB Connected: obaol-cluster-shard-00-02.oq0ij.mongodb.net 
2025-03-19T18:20:26.037Z [INFO]: MongoDB Connected: obaol-cluster-shard-00-00.oq0ij.mongodb.net 
2025-03-19T18:20:40.431Z [INFO]: MongoDB Connected: obaol-cluster-shard-00-01.oq0ij.mongodb.net 
2025-03-19T18:21:34.829Z [INFO]: MongoDB Connected: obaol-cluster-shard-00-00.oq0ij.mongodb.net 
2025-03-19T18:21:50.965Z [INFO]: MongoDB Connected: obaol-cluster-shard-00-02.oq0ij.mongodb.net 
2025-03-19T18:23:04.648Z [INFO]: MongoDB Connected: obaol-cluster-shard-00-02.oq0ij.mongodb.net 
2025-03-19T18:23:33.560Z [INFO]: MongoDB Connected: obaol-cluster-shard-00-01.oq0ij.mongodb.net 
2025-03-19T18:24:32.532Z [INFO]: MongoDB Connected: obaol-cluster-shard-00-01.oq0ij.mongodb.net 
2025-03-19T18:26:18.514Z [INFO]: MongoDB Connected: obaol-cluster-shard-00-02.oq0ij.mongodb.net 
2025-03-19T18:28:27.902Z [INFO]: MongoDB Connected: obaol-cluster-shard-00-01.oq0ij.mongodb.net 
2025-03-19T18:29:24.023Z [INFO]: MongoDB Connected: obaol-cluster-shard-00-02.oq0ij.mongodb.net 
2025-03-19T18:56:21.776Z [INFO]: MongoDB Connected: obaol-cluster-shard-00-00.oq0ij.mongodb.net 
2025-03-19T18:56:39.688Z [INFO]: MongoDB Connected: obaol-cluster-shard-00-02.oq0ij.mongodb.net 
2025-03-19T18:57:08.308Z [INFO]: MongoDB Connected: obaol-cluster-shard-00-00.oq0ij.mongodb.net 
2025-03-19T18:57:52.712Z [INFO]: MongoDB Connected: obaol-cluster-shard-00-01.oq0ij.mongodb.net 
2025-03-19T18:58:56.564Z [INFO]: MongoDB Connected: obaol-cluster-shard-00-01.oq0ij.mongodb.net 
2025-03-19T18:59:25.198Z [INFO]: MongoDB Connected: obaol-cluster-shard-00-02.oq0ij.mongodb.net 
2025-03-19T18:59:43.024Z [INFO]: MongoDB Connected: obaol-cluster-shard-00-02.oq0ij.mongodb.net 
2025-03-19T19:04:30.596Z [INFO]: MongoDB Connected: obaol-cluster-shard-00-02.oq0ij.mongodb.net 
2025-03-19T19:08:08.551Z [INFO]: MongoDB Connected: obaol-cluster-shard-00-02.oq0ij.mongodb.net 
2025-03-19T19:08:56.843Z [INFO]: MongoDB Connected: obaol-cluster-shard-00-01.oq0ij.mongodb.net 
2025-03-19T19:09:27.818Z [INFO]: MongoDB Connected: obaol-cluster-shard-00-01.oq0ij.mongodb.net 
2025-03-19T19:12:30.961Z [INFO]: MongoDB Connected: obaol-cluster-shard-00-01.oq0ij.mongodb.net 
2025-03-19T19:12:54.469Z [INFO]: MongoDB Connected: obaol-cluster-shard-00-01.oq0ij.mongodb.net 
2025-03-20T08:29:37.961Z [INFO]: MongoDB Connected: obaol-cluster-shard-00-01.oq0ij.mongodb.net 
2025-03-20T14:29:35.758Z [INFO]: MongoDB Connected: obaol-cluster-shard-00-00.oq0ij.mongodb.net 
2025-03-20T14:29:55.556Z [INFO]: MongoDB Connected: obaol-cluster-shard-00-01.oq0ij.mongodb.net 
2025-03-20T15:25:14.968Z [INFO]: MongoDB Connected: obaol-cluster-shard-00-01.oq0ij.mongodb.net 
2025-03-20T15:29:21.201Z [INFO]: MongoDB Connected: obaol-cluster-shard-00-01.oq0ij.mongodb.net 
2025-03-20T18:46:05.082Z [INFO]: MongoDB Connected: obaol-cluster-shard-00-00.oq0ij.mongodb.net 
2025-03-20T18:46:57.782Z [INFO]: MongoDB Connected: obaol-cluster-shard-00-02.oq0ij.mongodb.net 
2025-03-20T18:47:23.582Z [INFO]: MongoDB Connected: obaol-cluster-shard-00-00.oq0ij.mongodb.net 
2025-03-20T18:48:49.455Z [INFO]: MongoDB Connected: obaol-cluster-shard-00-00.oq0ij.mongodb.net 
2025-03-20T18:50:27.704Z [INFO]: MongoDB Connected: obaol-cluster-shard-00-01.oq0ij.mongodb.net 
2025-03-20T18:58:15.387Z [INFO]: MongoDB Connected: obaol-cluster-shard-00-00.oq0ij.mongodb.net 
2025-03-20T18:59:18.414Z [INFO]: MongoDB Connected: obaol-cluster-shard-00-00.oq0ij.mongodb.net 
2025-03-20T18:59:39.247Z [INFO]: MongoDB Connected: obaol-cluster-shard-00-02.oq0ij.mongodb.net 
2025-03-20T19:00:15.119Z [INFO]: MongoDB Connected: obaol-cluster-shard-00-00.oq0ij.mongodb.net 
2025-03-20T19:01:36.932Z [INFO]: MongoDB Connected: obaol-cluster-shard-00-02.oq0ij.mongodb.net 
2025-03-20T19:02:53.420Z [INFO]: MongoDB Connected: obaol-cluster-shard-00-00.oq0ij.mongodb.net 
2025-03-20T19:03:19.249Z [INFO]: MongoDB Connected: obaol-cluster-shard-00-02.oq0ij.mongodb.net 
2025-03-20T19:03:54.372Z [INFO]: MongoDB Connected: obaol-cluster-shard-00-01.oq0ij.mongodb.net 
2025-03-20T19:04:43.667Z [INFO]: MongoDB Connected: obaol-cluster-shard-00-00.oq0ij.mongodb.net 
2025-03-20T19:05:08.542Z [INFO]: MongoDB Connected: obaol-cluster-shard-00-02.oq0ij.mongodb.net 
2025-03-20T19:08:27.992Z [INFO]: MongoDB Connected: obaol-cluster-shard-00-02.oq0ij.mongodb.net 
2025-03-20T19:09:45.322Z [INFO]: MongoDB Connected: obaol-cluster-shard-00-01.oq0ij.mongodb.net 
2025-03-20T19:10:08.870Z [INFO]: MongoDB Connected: obaol-cluster-shard-00-00.oq0ij.mongodb.net 
2025-03-20T19:12:18.976Z [INFO]: MongoDB Connected: obaol-cluster-shard-00-02.oq0ij.mongodb.net 
2025-03-20T19:15:02.733Z [INFO]: MongoDB Connected: obaol-cluster-shard-00-02.oq0ij.mongodb.net 
2025-03-20T19:36:09.668Z [INFO]: MongoDB Connected: obaol-cluster-shard-00-00.oq0ij.mongodb.net 
2025-03-20T20:29:06.667Z [INFO]: MongoDB Connected: obaol-cluster-shard-00-02.oq0ij.mongodb.net 
2025-03-20T20:29:59.328Z [INFO]: MongoDB Connected: obaol-cluster-shard-00-02.oq0ij.mongodb.net 
2025-03-20T20:30:18.527Z [INFO]: MongoDB Connected: obaol-cluster-shard-00-02.oq0ij.mongodb.net 
2025-03-20T20:30:51.928Z [INFO]: MongoDB Connected: obaol-cluster-shard-00-01.oq0ij.mongodb.net 
2025-03-20T20:31:11.060Z [INFO]: MongoDB Connected: obaol-cluster-shard-00-01.oq0ij.mongodb.net 
2025-03-20T20:34:20.980Z [INFO]: MongoDB Connected: obaol-cluster-shard-00-01.oq0ij.mongodb.net 
2025-03-20T20:38:10.200Z [INFO]: MongoDB Connected: obaol-cluster-shard-00-02.oq0ij.mongodb.net 
2025-03-20T20:38:21.665Z [INFO]: MongoDB Connected: obaol-cluster-shard-00-02.oq0ij.mongodb.net 
2025-03-20T20:39:06.123Z [INFO]: MongoDB Connected: obaol-cluster-shard-00-01.oq0ij.mongodb.net 
2025-03-21T05:45:56.870Z [INFO]: MongoDB Connected: obaol-cluster-shard-00-01.oq0ij.mongodb.net 
2025-03-22T07:20:25.788Z [INFO]: MongoDB Connected: obaol-cluster-shard-00-01.oq0ij.mongodb.net 
2025-03-22T07:21:23.586Z [INFO]: MongoDB Connected: obaol-cluster-shard-00-02.oq0ij.mongodb.net 
2025-03-22T10:51:53.814Z [INFO]: MongoDB Connected: obaol-cluster-shard-00-00.oq0ij.mongodb.net 
2025-03-22T12:13:26.139Z [ERROR]: MongoDB Connection Error: {"error":"querySrv ETIMEOUT _mongodb._tcp.obaol-cluster.oq0ij.mongodb.net"}
2025-03-22T12:13:42.655Z [ERROR]: MongoDB Connection Error: {"error":"querySrv ETIMEOUT _mongodb._tcp.obaol-cluster.oq0ij.mongodb.net"}
2025-03-22T12:14:27.147Z [ERROR]: MongoDB Connection Error: {"error":"querySrv ETIMEOUT _mongodb._tcp.obaol-cluster.oq0ij.mongodb.net"}
2025-03-22T12:14:48.309Z [ERROR]: MongoDB Connection Error: {"error":"querySrv ETIMEOUT _mongodb._tcp.obaol-cluster.oq0ij.mongodb.net"}
2025-03-22T12:15:11.711Z [ERROR]: MongoDB Connection Error: {"error":"querySrv ETIMEOUT _mongodb._tcp.obaol-cluster.oq0ij.mongodb.net"}
2025-03-22T12:15:44.108Z [ERROR]: MongoDB Connection Error: {"error":"querySrv ETIMEOUT _mongodb._tcp.obaol-cluster.oq0ij.mongodb.net"}
2025-03-22T12:25:21.155Z [ERROR]: MongoDB Connection Error: {"error":"querySrv ETIMEOUT _mongodb._tcp.obaol-cluster.oq0ij.mongodb.net"}
2025-03-22T12:25:52.402Z [ERROR]: MongoDB Connection Error: {"error":"querySrv ETIMEOUT _mongodb._tcp.obaol-cluster.oq0ij.mongodb.net"}
2025-03-22T12:34:03.877Z [ERROR]: MongoDB Connection Error: {"error":"querySrv ETIMEOUT _mongodb._tcp.obaol-cluster.oq0ij.mongodb.net"}
2025-03-22T12:35:02.451Z [ERROR]: MongoDB Connection Error: {"error":"querySrv ETIMEOUT _mongodb._tcp.obaol-cluster.oq0ij.mongodb.net"}
2025-03-22T12:35:40.598Z [ERROR]: MongoDB Connection Error: {"error":"querySrv ETIMEOUT _mongodb._tcp.obaol-cluster.oq0ij.mongodb.net"}
2025-03-22T12:36:18.283Z [ERROR]: MongoDB Connection Error: {"error":"querySrv ETIMEOUT _mongodb._tcp.obaol-cluster.oq0ij.mongodb.net"}
2025-03-22T12:36:38.795Z [ERROR]: MongoDB Connection Error: {"error":"querySrv ETIMEOUT _mongodb._tcp.obaol-cluster.oq0ij.mongodb.net"}
2025-03-22T12:36:58.362Z [ERROR]: MongoDB Connection Error: {"error":"querySrv ETIMEOUT _mongodb._tcp.obaol-cluster.oq0ij.mongodb.net"}
2025-03-22T12:37:09.856Z [ERROR]: MongoDB Connection Error: {"error":"querySrv ETIMEOUT _mongodb._tcp.obaol-cluster.oq0ij.mongodb.net"}
2025-03-22T12:37:36.044Z [ERROR]: MongoDB Connection Error: {"error":"querySrv ETIMEOUT _mongodb._tcp.obaol-cluster.oq0ij.mongodb.net"}
2025-03-22T12:37:49.169Z [ERROR]: MongoDB Connection Error: {"error":"querySrv ETIMEOUT _mongodb._tcp.obaol-cluster.oq0ij.mongodb.net"}
2025-03-22T12:38:18.035Z [ERROR]: MongoDB Connection Error: {"error":"querySrv ETIMEOUT _mongodb._tcp.obaol-cluster.oq0ij.mongodb.net"}
2025-03-22T12:40:37.943Z [ERROR]: MongoDB Connection Error: {"error":"querySrv ETIMEOUT _mongodb._tcp.obaol-cluster.oq0ij.mongodb.net"}
2025-03-22T12:41:10.093Z [ERROR]: MongoDB Connection Error: {"error":"querySrv ETIMEOUT _mongodb._tcp.obaol-cluster.oq0ij.mongodb.net"}
2025-03-22T12:41:46.872Z [ERROR]: MongoDB Connection Error: {"error":"querySrv ETIMEOUT _mongodb._tcp.obaol-cluster.oq0ij.mongodb.net"}
2025-03-22T12:41:57.886Z [ERROR]: MongoDB Connection Error: {"error":"querySrv ETIMEOUT _mongodb._tcp.obaol-cluster.oq0ij.mongodb.net"}
2025-03-22T12:42:14.955Z [ERROR]: MongoDB Connection Error: {"error":"querySrv ETIMEOUT _mongodb._tcp.obaol-cluster.oq0ij.mongodb.net"}
2025-03-22T12:42:40.125Z [ERROR]: MongoDB Connection Error: {"error":"querySrv ETIMEOUT _mongodb._tcp.obaol-cluster.oq0ij.mongodb.net"}
2025-03-22T12:43:17.121Z [ERROR]: MongoDB Connection Error: {"error":"querySrv ETIMEOUT _mongodb._tcp.obaol-cluster.oq0ij.mongodb.net"}
2025-03-22T12:43:50.170Z [ERROR]: MongoDB Connection Error: {"error":"querySrv ETIMEOUT _mongodb._tcp.obaol-cluster.oq0ij.mongodb.net"}
2025-03-22T12:44:06.324Z [ERROR]: MongoDB Connection Error: {"error":"querySrv ETIMEOUT _mongodb._tcp.obaol-cluster.oq0ij.mongodb.net"}
2025-03-22T12:44:32.390Z [ERROR]: MongoDB Connection Error: {"error":"querySrv ETIMEOUT _mongodb._tcp.obaol-cluster.oq0ij.mongodb.net"}
2025-03-22T12:45:05.320Z [ERROR]: MongoDB Connection Error: {"error":"querySrv ETIMEOUT _mongodb._tcp.obaol-cluster.oq0ij.mongodb.net"}
2025-03-22T12:45:28.721Z [ERROR]: MongoDB Connection Error: {"error":"querySrv ETIMEOUT _mongodb._tcp.obaol-cluster.oq0ij.mongodb.net"}
2025-03-22T12:45:42.846Z [ERROR]: MongoDB Connection Error: {"error":"querySrv ETIMEOUT _mongodb._tcp.obaol-cluster.oq0ij.mongodb.net"}
2025-03-22T12:45:59.031Z [ERROR]: MongoDB Connection Error: {"error":"querySrv ETIMEOUT _mongodb._tcp.obaol-cluster.oq0ij.mongodb.net"}
2025-03-22T12:46:34.624Z [ERROR]: MongoDB Connection Error: {"error":"querySrv ETIMEOUT _mongodb._tcp.obaol-cluster.oq0ij.mongodb.net"}
2025-03-22T12:47:00.606Z [ERROR]: MongoDB Connection Error: {"error":"querySrv ETIMEOUT _mongodb._tcp.obaol-cluster.oq0ij.mongodb.net"}
2025-03-22T12:47:22.846Z [ERROR]: MongoDB Connection Error: {"error":"querySrv ETIMEOUT _mongodb._tcp.obaol-cluster.oq0ij.mongodb.net"}
2025-03-22T12:47:55.426Z [ERROR]: MongoDB Connection Error: {"error":"querySrv ETIMEOUT _mongodb._tcp.obaol-cluster.oq0ij.mongodb.net"}
2025-03-22T12:48:22.810Z [ERROR]: MongoDB Connection Error: {"error":"querySrv ETIMEOUT _mongodb._tcp.obaol-cluster.oq0ij.mongodb.net"}
2025-03-22T12:48:36.665Z [ERROR]: MongoDB Connection Error: {"error":"querySrv ETIMEOUT _mongodb._tcp.obaol-cluster.oq0ij.mongodb.net"}
2025-03-22T12:49:26.438Z [ERROR]: MongoDB Connection Error: {"error":"querySrv ETIMEOUT _mongodb._tcp.obaol-cluster.oq0ij.mongodb.net"}
2025-03-22T12:49:58.935Z [ERROR]: MongoDB Connection Error: {"error":"querySrv ETIMEOUT _mongodb._tcp.obaol-cluster.oq0ij.mongodb.net"}
2025-03-22T12:50:41.589Z [ERROR]: MongoDB Connection Error: {"error":"querySrv ETIMEOUT _mongodb._tcp.obaol-cluster.oq0ij.mongodb.net"}
2025-03-22T12:50:51.830Z [ERROR]: MongoDB Connection Error: {"error":"querySrv ETIMEOUT _mongodb._tcp.obaol-cluster.oq0ij.mongodb.net"}
2025-03-22T12:51:28.096Z [ERROR]: MongoDB Connection Error: {"error":"querySrv ETIMEOUT _mongodb._tcp.obaol-cluster.oq0ij.mongodb.net"}
2025-03-22T12:52:12.467Z [ERROR]: MongoDB Connection Error: {"error":"querySrv ETIMEOUT _mongodb._tcp.obaol-cluster.oq0ij.mongodb.net"}
2025-03-22T12:52:49.519Z [ERROR]: MongoDB Connection Error: {"error":"querySrv ETIMEOUT _mongodb._tcp.obaol-cluster.oq0ij.mongodb.net"}
2025-03-24T14:21:55.373Z [INFO]: MongoDB Connected: obaol-cluster-shard-00-00.oq0ij.mongodb.net 
2025-03-24T16:44:32.091Z [INFO]: MongoDB Connected: obaol-cluster-shard-00-00.oq0ij.mongodb.net 
2025-03-24T16:47:14.402Z [INFO]: MongoDB Connected: obaol-cluster-shard-00-00.oq0ij.mongodb.net 
2025-03-24T16:47:53.386Z [INFO]: MongoDB Connected: obaol-cluster-shard-00-02.oq0ij.mongodb.net 
2025-03-25T16:10:07.931Z [INFO]: MongoDB Connected: obaol-cluster-shard-00-00.oq0ij.mongodb.net 
2025-03-26T03:16:41.659Z [INFO]: MongoDB Connected: obaol-cluster-shard-00-00.oq0ij.mongodb.net 
2025-03-26T04:21:00.945Z [INFO]: MongoDB Connected: obaol-cluster-shard-00-00.oq0ij.mongodb.net 
2025-03-26T06:50:24.647Z [INFO]: MongoDB Connected: obaol-cluster-shard-00-00.oq0ij.mongodb.net 
2025-03-26T07:05:13.549Z [INFO]: MongoDB Connected: obaol-cluster-shard-00-00.oq0ij.mongodb.net 
2025-03-26T07:29:49.182Z [INFO]: MongoDB Connected: obaol-cluster-shard-00-00.oq0ij.mongodb.net 
2025-03-28T06:45:31.053Z [INFO]: MongoDB Connected: obaol-cluster-shard-00-00.oq0ij.mongodb.net 
2025-03-28T06:48:12.535Z [INFO]: MongoDB Connected: obaol-cluster-shard-00-00.oq0ij.mongodb.net 
2025-03-28T06:49:24.090Z [INFO]: MongoDB Connected: obaol-cluster-shard-00-00.oq0ij.mongodb.net 
2025-03-28T06:49:38.540Z [INFO]: MongoDB Connected: obaol-cluster-shard-00-02.oq0ij.mongodb.net 
2025-03-28T06:50:25.831Z [INFO]: MongoDB Connected: obaol-cluster-shard-00-00.oq0ij.mongodb.net 
2025-03-28T06:52:04.209Z [INFO]: MongoDB Connected: obaol-cluster-shard-00-02.oq0ij.mongodb.net 
2025-03-28T06:52:57.482Z [INFO]: MongoDB Connected: obaol-cluster-shard-00-00.oq0ij.mongodb.net 
2025-03-28T06:54:06.391Z [INFO]: MongoDB Connected: obaol-cluster-shard-00-00.oq0ij.mongodb.net 
2025-03-28T06:54:44.451Z [INFO]: MongoDB Connected: obaol-cluster-shard-00-02.oq0ij.mongodb.net 
2025-03-28T06:55:01.760Z [INFO]: MongoDB Connected: obaol-cluster-shard-00-00.oq0ij.mongodb.net 
2025-03-28T06:55:49.846Z [INFO]: MongoDB Connected: obaol-cluster-shard-00-00.oq0ij.mongodb.net 
2025-03-28T07:04:07.692Z [INFO]: MongoDB Connected: obaol-cluster-shard-00-00.oq0ij.mongodb.net 
2025-03-28T07:04:48.704Z [INFO]: MongoDB Connected: obaol-cluster-shard-00-02.oq0ij.mongodb.net 
2025-03-28T07:05:17.687Z [INFO]: MongoDB Connected: obaol-cluster-shard-00-00.oq0ij.mongodb.net 
2025-03-28T07:05:36.393Z [INFO]: MongoDB Connected: obaol-cluster-shard-00-02.oq0ij.mongodb.net 
2025-03-28T07:06:57.953Z [INFO]: MongoDB Connected: obaol-cluster-shard-00-00.oq0ij.mongodb.net 
2025-03-28T07:33:19.007Z [INFO]: MongoDB Connected: obaol-cluster-shard-00-00.oq0ij.mongodb.net 
2025-03-28T07:34:02.194Z [INFO]: MongoDB Connected: obaol-cluster-shard-00-00.oq0ij.mongodb.net 
2025-03-28T07:35:08.790Z [INFO]: MongoDB Connected: obaol-cluster-shard-00-00.oq0ij.mongodb.net 
2025-03-28T07:36:25.357Z [INFO]: MongoDB Connected: obaol-cluster-shard-00-00.oq0ij.mongodb.net 
2025-03-28T08:13:30.363Z [INFO]: MongoDB Connected: obaol-cluster-shard-00-00.oq0ij.mongodb.net 
2025-03-28T10:45:17.426Z [INFO]: MongoDB Connected: obaol-cluster-shard-00-00.oq0ij.mongodb.net 
2025-03-28T12:55:44.752Z [ERROR]: MongoDB Connection Error: {"error":"querySrv ETIMEOUT _mongodb._tcp.obaol-cluster.oq0ij.mongodb.net"}
2025-03-28T12:56:00.973Z [ERROR]: MongoDB Connection Error: {"error":"querySrv ETIMEOUT _mongodb._tcp.obaol-cluster.oq0ij.mongodb.net"}
2025-03-28T12:56:29.946Z [INFO]: MongoDB Connected: obaol-cluster-shard-00-00.oq0ij.mongodb.net 
2025-03-28T13:01:30.722Z [INFO]: MongoDB Connected: obaol-cluster-shard-00-00.oq0ij.mongodb.net 
2025-03-28T13:01:59.792Z [INFO]: MongoDB Connected: obaol-cluster-shard-00-02.oq0ij.mongodb.net 
2025-03-28T13:13:33.160Z [INFO]: MongoDB Connected: obaol-cluster-shard-00-02.oq0ij.mongodb.net 
2025-03-28T13:14:16.727Z [INFO]: MongoDB Connected: obaol-cluster-shard-00-00.oq0ij.mongodb.net 
2025-03-28T13:57:33.008Z [INFO]: MongoDB Connected: obaol-cluster-shard-00-00.oq0ij.mongodb.net 
2025-03-28T14:01:20.051Z [INFO]: MongoDB Connected: obaol-cluster-shard-00-00.oq0ij.mongodb.net 
2025-03-28T14:04:37.350Z [INFO]: MongoDB Connected: obaol-cluster-shard-00-00.oq0ij.mongodb.net 
2025-03-28T14:05:15.280Z [INFO]: MongoDB Connected: obaol-cluster-shard-00-02.oq0ij.mongodb.net 
2025-03-28T14:06:42.918Z [INFO]: MongoDB Connected: obaol-cluster-shard-00-00.oq0ij.mongodb.net 
2025-03-28T20:09:16.799Z [INFO]: MongoDB Connected: obaol-cluster-shard-00-00.oq0ij.mongodb.net 
2025-03-28T20:10:47.500Z [INFO]: MongoDB Connected: obaol-cluster-shard-00-00.oq0ij.mongodb.net 
2025-03-28T20:11:25.745Z [INFO]: MongoDB Connected: obaol-cluster-shard-00-02.oq0ij.mongodb.net 
2025-03-28T20:12:07.453Z [INFO]: MongoDB Connected: obaol-cluster-shard-00-00.oq0ij.mongodb.net 
2025-03-28T20:13:35.861Z [INFO]: MongoDB Connected: obaol-cluster-shard-00-00.oq0ij.mongodb.net 
2025-03-28T20:16:45.995Z [INFO]: MongoDB Connected: obaol-cluster-shard-00-00.oq0ij.mongodb.net 
2025-03-28T20:23:42.722Z [INFO]: MongoDB Connected: obaol-cluster-shard-00-00.oq0ij.mongodb.net 
2025-03-28T20:58:32.268Z [INFO]: MongoDB Connected: obaol-cluster-shard-00-00.oq0ij.mongodb.net 
2025-03-28T21:06:58.915Z [INFO]: MongoDB Connected: obaol-cluster-shard-00-00.oq0ij.mongodb.net 
2025-03-28T21:07:19.389Z [INFO]: MongoDB Connected: obaol-cluster-shard-00-02.oq0ij.mongodb.net 
2025-03-28T21:09:05.092Z [INFO]: MongoDB Connected: obaol-cluster-shard-00-00.oq0ij.mongodb.net 
2025-03-28T21:09:32.087Z [INFO]: MongoDB Connected: obaol-cluster-shard-00-02.oq0ij.mongodb.net 
2025-03-28T21:09:47.285Z [INFO]: MongoDB Connected: obaol-cluster-shard-00-00.oq0ij.mongodb.net 
2025-03-28T21:10:59.115Z [INFO]: MongoDB Connected: obaol-cluster-shard-00-00.oq0ij.mongodb.net 
2025-03-28T21:16:52.228Z [INFO]: MongoDB Connected: obaol-cluster-shard-00-00.oq0ij.mongodb.net 
2025-03-28T21:17:26.303Z [INFO]: MongoDB Connected: obaol-cluster-shard-00-02.oq0ij.mongodb.net 
2025-03-28T21:17:50.545Z [INFO]: MongoDB Connected: obaol-cluster-shard-00-00.oq0ij.mongodb.net 
2025-03-28T21:18:40.121Z [INFO]: MongoDB Connected: obaol-cluster-shard-00-00.oq0ij.mongodb.net 
2025-03-28T21:19:27.173Z [INFO]: MongoDB Connected: obaol-cluster-shard-00-02.oq0ij.mongodb.net 
2025-03-28T21:19:47.208Z [INFO]: MongoDB Connected: obaol-cluster-shard-00-00.oq0ij.mongodb.net 
2025-03-28T21:20:00.563Z [INFO]: MongoDB Connected: obaol-cluster-shard-00-02.oq0ij.mongodb.net 
2025-03-28T22:09:57.764Z [INFO]: MongoDB Connected: obaol-cluster-shard-00-02.oq0ij.mongodb.net 
2025-03-28T22:10:08.920Z [INFO]: MongoDB Connected: obaol-cluster-shard-00-00.oq0ij.mongodb.net 
2025-03-28T22:11:43.331Z [INFO]: MongoDB Connected: obaol-cluster-shard-00-00.oq0ij.mongodb.net 
2025-03-29T06:03:54.246Z [INFO]: MongoDB Connected: obaol-cluster-shard-00-00.oq0ij.mongodb.net 
2025-03-29T07:10:48.630Z [INFO]: MongoDB Connected: obaol-cluster-shard-00-00.oq0ij.mongodb.net 
2025-03-29T07:36:27.360Z [INFO]: MongoDB Connected: obaol-cluster-shard-00-00.oq0ij.mongodb.net 
2025-03-29T07:52:04.847Z [INFO]: MongoDB Connected: obaol-cluster-shard-00-00.oq0ij.mongodb.net 
2025-03-29T07:52:59.707Z [INFO]: MongoDB Connected: obaol-cluster-shard-00-02.oq0ij.mongodb.net 
2025-03-29T07:53:54.640Z [INFO]: MongoDB Connected: obaol-cluster-shard-00-00.oq0ij.mongodb.net 
2025-03-29T07:54:11.861Z [INFO]: MongoDB Connected: obaol-cluster-shard-00-02.oq0ij.mongodb.net 
2025-03-29T07:55:29.280Z [INFO]: MongoDB Connected: obaol-cluster-shard-00-00.oq0ij.mongodb.net 
2025-03-29T11:47:21.178Z [ERROR]: MongoDB Connection Error: {"error":"querySrv ETIMEOUT _mongodb._tcp.obaol-cluster.oq0ij.mongodb.net"}
2025-03-29T11:47:47.530Z [ERROR]: MongoDB Connection Error: {"error":"querySrv ETIMEOUT _mongodb._tcp.obaol-cluster.oq0ij.mongodb.net"}
2025-03-29T12:23:36.650Z [INFO]: MongoDB Connected: obaol-cluster-shard-00-00.oq0ij.mongodb.net 
2025-03-29T16:22:08.571Z [INFO]: MongoDB Connected: obaol-cluster-shard-00-00.oq0ij.mongodb.net 
2025-03-29T16:22:23.032Z [INFO]: MongoDB Connected: obaol-cluster-shard-00-00.oq0ij.mongodb.net 
2025-03-29T18:22:12.005Z [INFO]: MongoDB Connected: obaol-cluster-shard-00-00.oq0ij.mongodb.net 
2025-03-29T18:30:37.874Z [INFO]: MongoDB Connected: obaol-cluster-shard-00-00.oq0ij.mongodb.net 
2025-03-29T19:40:29.800Z [INFO]: MongoDB Connected: obaol-cluster-shard-00-00.oq0ij.mongodb.net 
2025-03-29T19:41:28.826Z [INFO]: MongoDB Connected: obaol-cluster-shard-00-02.oq0ij.mongodb.net 
2025-03-29T20:42:58.057Z [INFO]: MongoDB Connected: obaol-cluster-shard-00-00.oq0ij.mongodb.net 
2025-03-29T21:05:16.520Z [INFO]: MongoDB Connected: obaol-cluster-shard-00-00.oq0ij.mongodb.net 
2025-03-29T21:15:55.477Z [INFO]: MongoDB Connected: obaol-cluster-shard-00-00.oq0ij.mongodb.net 
2025-03-29T21:48:42.171Z [INFO]: MongoDB Connected: obaol-cluster-shard-00-00.oq0ij.mongodb.net 
2025-03-29T21:53:19.476Z [INFO]: MongoDB Connected: obaol-cluster-shard-00-00.oq0ij.mongodb.net 
2025-03-29T21:53:42.606Z [INFO]: MongoDB Connected: obaol-cluster-shard-00-02.oq0ij.mongodb.net 
2025-03-29T21:56:53.382Z [INFO]: MongoDB Connected: obaol-cluster-shard-00-00.oq0ij.mongodb.net 
2025-03-29T21:58:03.235Z [INFO]: MongoDB Connected: obaol-cluster-shard-00-00.oq0ij.mongodb.net 
2025-03-29T22:22:04.769Z [INFO]: MongoDB Connected: obaol-cluster-shard-00-00.oq0ij.mongodb.net 
2025-03-29T22:25:37.326Z [INFO]: MongoDB Connected: obaol-cluster-shard-00-00.oq0ij.mongodb.net 
2025-03-29T23:36:13.818Z [INFO]: MongoDB Connected: obaol-cluster-shard-00-00.oq0ij.mongodb.net 
2025-03-29T23:45:50.373Z [INFO]: MongoDB Connected: obaol-cluster-shard-00-00.oq0ij.mongodb.net 
2025-03-30T00:03:45.694Z [INFO]: MongoDB Connected: obaol-cluster-shard-00-00.oq0ij.mongodb.net 
2025-03-30T00:05:05.062Z [INFO]: MongoDB Connected: obaol-cluster-shard-00-00.oq0ij.mongodb.net 
2025-03-30T00:22:37.844Z [INFO]: MongoDB Connected: obaol-cluster-shard-00-00.oq0ij.mongodb.net 
2025-03-30T00:27:25.491Z [INFO]: MongoDB Connected: obaol-cluster-shard-00-02.oq0ij.mongodb.net 
2025-03-30T00:31:11.299Z [INFO]: MongoDB Connected: obaol-cluster-shard-00-00.oq0ij.mongodb.net 
2025-03-30T06:19:15.679Z [ERROR]: MongoDB Connection Error: {"error":"querySrv ETIMEOUT _mongodb._tcp.obaol-cluster.oq0ij.mongodb.net"}
2025-03-30T06:22:10.814Z [ERROR]: MongoDB Connection Error: {"error":"querySrv EREFUSED _mongodb._tcp.obaol-cluster.oq0ij.mongodb.net"}
2025-03-30T06:22:47.628Z [INFO]: MongoDB Connected: obaol-cluster-shard-00-00.oq0ij.mongodb.net 
2025-03-30T07:57:29.248Z [INFO]: MongoDB Connected: obaol-cluster-shard-00-00.oq0ij.mongodb.net 
2025-03-30T07:59:01.232Z [INFO]: MongoDB Connected: obaol-cluster-shard-00-00.oq0ij.mongodb.net 
2025-03-30T08:02:47.186Z [INFO]: MongoDB Connected: obaol-cluster-shard-00-00.oq0ij.mongodb.net 
2025-03-30T08:42:52.587Z [ERROR]: MongoDB Connection Error: {"error":"querySrv ETIMEOUT _mongodb._tcp.obaol-cluster.oq0ij.mongodb.net"}
2025-03-30T08:44:27.845Z [ERROR]: MongoDB Connection Error: {"error":"querySrv ETIMEOUT _mongodb._tcp.obaol-cluster.oq0ij.mongodb.net"}
2025-03-30T09:40:28.024Z [INFO]: MongoDB Connected: obaol-cluster-shard-00-00.oq0ij.mongodb.net 
2025-03-30T09:44:29.219Z [INFO]: MongoDB Connected: obaol-cluster-shard-00-00.oq0ij.mongodb.net 
2025-03-30T09:50:02.241Z [INFO]: MongoDB Connected: obaol-cluster-shard-00-00.oq0ij.mongodb.net 
2025-03-30T09:58:54.348Z [INFO]: MongoDB Connected: obaol-cluster-shard-00-00.oq0ij.mongodb.net 
2025-03-30T10:24:19.743Z [INFO]: MongoDB Connected: obaol-cluster-shard-00-00.oq0ij.mongodb.net 
2025-03-30T10:28:13.903Z [INFO]: MongoDB Connected: obaol-cluster-shard-00-00.oq0ij.mongodb.net 
2025-03-30T10:30:22.732Z [INFO]: MongoDB Connected: obaol-cluster-shard-00-00.oq0ij.mongodb.net 
2025-03-30T10:30:46.731Z [INFO]: MongoDB Connected: obaol-cluster-shard-00-02.oq0ij.mongodb.net 
2025-03-30T10:31:15.140Z [INFO]: MongoDB Connected: obaol-cluster-shard-00-00.oq0ij.mongodb.net 
2025-03-30T10:36:29.220Z [INFO]: MongoDB Connected: obaol-cluster-shard-00-00.oq0ij.mongodb.net 
2025-03-30T10:38:40.950Z [INFO]: MongoDB Connected: obaol-cluster-shard-00-00.oq0ij.mongodb.net 
2025-03-30T11:00:03.871Z [INFO]: MongoDB Connected: obaol-cluster-shard-00-00.oq0ij.mongodb.net 
2025-03-30T11:03:50.924Z [INFO]: MongoDB Connected: obaol-cluster-shard-00-00.oq0ij.mongodb.net 
2025-03-30T11:26:13.556Z [INFO]: MongoDB Connected: obaol-cluster-shard-00-00.oq0ij.mongodb.net 
2025-03-30T11:57:12.177Z [INFO]: MongoDB Connected: obaol-cluster-shard-00-00.oq0ij.mongodb.net 
2025-04-01T11:26:24.958Z [INFO]: MongoDB Connected: obaol-cluster-shard-00-00.oq0ij.mongodb.net 
2025-04-01T12:44:21.947Z [INFO]: MongoDB Connected: obaol-cluster-shard-00-00.oq0ij.mongodb.net 
2025-04-01T13:02:11.051Z [INFO]: MongoDB Connected: obaol-cluster-shard-00-00.oq0ij.mongodb.net 
2025-04-01T13:02:23.613Z [INFO]: MongoDB Connected: obaol-cluster-shard-00-02.oq0ij.mongodb.net 
2025-04-01T13:02:59.135Z [INFO]: MongoDB Connected: obaol-cluster-shard-00-00.oq0ij.mongodb.net 
2025-04-01T13:03:11.481Z [INFO]: MongoDB Connected: obaol-cluster-shard-00-00.oq0ij.mongodb.net 
2025-04-01T13:03:39.562Z [INFO]: MongoDB Connected: obaol-cluster-shard-00-02.oq0ij.mongodb.net 
2025-04-01T13:03:59.416Z [INFO]: MongoDB Connected: obaol-cluster-shard-00-00.oq0ij.mongodb.net 
2025-04-01T13:04:09.693Z [INFO]: MongoDB Connected: obaol-cluster-shard-00-01.oq0ij.mongodb.net 
2025-04-01T13:04:29.243Z [INFO]: MongoDB Connected: obaol-cluster-shard-00-00.oq0ij.mongodb.net 
2025-04-01T13:04:50.207Z [INFO]: MongoDB Connected: obaol-cluster-shard-00-02.oq0ij.mongodb.net 
2025-04-01T13:06:10.637Z [INFO]: MongoDB Connected: obaol-cluster-shard-00-00.oq0ij.mongodb.net 
2025-04-01T13:28:24.224Z [INFO]: MongoDB Connected: obaol-cluster-shard-00-00.oq0ij.mongodb.net 
2025-04-01T13:28:32.794Z [INFO]: MongoDB Connected: obaol-cluster-shard-00-02.oq0ij.mongodb.net 
2025-04-01T13:28:48.058Z [INFO]: MongoDB Connected: obaol-cluster-shard-00-00.oq0ij.mongodb.net 
2025-04-01T13:29:07.222Z [INFO]: MongoDB Connected: obaol-cluster-shard-00-01.oq0ij.mongodb.net 
2025-04-01T13:30:59.209Z [INFO]: MongoDB Connected: obaol-cluster-shard-00-00.oq0ij.mongodb.net 
2025-04-01T13:31:45.670Z [INFO]: MongoDB Connected: obaol-cluster-shard-00-02.oq0ij.mongodb.net 
2025-04-01T13:32:19.188Z [INFO]: MongoDB Connected: obaol-cluster-shard-00-00.oq0ij.mongodb.net 
2025-04-02T10:30:01.018Z [INFO]: MongoDB Connected: obaol-cluster-shard-00-00.oq0ij.mongodb.net 
2025-04-05T16:55:16.476Z [INFO]: MongoDB Connected: obaol-cluster-shard-00-00.oq0ij.mongodb.net 
2025-04-06T04:57:34.158Z [INFO]: MongoDB Connected: obaol-cluster-shard-00-02.oq0ij.mongodb.net 
2025-04-06T08:42:58.050Z [INFO]: MongoDB Connected: obaol-cluster-shard-00-00.oq0ij.mongodb.net 
2025-04-06T08:44:29.130Z [INFO]: MongoDB Connected: obaol-cluster-shard-00-01.oq0ij.mongodb.net 
2025-04-06T08:46:33.141Z [INFO]: MongoDB Connected: obaol-cluster-shard-00-02.oq0ij.mongodb.net 
2025-04-06T08:47:38.550Z [INFO]: MongoDB Connected: obaol-cluster-shard-00-01.oq0ij.mongodb.net 
2025-04-06T08:51:12.937Z [INFO]: MongoDB Connected: obaol-cluster-shard-00-02.oq0ij.mongodb.net 
2025-04-06T08:52:03.238Z [INFO]: MongoDB Connected: obaol-cluster-shard-00-02.oq0ij.mongodb.net 
2025-04-06T10:24:48.249Z [INFO]: MongoDB Connected: obaol-cluster-shard-00-00.oq0ij.mongodb.net 
2025-04-06T10:44:47.596Z [INFO]: MongoDB Connected: obaol-cluster-shard-00-01.oq0ij.mongodb.net 
2025-04-06T11:01:18.034Z [INFO]: MongoDB Connected: obaol-cluster-shard-00-00.oq0ij.mongodb.net 
2025-04-06T13:59:10.475Z [ERROR]: MongoDB Connection Error: {"error":"getaddrinfo ENOTFOUND obaol-cluster-shard-00-02.oq0ij.mongodb.net"}
2025-04-06T14:00:13.774Z [ERROR]: MongoDB Connection Error: {"error":"getaddrinfo ENOTFOUND obaol-cluster-shard-00-02.oq0ij.mongodb.net"}
2025-04-06T14:01:39.957Z [ERROR]: MongoDB Connection Error: {"error":"getaddrinfo ENOTFOUND obaol-cluster-shard-00-02.oq0ij.mongodb.net"}
2025-04-06T14:03:25.939Z [INFO]: MongoDB Connected: obaol-cluster-shard-00-01.oq0ij.mongodb.net 
2025-04-06T14:06:11.476Z [INFO]: MongoDB Connected: obaol-cluster-shard-00-01.oq0ij.mongodb.net 
2025-04-06T14:06:56.586Z [INFO]: MongoDB Connected: obaol-cluster-shard-00-01.oq0ij.mongodb.net 
2025-04-06T14:11:07.969Z [INFO]: MongoDB Connected: obaol-cluster-shard-00-02.oq0ij.mongodb.net 
2025-04-06T14:12:38.987Z [INFO]: MongoDB Connected: obaol-cluster-shard-00-01.oq0ij.mongodb.net 
2025-04-06T20:53:31.024Z [INFO]: MongoDB Connected: obaol-cluster-shard-00-01.oq0ij.mongodb.net 
2025-04-06T20:54:40.309Z [INFO]: MongoDB Connected: obaol-cluster-shard-00-01.oq0ij.mongodb.net 
2025-04-06T21:59:16.579Z [ERROR]: MongoDB Connection Error: {"error":"querySrv ETIMEOUT _mongodb._tcp.obaol-cluster.oq0ij.mongodb.net"}
2025-04-06T21:59:28.036Z [ERROR]: MongoDB Connection Error: {"error":"querySrv ETIMEOUT _mongodb._tcp.obaol-cluster.oq0ij.mongodb.net"}
2025-04-06T22:02:11.219Z [INFO]: MongoDB Connected: obaol-cluster-shard-00-02.oq0ij.mongodb.net 
2025-04-06T22:03:35.686Z [INFO]: MongoDB Connected: obaol-cluster-shard-00-01.oq0ij.mongodb.net 
2025-04-06T22:06:08.627Z [INFO]: MongoDB Connected: obaol-cluster-shard-00-02.oq0ij.mongodb.net 
2025-04-06T22:16:01.883Z [INFO]: MongoDB Connected: obaol-cluster-shard-00-01.oq0ij.mongodb.net 
2025-04-06T22:17:45.078Z [INFO]: MongoDB Connected: obaol-cluster-shard-00-00.oq0ij.mongodb.net 
2025-04-06T22:18:37.910Z [INFO]: MongoDB Connected: obaol-cluster-shard-00-00.oq0ij.mongodb.net 
2025-04-06T22:33:09.706Z [INFO]: MongoDB Connected: obaol-cluster-shard-00-01.oq0ij.mongodb.net 
2025-04-06T22:35:17.238Z [INFO]: MongoDB Connected: obaol-cluster-shard-00-02.oq0ij.mongodb.net 
2025-04-06T22:37:51.041Z [INFO]: MongoDB Connected: obaol-cluster-shard-00-01.oq0ij.mongodb.net 
2025-04-06T23:11:04.420Z [INFO]: MongoDB Connected: obaol-cluster-shard-00-02.oq0ij.mongodb.net 
2025-04-06T23:12:43.620Z [INFO]: MongoDB Connected: obaol-cluster-shard-00-01.oq0ij.mongodb.net 
2025-04-06T23:15:11.765Z [INFO]: MongoDB Connected: obaol-cluster-shard-00-00.oq0ij.mongodb.net 
2025-04-06T23:16:19.080Z [INFO]: MongoDB Connected: obaol-cluster-shard-00-00.oq0ij.mongodb.net 
2025-04-06T23:17:24.067Z [INFO]: MongoDB Connected: obaol-cluster-shard-00-02.oq0ij.mongodb.net 
2025-04-06T23:20:04.959Z [INFO]: MongoDB Connected: obaol-cluster-shard-00-02.oq0ij.mongodb.net 
2025-04-06T23:21:57.120Z [INFO]: MongoDB Connected: obaol-cluster-shard-00-02.oq0ij.mongodb.net 
2025-04-06T23:50:50.869Z [INFO]: MongoDB Connected: obaol-cluster-shard-00-02.oq0ij.mongodb.net 
2025-04-07T00:00:18.818Z [INFO]: MongoDB Connected: obaol-cluster-shard-00-00.oq0ij.mongodb.net 
2025-04-07T00:02:49.421Z [INFO]: MongoDB Connected: obaol-cluster-shard-00-01.oq0ij.mongodb.net 
2025-04-07T00:11:18.842Z [INFO]: MongoDB Connected: obaol-cluster-shard-00-01.oq0ij.mongodb.net 
2025-04-07T00:12:47.033Z [INFO]: MongoDB Connected: obaol-cluster-shard-00-01.oq0ij.mongodb.net 
2025-04-07T08:12:51.827Z [ERROR]: MongoDB Connection Error: {"error":"getaddrinfo ENOTFOUND obaol-cluster-shard-00-02.oq0ij.mongodb.net"}
2025-04-07T08:42:43.809Z [ERROR]: MongoDB Connection Error: {"error":"getaddrinfo ENOTFOUND obaol-cluster-shard-00-02.oq0ij.mongodb.net"}
2025-04-11T06:27:32.972Z [INFO]: MongoDB Connected: obaol-cluster-shard-00-00.oq0ij.mongodb.net 
2025-04-11T09:06:12.146Z [INFO]: MongoDB Connected: obaol-cluster-shard-00-00.oq0ij.mongodb.net 
2025-04-14T10:35:06.464Z [INFO]: MongoDB Connected: obaol-cluster-shard-00-01.oq0ij.mongodb.net 
2025-04-14T16:01:26.040Z [INFO]: MongoDB Connected: obaol-cluster-shard-00-02.oq0ij.mongodb.net 
2025-04-14T16:02:55.236Z [INFO]: MongoDB Connected: obaol-cluster-shard-00-02.oq0ij.mongodb.net 
2025-04-14T19:39:53.000Z [INFO]: MongoDB Connected: obaol-cluster-shard-00-01.oq0ij.mongodb.net 
2025-04-14T19:43:55.924Z [INFO]: MongoDB Connected: obaol-cluster-shard-00-01.oq0ij.mongodb.net 
2025-04-14T19:44:53.353Z [INFO]: MongoDB Connected: obaol-cluster-shard-00-01.oq0ij.mongodb.net 
2025-04-17T11:24:39.406Z [INFO]: MongoDB Connected: obaol-cluster-shard-00-00.oq0ij.mongodb.net 
2025-04-17T12:25:14.364Z [INFO]: MongoDB Connected: obaol-cluster-shard-00-00.oq0ij.mongodb.net 
2025-04-17T16:56:15.925Z [INFO]: MongoDB Connected: obaol-cluster-shard-00-00.oq0ij.mongodb.net 
2025-04-18T03:22:08.992Z [INFO]: MongoDB Connected: obaol-cluster-shard-00-02.oq0ij.mongodb.net 
2025-04-18T03:22:52.857Z [INFO]: MongoDB Connected: obaol-cluster-shard-00-00.oq0ij.mongodb.net 
2025-04-18T03:24:07.413Z [INFO]: MongoDB Connected: obaol-cluster-shard-00-00.oq0ij.mongodb.net 
2025-04-18T03:24:24.083Z [INFO]: MongoDB Connected: obaol-cluster-shard-00-02.oq0ij.mongodb.net 
2025-04-18T03:28:09.235Z [INFO]: MongoDB Connected: obaol-cluster-shard-00-00.oq0ij.mongodb.net 
2025-04-18T05:47:42.271Z [INFO]: MongoDB Connected: obaol-cluster-shard-00-00.oq0ij.mongodb.net 
2025-04-18T05:50:41.839Z [INFO]: MongoDB Connected: obaol-cluster-shard-00-00.oq0ij.mongodb.net 
2025-04-18T05:51:53.269Z [INFO]: MongoDB Connected: obaol-cluster-shard-00-00.oq0ij.mongodb.net 
2025-04-18T06:08:32.268Z [INFO]: MongoDB Connected: obaol-cluster-shard-00-00.oq0ij.mongodb.net 
2025-04-18T06:09:54.082Z [INFO]: MongoDB Connected: obaol-cluster-shard-00-00.oq0ij.mongodb.net 
2025-04-18T09:48:14.196Z [INFO]: MongoDB Connected: obaol-cluster-shard-00-00.oq0ij.mongodb.net 
2025-04-18T13:12:49.824Z [INFO]: MongoDB Connected: obaol-cluster-shard-00-00.oq0ij.mongodb.net 
2025-04-18T13:15:44.446Z [INFO]: MongoDB Connected: obaol-cluster-shard-00-00.oq0ij.mongodb.net 
2025-04-18T14:20:42.810Z [INFO]: MongoDB Connected: obaol-cluster-shard-00-00.oq0ij.mongodb.net 
2025-04-18T14:34:05.424Z [INFO]: MongoDB Connected: obaol-cluster-shard-00-00.oq0ij.mongodb.net 
2025-04-18T14:51:34.941Z [INFO]: MongoDB Connected: obaol-cluster-shard-00-00.oq0ij.mongodb.net 
2025-04-18T14:53:38.645Z [INFO]: MongoDB Connected: obaol-cluster-shard-00-00.oq0ij.mongodb.net 
2025-04-18T15:11:19.134Z [INFO]: MongoDB Connected: obaol-cluster-shard-00-02.oq0ij.mongodb.net 
2025-04-18T15:11:37.901Z [INFO]: MongoDB Connected: obaol-cluster-shard-00-00.oq0ij.mongodb.net 
2025-04-18T15:12:19.336Z [INFO]: MongoDB Connected: obaol-cluster-shard-00-02.oq0ij.mongodb.net 
2025-04-18T15:12:38.782Z [INFO]: MongoDB Connected: obaol-cluster-shard-00-00.oq0ij.mongodb.net 
2025-04-18T15:13:55.156Z [INFO]: MongoDB Connected: obaol-cluster-shard-00-00.oq0ij.mongodb.net 
2025-04-18T15:22:46.209Z [INFO]: MongoDB Connected: obaol-cluster-shard-00-00.oq0ij.mongodb.net 
2025-04-18T15:23:16.163Z [INFO]: MongoDB Connected: obaol-cluster-shard-00-02.oq0ij.mongodb.net 
2025-04-18T15:29:36.390Z [INFO]: MongoDB Connected: obaol-cluster-shard-00-00.oq0ij.mongodb.net 
2025-04-18T16:44:56.553Z [ERROR]: MongoDB Connection Error: {"error":"querySrv ETIMEOUT _mongodb._tcp.obaol-cluster.oq0ij.mongodb.net"}
2025-04-18T16:45:20.861Z [INFO]: MongoDB Connected: obaol-cluster-shard-00-00.oq0ij.mongodb.net 
2025-04-18T16:46:36.015Z [INFO]: MongoDB Connected: obaol-cluster-shard-00-00.oq0ij.mongodb.net 
2025-04-18T16:46:55.692Z [INFO]: MongoDB Connected: obaol-cluster-shard-00-02.oq0ij.mongodb.net 
2025-04-18T16:48:17.914Z [INFO]: MongoDB Connected: obaol-cluster-shard-00-00.oq0ij.mongodb.net 
2025-04-18T16:48:53.411Z [INFO]: MongoDB Connected: obaol-cluster-shard-00-02.oq0ij.mongodb.net 
2025-04-18T16:50:07.692Z [INFO]: MongoDB Connected: obaol-cluster-shard-00-00.oq0ij.mongodb.net 
2025-04-18T16:52:16.189Z [INFO]: MongoDB Connected: obaol-cluster-shard-00-00.oq0ij.mongodb.net 
2025-04-18T16:53:19.285Z [INFO]: MongoDB Connected: obaol-cluster-shard-00-00.oq0ij.mongodb.net 
2025-04-18T16:54:21.979Z [INFO]: MongoDB Connected: obaol-cluster-shard-00-00.oq0ij.mongodb.net 
2025-04-18T16:54:49.359Z [INFO]: MongoDB Connected: obaol-cluster-shard-00-02.oq0ij.mongodb.net 
2025-04-18T16:55:24.789Z [INFO]: MongoDB Connected: obaol-cluster-shard-00-00.oq0ij.mongodb.net 
2025-04-18T16:56:05.629Z [INFO]: MongoDB Connected: obaol-cluster-shard-00-02.oq0ij.mongodb.net 
2025-04-18T16:58:07.773Z [INFO]: MongoDB Connected: obaol-cluster-shard-00-00.oq0ij.mongodb.net 
2025-04-18T16:59:17.476Z [INFO]: MongoDB Connected: obaol-cluster-shard-00-00.oq0ij.mongodb.net 
2025-04-18T16:59:44.276Z [INFO]: MongoDB Connected: obaol-cluster-shard-00-02.oq0ij.mongodb.net 
2025-04-19T01:40:17.751Z [INFO]: MongoDB Connected: obaol-cluster-shard-00-00.oq0ij.mongodb.net 
2025-04-28T13:31:35.867Z [INFO]: MongoDB Connected: obaol-cluster-shard-00-00.oq0ij.mongodb.net 
2025-04-29T02:07:02.530Z [INFO]: MongoDB Connected: obaol-cluster-shard-00-00.oq0ij.mongodb.net 
2025-04-29T02:44:33.581Z [INFO]: MongoDB Connected: obaol-cluster-shard-00-00.oq0ij.mongodb.net 
2025-04-29T03:24:39.358Z [INFO]: MongoDB Connected: obaol-cluster-shard-00-00.oq0ij.mongodb.net 
2025-04-29T03:48:26.509Z [INFO]: MongoDB Connected: obaol-cluster-shard-00-01.oq0ij.mongodb.net 
2025-04-29T03:49:28.371Z [INFO]: MongoDB Connected: obaol-cluster-shard-00-00.oq0ij.mongodb.net 
2025-04-29T08:41:28.528Z [INFO]: MongoDB Connected: obaol-cluster-shard-00-01.oq0ij.mongodb.net 
2025-04-29T08:46:04.824Z [INFO]: MongoDB Connected: obaol-cluster-shard-00-02.oq0ij.mongodb.net 
2025-04-29T08:47:27.396Z [INFO]: MongoDB Connected: obaol-cluster-shard-00-01.oq0ij.mongodb.net 
2025-04-29T08:53:08.134Z [INFO]: MongoDB Connected: obaol-cluster-shard-00-02.oq0ij.mongodb.net 
2025-04-29T08:58:16.657Z [INFO]: MongoDB Connected: obaol-cluster-shard-00-02.oq0ij.mongodb.net 
2025-04-29T17:28:28.421Z [INFO]: MongoDB Connected: obaol-cluster-shard-00-01.oq0ij.mongodb.net 
2025-04-29T18:10:45.311Z [INFO]: MongoDB Connected: obaol-cluster-shard-00-01.oq0ij.mongodb.net 
2025-04-30T05:27:48.267Z [INFO]: MongoDB Connected: obaol-cluster-shard-00-00.oq0ij.mongodb.net 
2025-04-30T08:41:41.033Z [INFO]: MongoDB Connected: obaol-cluster-shard-00-01.oq0ij.mongodb.net 
2025-04-30T08:42:35.323Z [INFO]: MongoDB Connected: obaol-cluster-shard-00-01.oq0ij.mongodb.net 
2025-04-30T08:43:56.615Z [INFO]: MongoDB Connected: obaol-cluster-shard-00-01.oq0ij.mongodb.net 
2025-04-30T08:47:02.762Z [INFO]: MongoDB Connected: obaol-cluster-shard-00-00.oq0ij.mongodb.net 
2025-04-30T08:47:27.355Z [INFO]: MongoDB Connected: obaol-cluster-shard-00-00.oq0ij.mongodb.net 
2025-04-30T09:09:35.054Z [INFO]: MongoDB Connected: obaol-cluster-shard-00-00.oq0ij.mongodb.net 
2025-04-30T09:09:49.166Z [INFO]: MongoDB Connected: obaol-cluster-shard-00-00.oq0ij.mongodb.net 
2025-04-30T10:07:29.055Z [INFO]: MongoDB Connected: obaol-cluster-shard-00-00.oq0ij.mongodb.net 
2025-05-02T05:23:42.569Z [INFO]: MongoDB Connected: obaol-cluster-shard-00-00.oq0ij.mongodb.net 
2025-05-02T05:27:22.185Z [INFO]: MongoDB Connected: obaol-cluster-shard-00-01.oq0ij.mongodb.net 
2025-05-02T06:40:26.424Z [INFO]: MongoDB Connected: obaol-cluster-shard-00-01.oq0ij.mongodb.net 
2025-05-02T06:41:12.903Z [INFO]: MongoDB Connected: obaol-cluster-shard-00-00.oq0ij.mongodb.net 
2025-05-02T06:41:52.238Z [INFO]: MongoDB Connected: obaol-cluster-shard-00-02.oq0ij.mongodb.net 
2025-05-02T06:52:36.564Z [INFO]: MongoDB Connected: obaol-cluster-shard-00-01.oq0ij.mongodb.net 
2025-05-02T07:02:58.367Z [INFO]: MongoDB Connected: obaol-cluster-shard-00-01.oq0ij.mongodb.net 
2025-05-02T07:20:54.713Z [INFO]: MongoDB Connected: obaol-cluster-shard-00-02.oq0ij.mongodb.net 
2025-05-02T07:21:36.500Z [INFO]: MongoDB Connected: obaol-cluster-shard-00-02.oq0ij.mongodb.net 
2025-05-02T07:45:00.136Z [INFO]: MongoDB Connected: obaol-cluster-shard-00-00.oq0ij.mongodb.net 
2025-05-02T07:45:20.073Z [INFO]: MongoDB Connected: obaol-cluster-shard-00-00.oq0ij.mongodb.net 
2025-05-02T07:53:03.997Z [INFO]: MongoDB Connected: obaol-cluster-shard-00-01.oq0ij.mongodb.net 
2025-05-02T07:53:56.026Z [INFO]: MongoDB Connected: obaol-cluster-shard-00-02.oq0ij.mongodb.net 
2025-05-02T07:54:52.649Z [INFO]: MongoDB Connected: obaol-cluster-shard-00-02.oq0ij.mongodb.net 
2025-05-02T07:55:36.131Z [INFO]: MongoDB Connected: obaol-cluster-shard-00-00.oq0ij.mongodb.net 
2025-05-02T07:56:05.253Z [INFO]: MongoDB Connected: obaol-cluster-shard-00-01.oq0ij.mongodb.net 
2025-05-02T08:04:46.331Z [INFO]: MongoDB Connected: obaol-cluster-shard-00-00.oq0ij.mongodb.net 
2025-05-02T08:07:09.941Z [INFO]: MongoDB Connected: obaol-cluster-shard-00-01.oq0ij.mongodb.net 
2025-05-02T08:07:40.613Z [INFO]: MongoDB Connected: obaol-cluster-shard-00-02.oq0ij.mongodb.net 
2025-05-02T08:35:29.073Z [INFO]: MongoDB Connected: obaol-cluster-shard-00-01.oq0ij.mongodb.net 
2025-05-02T19:13:05.109Z [INFO]: MongoDB Connected: obaol-cluster-shard-00-01.oq0ij.mongodb.net 
2025-05-02T19:14:07.841Z [INFO]: MongoDB Connected: obaol-cluster-shard-00-01.oq0ij.mongodb.net 
2025-05-02T19:14:51.462Z [INFO]: MongoDB Connected: obaol-cluster-shard-00-00.oq0ij.mongodb.net 
2025-05-02T19:18:57.106Z [INFO]: MongoDB Connected: obaol-cluster-shard-00-01.oq0ij.mongodb.net 
2025-05-02T19:19:58.783Z [INFO]: MongoDB Connected: obaol-cluster-shard-00-01.oq0ij.mongodb.net 
2025-05-02T19:24:42.487Z [INFO]: MongoDB Connected: obaol-cluster-shard-00-02.oq0ij.mongodb.net 
2025-05-02T19:25:35.448Z [INFO]: MongoDB Connected: obaol-cluster-shard-00-02.oq0ij.mongodb.net 
2025-05-03T03:21:53.792Z [INFO]: MongoDB Connected: obaol-cluster-shard-00-01.oq0ij.mongodb.net 
2025-05-03T05:10:21.050Z [INFO]: MongoDB Connected: obaol-cluster-shard-00-02.oq0ij.mongodb.net 
2025-05-07T06:12:11.247Z [INFO]: MongoDB Connected: obaol-cluster-shard-00-00.oq0ij.mongodb.net 
2025-05-07T16:45:25.677Z [INFO]: MongoDB Connected: obaol-cluster-shard-00-00.oq0ij.mongodb.net 
2025-05-07T16:46:35.132Z [INFO]: MongoDB Connected: obaol-cluster-shard-00-00.oq0ij.mongodb.net 
2025-05-07T16:47:16.747Z [INFO]: MongoDB Connected: obaol-cluster-shard-00-02.oq0ij.mongodb.net 
2025-05-08T03:44:10.584Z [INFO]: MongoDB Connected: obaol-cluster-shard-00-00.oq0ij.mongodb.net 
2025-05-08T15:56:36.810Z [INFO]: MongoDB Connected: obaol-cluster-shard-00-00.oq0ij.mongodb.net 
2025-05-08T15:57:30.329Z [INFO]: MongoDB Connected: obaol-cluster-shard-00-02.oq0ij.mongodb.net 
2025-05-08T16:11:43.359Z [INFO]: MongoDB Connected: obaol-cluster-shard-00-00.oq0ij.mongodb.net 
2025-05-08T16:52:09.621Z [INFO]: MongoDB Connected: obaol-cluster-shard-00-00.oq0ij.mongodb.net 
2025-05-08T16:56:30.787Z [INFO]: MongoDB Connected: obaol-cluster-shard-00-00.oq0ij.mongodb.net 
2025-05-08T17:13:16.473Z [INFO]: MongoDB Connected: obaol-cluster-shard-00-00.oq0ij.mongodb.net 
2025-05-08T17:14:54.665Z [INFO]: MongoDB Connected: obaol-cluster-shard-00-02.oq0ij.mongodb.net 
2025-05-08T18:29:11.437Z [INFO]: MongoDB Connected: obaol-cluster-shard-00-00.oq0ij.mongodb.net 
2025-05-08T18:29:55.051Z [INFO]: MongoDB Connected: obaol-cluster-shard-00-02.oq0ij.mongodb.net 
2025-05-08T18:34:16.046Z [INFO]: MongoDB Connected: obaol-cluster-shard-00-00.oq0ij.mongodb.net 
2025-05-08T18:35:22.578Z [INFO]: MongoDB Connected: obaol-cluster-shard-00-00.oq0ij.mongodb.net 
2025-05-08T18:36:24.330Z [INFO]: MongoDB Connected: obaol-cluster-shard-00-00.oq0ij.mongodb.net 
2025-05-08T19:00:41.277Z [INFO]: MongoDB Connected: obaol-cluster-shard-00-00.oq0ij.mongodb.net 
2025-05-08T19:01:35.539Z [INFO]: MongoDB Connected: obaol-cluster-shard-00-02.oq0ij.mongodb.net 
2025-05-08T19:49:09.650Z [INFO]: MongoDB Connected: obaol-cluster-shard-00-00.oq0ij.mongodb.net 
2025-05-08T20:06:10.286Z [INFO]: MongoDB Connected: obaol-cluster-shard-00-00.oq0ij.mongodb.net 
2025-05-08T20:08:28.447Z [INFO]: MongoDB Connected: obaol-cluster-shard-00-00.oq0ij.mongodb.net 
2025-05-08T20:17:24.850Z [INFO]: MongoDB Connected: obaol-cluster-shard-00-02.oq0ij.mongodb.net 
2025-05-08T20:19:40.384Z [INFO]: MongoDB Connected: obaol-cluster-shard-00-00.oq0ij.mongodb.net 
2025-05-08T21:00:35.791Z [INFO]: MongoDB Connected: obaol-cluster-shard-00-00.oq0ij.mongodb.net 
2025-05-08T21:07:31.673Z [INFO]: MongoDB Connected: obaol-cluster-shard-00-00.oq0ij.mongodb.net 
2025-05-08T21:08:04.450Z [INFO]: MongoDB Connected: obaol-cluster-shard-00-02.oq0ij.mongodb.net 
2025-05-08T21:10:25.871Z [INFO]: MongoDB Connected: obaol-cluster-shard-00-00.oq0ij.mongodb.net 
2025-05-08T21:11:41.667Z [INFO]: MongoDB Connected: obaol-cluster-shard-00-00.oq0ij.mongodb.net 
2025-05-08T21:15:09.812Z [INFO]: MongoDB Connected: obaol-cluster-shard-00-00.oq0ij.mongodb.net 
2025-05-08T21:15:31.928Z [INFO]: MongoDB Connected: obaol-cluster-shard-00-02.oq0ij.mongodb.net 
2025-05-08T21:16:38.812Z [INFO]: MongoDB Connected: obaol-cluster-shard-00-00.oq0ij.mongodb.net 
2025-05-08T21:17:08.428Z [INFO]: MongoDB Connected: obaol-cluster-shard-00-02.oq0ij.mongodb.net 
2025-05-08T21:17:31.897Z [INFO]: MongoDB Connected: obaol-cluster-shard-00-00.oq0ij.mongodb.net 
2025-05-08T21:18:17.678Z [INFO]: MongoDB Connected: obaol-cluster-shard-00-00.oq0ij.mongodb.net 
2025-05-08T21:18:28.347Z [INFO]: MongoDB Connected: obaol-cluster-shard-00-02.oq0ij.mongodb.net 
2025-05-08T21:18:44.555Z [INFO]: MongoDB Connected: obaol-cluster-shard-00-00.oq0ij.mongodb.net 
2025-05-08T21:22:06.559Z [INFO]: MongoDB Connected: obaol-cluster-shard-00-00.oq0ij.mongodb.net 
2025-05-09T04:01:55.230Z [INFO]: MongoDB Connected: obaol-cluster-shard-00-00.oq0ij.mongodb.net 
2025-05-09T04:02:17.031Z [INFO]: MongoDB Connected: obaol-cluster-shard-00-01.oq0ij.mongodb.net 
2025-05-09T06:21:10.243Z [ERROR]: MongoDB Connection Error: {"error":"querySrv ETIMEOUT _mongodb._tcp.obaol-cluster.oq0ij.mongodb.net"}
2025-05-09T06:24:00.626Z [INFO]: MongoDB Connected: obaol-cluster-shard-00-00.oq0ij.mongodb.net 
2025-05-09T07:19:19.512Z [INFO]: MongoDB Connected: obaol-cluster-shard-00-00.oq0ij.mongodb.net 
2025-05-09T07:21:07.657Z [INFO]: MongoDB Connected: obaol-cluster-shard-00-00.oq0ij.mongodb.net 
2025-05-09T08:02:06.518Z [INFO]: MongoDB Connected: obaol-cluster-shard-00-00.oq0ij.mongodb.net 
2025-05-09T08:02:48.008Z [INFO]: MongoDB Connected: obaol-cluster-shard-00-02.oq0ij.mongodb.net 
2025-05-09T08:05:53.907Z [INFO]: MongoDB Connected: obaol-cluster-shard-00-00.oq0ij.mongodb.net 
2025-05-09T08:27:03.021Z [INFO]: MongoDB Connected: obaol-cluster-shard-00-00.oq0ij.mongodb.net 
2025-05-09T08:29:29.297Z [INFO]: MongoDB Connected: obaol-cluster-shard-00-00.oq0ij.mongodb.net 
2025-05-09T08:32:39.392Z [INFO]: MongoDB Connected: obaol-cluster-shard-00-00.oq0ij.mongodb.net 
2025-05-09T08:35:34.765Z [INFO]: MongoDB Connected: obaol-cluster-shard-00-00.oq0ij.mongodb.net 
2025-05-09T16:19:55.636Z [INFO]: MongoDB Connected: obaol-cluster-shard-00-00.oq0ij.mongodb.net 
2025-05-10T14:04:07.865Z [INFO]: MongoDB Connected: obaol-cluster-shard-00-00.oq0ij.mongodb.net 
2025-05-10T17:44:15.440Z [INFO]: MongoDB Connected: obaol-cluster-shard-00-00.oq0ij.mongodb.net 
2025-05-13T11:17:54.669Z [INFO]: MongoDB Connected: obaol-cluster-shard-00-01.oq0ij.mongodb.net 
2025-05-25T04:13:49.566Z [INFO]: MongoDB Connected: obaol-cluster-shard-00-00.oq0ij.mongodb.net 
2025-05-27T15:50:28.634Z [INFO]: MongoDB Connected: obaol-cluster-shard-00-00.oq0ij.mongodb.net 
2025-05-27T15:59:02.459Z [INFO]: MongoDB Connected: obaol-cluster-shard-00-00.oq0ij.mongodb.net 
2025-05-27T21:08:56.787Z [INFO]: MongoDB Connected: obaol-cluster-shard-00-00.oq0ij.mongodb.net 
2025-05-27T21:24:53.050Z [INFO]: MongoDB Connected: obaol-cluster-shard-00-00.oq0ij.mongodb.net 
2025-05-27T21:25:49.049Z [INFO]: MongoDB Connected: obaol-cluster-shard-00-02.oq0ij.mongodb.net 
2025-05-27T21:28:16.799Z [INFO]: MongoDB Connected: obaol-cluster-shard-00-00.oq0ij.mongodb.net 
2025-05-27T21:30:38.673Z [ERROR]: MongoDB Connection Error: {"error":"querySrv ETIMEOUT _mongodb._tcp.obaol-cluster.oq0ij.mongodb.net"}
2025-05-27T21:31:24.827Z [ERROR]: MongoDB Connection Error: {"error":"querySrv ETIMEOUT _mongodb._tcp.obaol-cluster.oq0ij.mongodb.net"}
2025-05-27T21:32:12.306Z [INFO]: MongoDB Connected: obaol-cluster-shard-00-00.oq0ij.mongodb.net 
2025-05-30T16:53:56.435Z [INFO]: MongoDB Connected: obaol-cluster-shard-00-00.oq0ij.mongodb.net 
2025-05-30T17:49:53.706Z [INFO]: MongoDB Connected: obaol-cluster-shard-00-00.oq0ij.mongodb.net 
2025-05-30T17:55:05.541Z [INFO]: MongoDB Connected: obaol-cluster-shard-00-00.oq0ij.mongodb.net 
2025-05-30T17:58:43.271Z [INFO]: MongoDB Connected: obaol-cluster-shard-00-00.oq0ij.mongodb.net 
2025-05-30T17:59:29.288Z [INFO]: MongoDB Connected: obaol-cluster-shard-00-02.oq0ij.mongodb.net 
2025-05-30T18:47:12.363Z [INFO]: MongoDB Connected: obaol-cluster-shard-00-00.oq0ij.mongodb.net 
2025-05-30T18:54:53.576Z [INFO]: MongoDB Connected: obaol-cluster-shard-00-00.oq0ij.mongodb.net 
2025-05-30T19:09:19.183Z [INFO]: MongoDB Connected: obaol-cluster-shard-00-00.oq0ij.mongodb.net 
2025-05-30T19:09:41.674Z [INFO]: MongoDB Connected: obaol-cluster-shard-00-02.oq0ij.mongodb.net 
2025-05-30T19:10:10.239Z [INFO]: MongoDB Connected: obaol-cluster-shard-00-00.oq0ij.mongodb.net 
2025-05-30T19:13:36.711Z [INFO]: MongoDB Connected: obaol-cluster-shard-00-00.oq0ij.mongodb.net 
2025-05-30T19:14:22.267Z [INFO]: MongoDB Connected: obaol-cluster-shard-00-02.oq0ij.mongodb.net 
2025-05-30T19:28:04.495Z [INFO]: MongoDB Connected: obaol-cluster-shard-00-00.oq0ij.mongodb.net 
2025-05-30T19:28:29.876Z [INFO]: MongoDB Connected: obaol-cluster-shard-00-02.oq0ij.mongodb.net 
2025-05-31T08:23:58.205Z [INFO]: MongoDB Connected: obaol-cluster-shard-00-00.oq0ij.mongodb.net 
2025-06-01T07:46:48.682Z [ERROR]: MongoDB Connection Error: {"error":"Could not connect to any servers in your MongoDB Atlas cluster. One common reason is that you're trying to access the database from an IP that isn't whitelisted. Make sure your current IP address is on your Atlas cluster's IP whitelist: https://www.mongodb.com/docs/atlas/security-whitelist/"}
2025-06-01T08:14:19.568Z [INFO]: MongoDB Connected: obaol-cluster-shard-00-00.oq0ij.mongodb.net 
2025-06-01T08:32:40.093Z [INFO]: MongoDB Connected: obaol-cluster-shard-00-00.oq0ij.mongodb.net 
2025-06-01T08:34:05.690Z [INFO]: MongoDB Connected: obaol-cluster-shard-00-00.oq0ij.mongodb.net 
2025-06-01T08:35:11.542Z [INFO]: MongoDB Connected: obaol-cluster-shard-00-00.oq0ij.mongodb.net 
2025-06-01T08:35:28.843Z [INFO]: MongoDB Connected: obaol-cluster-shard-00-02.oq0ij.mongodb.net 
2025-06-01T08:36:56.922Z [INFO]: MongoDB Connected: obaol-cluster-shard-00-00.oq0ij.mongodb.net 
2025-06-03T14:17:44.762Z [INFO]: MongoDB Connected: obaol-cluster-shard-00-00.oq0ij.mongodb.net 
2025-06-04T05:11:15.791Z [INFO]: MongoDB Connected: obaol-cluster-shard-00-00.oq0ij.mongodb.net 
2025-06-04T05:36:06.204Z [INFO]: MongoDB Connected: obaol-cluster-shard-00-00.oq0ij.mongodb.net 
2025-06-04T05:36:37.240Z [INFO]: MongoDB Connected: obaol-cluster-shard-00-02.oq0ij.mongodb.net 
2025-06-04T05:52:26.883Z [INFO]: MongoDB Connected: obaol-cluster-shard-00-00.oq0ij.mongodb.net 
2025-06-04T06:58:34.505Z [INFO]: MongoDB Connected: obaol-cluster-shard-00-00.oq0ij.mongodb.net 
2025-06-04T06:58:55.305Z [INFO]: MongoDB Connected: obaol-cluster-shard-00-02.oq0ij.mongodb.net 
2025-06-04T06:59:47.383Z [INFO]: MongoDB Connected: obaol-cluster-shard-00-00.oq0ij.mongodb.net 
2025-06-04T08:01:02.694Z [INFO]: MongoDB Connected: obaol-cluster-shard-00-00.oq0ij.mongodb.net 
2025-06-04T12:26:03.691Z [INFO]: MongoDB Connected: obaol-cluster-shard-00-00.oq0ij.mongodb.net 
2025-06-04T12:27:19.680Z [INFO]: MongoDB Connected: obaol-cluster-shard-00-00.oq0ij.mongodb.net 
2025-06-04T12:36:46.107Z [INFO]: MongoDB Connected: obaol-cluster-shard-00-00.oq0ij.mongodb.net 
2025-06-04T12:45:39.042Z [ERROR]: MongoDB Connection Error: {"error":"querySrv ETIMEOUT _mongodb._tcp.obaol-cluster.oq0ij.mongodb.net"}
2025-06-04T12:46:00.792Z [ERROR]: MongoDB Connection Error: {"error":"querySrv ETIMEOUT _mongodb._tcp.obaol-cluster.oq0ij.mongodb.net"}
2025-06-04T12:46:52.351Z [INFO]: MongoDB Connected: obaol-cluster-shard-00-00.oq0ij.mongodb.net 
2025-06-04T18:31:11.701Z [INFO]: MongoDB Connected: obaol-cluster-shard-00-00.oq0ij.mongodb.net 
2025-06-06T04:10:20.738Z [INFO]: MongoDB Connected: obaol-cluster-shard-00-00.oq0ij.mongodb.net 
2025-06-07T07:36:39.146Z [INFO]: MongoDB Connected: obaol-cluster-shard-00-00.oq0ij.mongodb.net 
2025-06-07T07:37:10.638Z [INFO]: MongoDB Connected: obaol-cluster-shard-00-02.oq0ij.mongodb.net 
2025-06-07T10:23:33.951Z [INFO]: MongoDB Connected: obaol-cluster-shard-00-00.oq0ij.mongodb.net 
2025-06-09T03:28:12.160Z [INFO]: MongoDB Connected: obaol-cluster-shard-00-00.oq0ij.mongodb.net 
2025-06-10T04:43:14.076Z [INFO]: MongoDB Connected: obaol-cluster-shard-00-00.oq0ij.mongodb.net 
2025-06-10T07:39:47.195Z [INFO]: MongoDB Connected: obaol-cluster-shard-00-00.oq0ij.mongodb.net 
2025-06-10T18:43:02.332Z [INFO]: MongoDB Connected: obaol-cluster-shard-00-00.oq0ij.mongodb.net 
2025-06-10T18:46:38.676Z [INFO]: MongoDB Connected: obaol-cluster-shard-00-00.oq0ij.mongodb.net 
2025-06-10T18:47:35.542Z [INFO]: MongoDB Connected: obaol-cluster-shard-00-02.oq0ij.mongodb.net 
2025-06-10T18:51:57.928Z [INFO]: MongoDB Connected: obaol-cluster-shard-00-00.oq0ij.mongodb.net 
2025-06-10T18:53:28.691Z [INFO]: MongoDB Connected: obaol-cluster-shard-00-00.oq0ij.mongodb.net 
2025-06-10T18:54:07.534Z [INFO]: MongoDB Connected: obaol-cluster-shard-00-02.oq0ij.mongodb.net 
2025-06-10T19:00:44.983Z [INFO]: MongoDB Connected: obaol-cluster-shard-00-00.oq0ij.mongodb.net 
2025-06-10T19:01:51.855Z [INFO]: MongoDB Connected: obaol-cluster-shard-00-00.oq0ij.mongodb.net 
2025-06-11T05:01:53.089Z [INFO]: MongoDB Connected: obaol-cluster-shard-00-00.oq0ij.mongodb.net 
2025-06-13T03:16:04.643Z [INFO]: MongoDB Connected: obaol-cluster-shard-00-01.oq0ij.mongodb.net 
2025-06-13T03:29:55.220Z [INFO]: MongoDB Connected: obaol-cluster-shard-00-01.oq0ij.mongodb.net 
2025-06-13T03:37:36.763Z [INFO]: MongoDB Connected: obaol-cluster-shard-00-02.oq0ij.mongodb.net 
2025-06-13T03:38:47.217Z [INFO]: MongoDB Connected: obaol-cluster-shard-00-02.oq0ij.mongodb.net 
2025-06-13T03:39:54.353Z [INFO]: MongoDB Connected: obaol-cluster-shard-00-01.oq0ij.mongodb.net 
2025-06-13T04:33:04.554Z [INFO]: MongoDB Connected: obaol-cluster-shard-00-02.oq0ij.mongodb.net 
2025-06-13T05:19:57.724Z [INFO]: MongoDB Connected: obaol-cluster-shard-00-00.oq0ij.mongodb.net 
2025-06-13T05:27:00.554Z [INFO]: MongoDB Connected: obaol-cluster-shard-00-00.oq0ij.mongodb.net 
2025-06-13T05:28:10.430Z [INFO]: MongoDB Connected: obaol-cluster-shard-00-00.oq0ij.mongodb.net 
2025-06-13T05:36:25.604Z [INFO]: MongoDB Connected: obaol-cluster-shard-00-00.oq0ij.mongodb.net 
2025-06-13T05:37:18.973Z [INFO]: MongoDB Connected: obaol-cluster-shard-00-02.oq0ij.mongodb.net 
2025-06-13T05:55:15.823Z [INFO]: MongoDB Connected: obaol-cluster-shard-00-00.oq0ij.mongodb.net 
2025-06-13T06:07:03.541Z [INFO]: MongoDB Connected: obaol-cluster-shard-00-00.oq0ij.mongodb.net 
2025-06-13T06:07:50.474Z [INFO]: MongoDB Connected: obaol-cluster-shard-00-02.oq0ij.mongodb.net 
2025-06-13T08:42:33.179Z [INFO]: MongoDB Connected: obaol-cluster-shard-00-00.oq0ij.mongodb.net 
2025-06-13T12:36:17.746Z [ERROR]: MongoDB Connection Error: {"error":"querySrv EREFUSED _mongodb._tcp.obaol-cluster.oq0ij.mongodb.net"}
2025-06-16T07:31:43.245Z [INFO]: MongoDB Connected: obaol-cluster-shard-00-00.oq0ij.mongodb.net 
2025-06-16T08:00:03.844Z [ERROR]: MongoDB Connection Error: {"error":"querySrv ETIMEOUT _mongodb._tcp.obaol-cluster.oq0ij.mongodb.net"}
2025-06-16T08:00:19.450Z [ERROR]: MongoDB Connection Error: {"error":"querySrv ETIMEOUT _mongodb._tcp.obaol-cluster.oq0ij.mongodb.net"}
2025-06-16T08:05:10.127Z [INFO]: MongoDB Connected: obaol-cluster-shard-00-00.oq0ij.mongodb.net 
2025-06-16T08:05:57.506Z [INFO]: MongoDB Connected: obaol-cluster-shard-00-02.oq0ij.mongodb.net 
2025-06-16T08:06:51.163Z [INFO]: MongoDB Connected: obaol-cluster-shard-00-00.oq0ij.mongodb.net 
2025-06-16T08:08:50.570Z [INFO]: MongoDB Connected: obaol-cluster-shard-00-00.oq0ij.mongodb.net 
2025-06-16T08:09:15.330Z [INFO]: MongoDB Connected: obaol-cluster-shard-00-02.oq0ij.mongodb.net 
2025-06-16T08:09:37.615Z [INFO]: MongoDB Connected: obaol-cluster-shard-00-00.oq0ij.mongodb.net 
2025-06-16T08:11:47.053Z [INFO]: MongoDB Connected: obaol-cluster-shard-00-00.oq0ij.mongodb.net 
2025-06-16T08:21:26.739Z [INFO]: MongoDB Connected: obaol-cluster-shard-00-00.oq0ij.mongodb.net 
2025-06-16T08:22:07.153Z [ERROR]: MongoDB Connection Error: {"error":"querySrv ETIMEOUT _mongodb._tcp.obaol-cluster.oq0ij.mongodb.net"}
2025-06-16T08:22:20.653Z [ERROR]: MongoDB Connection Error: {"error":"querySrv ETIMEOUT _mongodb._tcp.obaol-cluster.oq0ij.mongodb.net"}
2025-06-16T08:22:55.610Z [ERROR]: MongoDB Connection Error: {"error":"querySrv ETIMEOUT _mongodb._tcp.obaol-cluster.oq0ij.mongodb.net"}
2025-06-16T08:23:33.320Z [ERROR]: MongoDB Connection Error: {"error":"querySrv ETIMEOUT _mongodb._tcp.obaol-cluster.oq0ij.mongodb.net"}
2025-06-16T08:23:50.495Z [ERROR]: MongoDB Connection Error: {"error":"querySrv EREFUSED _mongodb._tcp.obaol-cluster.oq0ij.mongodb.net"}
2025-06-16T08:25:56.432Z [ERROR]: MongoDB Connection Error: {"error":"querySrv ETIMEOUT _mongodb._tcp.obaol-cluster.oq0ij.mongodb.net"}
2025-06-16T08:26:11.778Z [ERROR]: MongoDB Connection Error: {"error":"querySrv ETIMEOUT _mongodb._tcp.obaol-cluster.oq0ij.mongodb.net"}
2025-06-16T08:26:38.788Z [INFO]: MongoDB Connected: obaol-cluster-shard-00-00.oq0ij.mongodb.net 
2025-06-16T09:00:52.445Z [INFO]: MongoDB Connected: obaol-cluster-shard-00-00.oq0ij.mongodb.net 
2025-06-16T10:23:37.138Z [INFO]: MongoDB Connected: obaol-cluster-shard-00-00.oq0ij.mongodb.net 
2025-06-16T10:25:49.949Z [INFO]: MongoDB Connected: obaol-cluster-shard-00-00.oq0ij.mongodb.net 
2025-06-16T10:26:23.076Z [INFO]: MongoDB Connected: obaol-cluster-shard-00-02.oq0ij.mongodb.net 
2025-06-16T10:29:25.378Z [INFO]: MongoDB Connected: obaol-cluster-shard-00-00.oq0ij.mongodb.net 
2025-06-16T11:37:58.237Z [INFO]: MongoDB Connected: obaol-cluster-shard-00-00.oq0ij.mongodb.net 
2025-06-16T11:39:20.437Z [INFO]: MongoDB Connected: obaol-cluster-shard-00-00.oq0ij.mongodb.net 
2025-06-16T11:39:56.287Z [INFO]: MongoDB Connected: obaol-cluster-shard-00-02.oq0ij.mongodb.net 
2025-06-16T11:42:46.881Z [INFO]: MongoDB Connected: obaol-cluster-shard-00-00.oq0ij.mongodb.net 
2025-06-17T17:16:57.897Z [INFO]: MongoDB Connected: obaol-cluster-shard-00-00.oq0ij.mongodb.net 
2025-06-17T17:44:54.490Z [INFO]: MongoDB Connected: obaol-cluster-shard-00-00.oq0ij.mongodb.net 
2025-06-17T17:47:36.642Z [INFO]: MongoDB Connected: obaol-cluster-shard-00-00.oq0ij.mongodb.net 
2025-06-17T17:49:02.716Z [INFO]: MongoDB Connected: obaol-cluster-shard-00-00.oq0ij.mongodb.net 
2025-06-17T17:51:45.003Z [INFO]: MongoDB Connected: obaol-cluster-shard-00-00.oq0ij.mongodb.net 
2025-06-17T17:52:24.201Z [INFO]: MongoDB Connected: obaol-cluster-shard-00-02.oq0ij.mongodb.net 
2025-06-17T18:10:35.526Z [INFO]: MongoDB Connected: obaol-cluster-shard-00-00.oq0ij.mongodb.net 
2025-06-17T18:47:25.013Z [INFO]: MongoDB Connected: obaol-cluster-shard-00-00.oq0ij.mongodb.net 
2025-06-17T18:50:36.487Z [INFO]: MongoDB Connected: obaol-cluster-shard-00-00.oq0ij.mongodb.net 
2025-06-17T18:51:27.199Z [INFO]: MongoDB Connected: obaol-cluster-shard-00-02.oq0ij.mongodb.net 
2025-06-17T18:52:27.463Z [INFO]: MongoDB Connected: obaol-cluster-shard-00-00.oq0ij.mongodb.net 
2025-06-17T18:53:23.189Z [INFO]: MongoDB Connected: obaol-cluster-shard-00-02.oq0ij.mongodb.net 
2025-06-17T19:55:53.424Z [INFO]: MongoDB Connected: obaol-cluster-shard-00-00.oq0ij.mongodb.net 
2025-06-17T20:03:13.342Z [INFO]: MongoDB Connected: obaol-cluster-shard-00-00.oq0ij.mongodb.net 
2025-06-17T20:06:12.500Z [INFO]: MongoDB Connected: obaol-cluster-shard-00-00.oq0ij.mongodb.net 
2025-06-17T20:25:14.688Z [INFO]: MongoDB Connected: obaol-cluster-shard-00-00.oq0ij.mongodb.net 
2025-06-17T20:25:30.740Z [INFO]: MongoDB Connected: obaol-cluster-shard-00-02.oq0ij.mongodb.net 
2025-06-17T20:36:34.035Z [INFO]: MongoDB Connected: obaol-cluster-shard-00-00.oq0ij.mongodb.net 
2025-06-18T06:43:15.361Z [INFO]: MongoDB Connected: obaol-cluster-shard-00-00.oq0ij.mongodb.net 
2025-06-19T04:08:19.379Z [INFO]: MongoDB Connected: obaol-cluster-shard-00-02.oq0ij.mongodb.net 
2025-06-20T03:48:19.270Z [INFO]: MongoDB Connected: obaol-cluster-shard-00-00.oq0ij.mongodb.net 
2025-06-20T19:23:22.321Z [INFO]: MongoDB Connected: obaol-cluster-shard-00-00.oq0ij.mongodb.net 
2025-06-20T19:23:25.581Z [INFO]: MongoDB Connected: obaol-cluster-shard-00-02.oq0ij.mongodb.net 
2025-06-20T20:01:39.899Z [INFO]: MongoDB Connected: obaol-cluster-shard-00-00.oq0ij.mongodb.net 
2025-06-20T20:02:22.431Z [INFO]: MongoDB Connected: obaol-cluster-shard-00-02.oq0ij.mongodb.net 
2025-06-20T20:10:36.117Z [INFO]: MongoDB Connected: obaol-cluster-shard-00-00.oq0ij.mongodb.net 
2025-06-20T20:12:46.568Z [INFO]: MongoDB Connected: obaol-cluster-shard-00-00.oq0ij.mongodb.net 
2025-06-20T20:15:47.203Z [INFO]: MongoDB Connected: obaol-cluster-shard-00-00.oq0ij.mongodb.net 
2025-06-21T05:36:06.527Z [INFO]: MongoDB Connected: obaol-cluster-shard-00-00.oq0ij.mongodb.net 
2025-06-25T04:56:19.084Z [INFO]: MongoDB Connected: obaol-cluster-shard-00-00.oq0ij.mongodb.net 
2025-06-26T05:25:04.147Z [INFO]: MongoDB Connected: obaol-cluster-shard-00-00.oq0ij.mongodb.net 
2025-06-26T06:03:09.330Z [INFO]: MongoDB Connected: obaol-cluster-shard-00-00.oq0ij.mongodb.net 
2025-06-26T06:03:31.617Z [INFO]: MongoDB Connected: obaol-cluster-shard-00-02.oq0ij.mongodb.net 
2025-06-26T07:37:06.541Z [ERROR]: MongoDB Connection Error: {"error":"querySrv ETIMEOUT _mongodb._tcp.obaol-cluster.oq0ij.mongodb.net"}
2025-06-26T07:37:38.762Z [INFO]: MongoDB Connected: obaol-cluster-shard-00-00.oq0ij.mongodb.net 
2025-06-26T07:40:00.760Z [INFO]: MongoDB Connected: obaol-cluster-shard-00-00.oq0ij.mongodb.net 
2025-06-26T07:51:10.853Z [INFO]: MongoDB Connected: obaol-cluster-shard-00-00.oq0ij.mongodb.net 
2025-06-26T08:25:06.839Z [INFO]: MongoDB Connected: obaol-cluster-shard-00-00.oq0ij.mongodb.net 
2025-06-26T08:53:29.668Z [INFO]: MongoDB Connected: obaol-cluster-shard-00-00.oq0ij.mongodb.net 
2025-06-26T08:53:56.441Z [INFO]: MongoDB Connected: obaol-cluster-shard-00-02.oq0ij.mongodb.net 
2025-06-26T09:29:33.165Z [INFO]: MongoDB Connected: obaol-cluster-shard-00-00.oq0ij.mongodb.net 
2025-06-26T09:29:58.286Z [INFO]: MongoDB Connected: obaol-cluster-shard-00-02.oq0ij.mongodb.net 
2025-06-26T09:40:31.629Z [INFO]: MongoDB Connected: obaol-cluster-shard-00-00.oq0ij.mongodb.net 
2025-06-26T10:13:56.148Z [INFO]: MongoDB Connected: obaol-cluster-shard-00-00.oq0ij.mongodb.net 
2025-06-26T11:07:48.528Z [INFO]: MongoDB Connected: obaol-cluster-shard-00-00.oq0ij.mongodb.net 
2025-06-26T11:58:03.636Z [INFO]: MongoDB Connected: obaol-cluster-shard-00-00.oq0ij.mongodb.net 
2025-06-26T11:59:45.323Z [INFO]: MongoDB Connected: obaol-cluster-shard-00-00.oq0ij.mongodb.net 
2025-06-26T12:09:32.700Z [INFO]: MongoDB Connected: obaol-cluster-shard-00-00.oq0ij.mongodb.net 
2025-06-26T12:19:52.309Z [INFO]: MongoDB Connected: obaol-cluster-shard-00-00.oq0ij.mongodb.net 
2025-06-26T12:21:46.893Z [INFO]: MongoDB Connected: obaol-cluster-shard-00-00.oq0ij.mongodb.net 
2025-06-26T12:25:55.426Z [INFO]: MongoDB Connected: obaol-cluster-shard-00-00.oq0ij.mongodb.net 
2025-06-26T12:26:36.563Z [INFO]: MongoDB Connected: obaol-cluster-shard-00-00.oq0ij.mongodb.net 
2025-06-26T12:31:11.197Z [INFO]: MongoDB Connected: obaol-cluster-shard-00-00.oq0ij.mongodb.net 
2025-06-26T12:33:50.542Z [INFO]: MongoDB Connected: obaol-cluster-shard-00-00.oq0ij.mongodb.net 
2025-06-26T12:42:35.715Z [INFO]: MongoDB Connected: obaol-cluster-shard-00-00.oq0ij.mongodb.net 
2025-06-26T12:52:58.436Z [INFO]: MongoDB Connected: obaol-cluster-shard-00-00.oq0ij.mongodb.net 
2025-06-26T13:01:08.975Z [INFO]: MongoDB Connected: obaol-cluster-shard-00-00.oq0ij.mongodb.net 
2025-06-26T13:05:40.060Z [INFO]: MongoDB Connected: obaol-cluster-shard-00-00.oq0ij.mongodb.net 
2025-06-26T13:12:08.760Z [INFO]: MongoDB Connected: obaol-cluster-shard-00-00.oq0ij.mongodb.net 
2025-06-26T13:24:48.715Z [INFO]: MongoDB Connected: obaol-cluster-shard-00-00.oq0ij.mongodb.net 
2025-06-26T13:32:13.765Z [INFO]: MongoDB Connected: obaol-cluster-shard-00-00.oq0ij.mongodb.net 
2025-06-26T18:05:40.788Z [INFO]: MongoDB Connected: obaol-cluster-shard-00-00.oq0ij.mongodb.net 
2025-06-26T18:08:05.399Z [INFO]: MongoDB Connected: obaol-cluster-shard-00-00.oq0ij.mongodb.net 
2025-06-26T18:08:54.696Z [INFO]: MongoDB Connected: obaol-cluster-shard-00-02.oq0ij.mongodb.net 
2025-06-26T20:16:36.965Z [INFO]: MongoDB Connected: obaol-cluster-shard-00-00.oq0ij.mongodb.net 
2025-06-26T20:19:51.770Z [INFO]: MongoDB Connected: obaol-cluster-shard-00-00.oq0ij.mongodb.net 
2025-06-26T20:23:27.302Z [INFO]: MongoDB Connected: obaol-cluster-shard-00-00.oq0ij.mongodb.net 
2025-06-26T20:26:05.882Z [INFO]: MongoDB Connected: obaol-cluster-shard-00-00.oq0ij.mongodb.net 
2025-06-28T19:38:13.509Z [INFO]: MongoDB Connected: obaol-cluster-shard-00-00.oq0ij.mongodb.net 
2025-06-28T19:53:06.571Z [INFO]: MongoDB Connected: obaol-cluster-shard-00-00.oq0ij.mongodb.net 
2025-06-28T19:53:30.249Z [INFO]: MongoDB Connected: obaol-cluster-shard-00-02.oq0ij.mongodb.net 
2025-06-28T19:54:12.797Z [INFO]: MongoDB Connected: obaol-cluster-shard-00-00.oq0ij.mongodb.net 
2025-06-28T19:54:36.648Z [INFO]: MongoDB Connected: obaol-cluster-shard-00-02.oq0ij.mongodb.net 
2025-06-28T19:56:35.212Z [INFO]: MongoDB Connected: obaol-cluster-shard-00-00.oq0ij.mongodb.net 
2025-06-28T19:58:33.235Z [INFO]: MongoDB Connected: obaol-cluster-shard-00-00.oq0ij.mongodb.net 
2025-06-29T05:34:01.127Z [ERROR]: MongoDB Connection Error: {"error":"querySrv ETIMEOUT _mongodb._tcp.obaol-cluster.oq0ij.mongodb.net"}
2025-06-29T05:43:58.977Z [INFO]: MongoDB Connected: obaol-cluster-shard-00-00.oq0ij.mongodb.net 
2025-06-29T06:16:26.874Z [INFO]: MongoDB Connected: obaol-cluster-shard-00-02.oq0ij.mongodb.net 
2025-06-29T06:21:36.804Z [INFO]: MongoDB Connected: obaol-cluster-shard-00-01.oq0ij.mongodb.net 
2025-06-29T06:22:33.567Z [INFO]: MongoDB Connected: obaol-cluster-shard-00-00.oq0ij.mongodb.net 
2025-06-29T07:05:07.827Z [INFO]: MongoDB Connected: obaol-cluster-shard-00-00.oq0ij.mongodb.net 
2025-06-29T07:10:28.131Z [INFO]: MongoDB Connected: obaol-cluster-shard-00-00.oq0ij.mongodb.net 
2025-06-29T07:11:25.255Z [INFO]: MongoDB Connected: obaol-cluster-shard-00-00.oq0ij.mongodb.net 
2025-06-29T07:12:51.311Z [INFO]: MongoDB Connected: obaol-cluster-shard-00-00.oq0ij.mongodb.net 
2025-06-29T07:30:51.957Z [INFO]: MongoDB Connected: obaol-cluster-shard-00-00.oq0ij.mongodb.net 
2025-06-29T07:35:15.404Z [INFO]: MongoDB Connected: obaol-cluster-shard-00-00.oq0ij.mongodb.net 
2025-06-29T07:39:33.352Z [INFO]: MongoDB Connected: obaol-cluster-shard-00-00.oq0ij.mongodb.net 
2025-06-30T05:29:02.515Z [INFO]: MongoDB Connected: obaol-cluster-shard-00-00.oq0ij.mongodb.net 
2025-06-30T14:43:34.239Z [INFO]: MongoDB Connected: obaol-cluster-shard-00-00.oq0ij.mongodb.net 
2025-06-30T15:54:58.361Z [INFO]: MongoDB Connected: obaol-cluster-shard-00-00.oq0ij.mongodb.net 
2025-06-30T15:56:33.530Z [INFO]: MongoDB Connected: obaol-cluster-shard-00-00.oq0ij.mongodb.net 
2025-06-30T16:06:44.923Z [INFO]: MongoDB Connected: obaol-cluster-shard-00-00.oq0ij.mongodb.net 
2025-06-30T16:07:11.730Z [INFO]: MongoDB Connected: obaol-cluster-shard-00-02.oq0ij.mongodb.net 
2025-06-30T16:12:04.003Z [INFO]: MongoDB Connected: obaol-cluster-shard-00-00.oq0ij.mongodb.net 
2025-06-30T16:12:27.247Z [INFO]: MongoDB Connected: obaol-cluster-shard-00-02.oq0ij.mongodb.net 
2025-06-30T16:21:54.365Z [INFO]: MongoDB Connected: obaol-cluster-shard-00-00.oq0ij.mongodb.net 
2025-06-30T16:22:25.958Z [INFO]: MongoDB Connected: obaol-cluster-shard-00-02.oq0ij.mongodb.net 
2025-06-30T19:43:28.876Z [INFO]: MongoDB Connected: obaol-cluster-shard-00-00.oq0ij.mongodb.net 
2025-06-30T19:44:12.827Z [INFO]: MongoDB Connected: obaol-cluster-shard-00-00.oq0ij.mongodb.net 
2025-06-30T19:44:37.849Z [INFO]: MongoDB Connected: obaol-cluster-shard-00-02.oq0ij.mongodb.net 
2025-06-30T19:52:31.190Z [INFO]: MongoDB Connected: obaol-cluster-shard-00-00.oq0ij.mongodb.net 
2025-06-30T20:37:09.057Z [ERROR]: MongoDB Connection Error: {"error":"querySrv EREFUSED _mongodb._tcp.obaol-cluster.oq0ij.mongodb.net"}
2025-06-30T20:41:16.561Z [ERROR]: MongoDB Connection Error: {"error":"querySrv ETIMEOUT _mongodb._tcp.obaol-cluster.oq0ij.mongodb.net"}
2025-06-30T20:48:52.545Z [INFO]: MongoDB Connected: obaol-cluster-shard-00-00.oq0ij.mongodb.net 
2025-06-30T20:50:55.502Z [INFO]: MongoDB Connected: obaol-cluster-shard-00-00.oq0ij.mongodb.net 
2025-06-30T20:55:59.784Z [INFO]: MongoDB Connected: obaol-cluster-shard-00-00.oq0ij.mongodb.net 
2025-07-01T08:06:50.488Z [INFO]: MongoDB Connected: obaol-cluster-shard-00-00.oq0ij.mongodb.net 
2025-07-01T13:22:52.585Z [INFO]: MongoDB Connected: obaol-cluster-shard-00-00.oq0ij.mongodb.net 
2025-07-01T13:23:54.176Z [INFO]: MongoDB Connected: obaol-cluster-shard-00-00.oq0ij.mongodb.net 
2025-07-01T13:27:13.698Z [INFO]: MongoDB Connected: obaol-cluster-shard-00-02.oq0ij.mongodb.net 
2025-07-01T13:32:28.505Z [INFO]: MongoDB Connected: obaol-cluster-shard-00-00.oq0ij.mongodb.net 
2025-07-01T13:32:42.224Z [INFO]: MongoDB Connected: obaol-cluster-shard-00-02.oq0ij.mongodb.net 
2025-07-01T13:33:50.674Z [INFO]: MongoDB Connected: obaol-cluster-shard-00-00.oq0ij.mongodb.net 
2025-07-01T13:34:07.606Z [INFO]: MongoDB Connected: obaol-cluster-shard-00-02.oq0ij.mongodb.net 
2025-07-01T13:41:26.363Z [INFO]: MongoDB Connected: obaol-cluster-shard-00-00.oq0ij.mongodb.net 
2025-07-01T13:47:48.787Z [INFO]: MongoDB Connected: obaol-cluster-shard-00-00.oq0ij.mongodb.net 
2025-07-01T13:56:45.347Z [INFO]: MongoDB Connected: obaol-cluster-shard-00-00.oq0ij.mongodb.net 
2025-07-01T14:05:03.286Z [INFO]: MongoDB Connected: obaol-cluster-shard-00-00.oq0ij.mongodb.net 
2025-07-01T14:08:11.414Z [INFO]: MongoDB Connected: obaol-cluster-shard-00-00.oq0ij.mongodb.net 
2025-07-01T14:09:02.323Z [INFO]: MongoDB Connected: obaol-cluster-shard-00-02.oq0ij.mongodb.net 
2025-07-02T04:24:33.373Z [INFO]: MongoDB Connected: obaol-cluster-shard-00-00.oq0ij.mongodb.net 
2025-07-02T04:24:55.079Z [INFO]: MongoDB Connected: obaol-cluster-shard-00-02.oq0ij.mongodb.net 
2025-07-02T04:32:13.421Z [INFO]: MongoDB Connected: obaol-cluster-shard-00-00.oq0ij.mongodb.net 
2025-07-02T04:37:27.941Z [INFO]: MongoDB Connected: obaol-cluster-shard-00-00.oq0ij.mongodb.net 
2025-07-02T04:42:49.124Z [INFO]: MongoDB Connected: obaol-cluster-shard-00-00.oq0ij.mongodb.net 
2025-07-02T04:51:36.685Z [INFO]: MongoDB Connected: obaol-cluster-shard-00-00.oq0ij.mongodb.net 
2025-07-03T06:26:50.841Z [ERROR]: MongoDB Connection Error: {"error":"querySrv ETIMEOUT _mongodb._tcp.obaol-cluster.oq0ij.mongodb.net"}
2025-07-03T07:41:37.974Z [INFO]: MongoDB Connected: obaol-cluster-shard-00-00.oq0ij.mongodb.net 
2025-07-03T14:33:07.911Z [INFO]: MongoDB Connected: obaol-cluster-shard-00-00.oq0ij.mongodb.net 
2025-07-03T16:01:58.993Z [INFO]: MongoDB Connected: obaol-cluster-shard-00-00.oq0ij.mongodb.net 
2025-07-03T16:01:58.993Z [INFO]: MongoDB Connected: obaol-cluster-shard-00-00.oq0ij.mongodb.net 
2025-07-03T16:03:09.460Z [INFO]: MongoDB Connected: obaol-cluster-shard-00-00.oq0ij.mongodb.net 
2025-07-04T04:35:48.687Z [INFO]: MongoDB Connected: obaol-cluster-shard-00-00.oq0ij.mongodb.net 
2025-07-04T05:19:23.259Z [INFO]: MongoDB Connected: obaol-cluster-shard-00-00.oq0ij.mongodb.net 
2025-07-08T05:43:37.526Z [ERROR]: MongoDB Connection Error: {"error":"querySrv ETIMEOUT _mongodb._tcp.obaol-cluster.oq0ij.mongodb.net"}
2025-07-08T06:08:26.374Z [INFO]: MongoDB Connected: obaol-cluster-shard-00-02.oq0ij.mongodb.net 
2025-07-08T07:56:29.400Z [INFO]: MongoDB Connected: obaol-cluster-shard-00-00.oq0ij.mongodb.net 
2025-07-08T07:59:17.876Z [INFO]: MongoDB Connected: obaol-cluster-shard-00-00.oq0ij.mongodb.net 
2025-07-08T08:01:52.066Z [INFO]: MongoDB Connected: obaol-cluster-shard-00-00.oq0ij.mongodb.net 
2025-07-08T08:02:51.236Z [INFO]: MongoDB Connected: obaol-cluster-shard-00-02.oq0ij.mongodb.net 
2025-07-08T11:41:56.983Z [INFO]: MongoDB Connected: obaol-cluster-shard-00-02.oq0ij.mongodb.net 
2025-07-08T11:46:42.775Z [INFO]: MongoDB Connected: obaol-cluster-shard-00-00.oq0ij.mongodb.net 
2025-07-08T12:10:46.323Z [INFO]: MongoDB Connected: obaol-cluster-shard-00-00.oq0ij.mongodb.net 
2025-07-08T12:11:51.373Z [INFO]: MongoDB Connected: obaol-cluster-shard-00-00.oq0ij.mongodb.net 
2025-07-08T12:27:44.484Z [INFO]: MongoDB Connected: obaol-cluster-shard-00-00.oq0ij.mongodb.net 
2025-07-08T12:29:43.846Z [INFO]: MongoDB Connected: obaol-cluster-shard-00-00.oq0ij.mongodb.net 
2025-07-08T14:12:55.866Z [INFO]: MongoDB Connected: obaol-cluster-shard-00-00.oq0ij.mongodb.net 
2025-07-08T14:14:44.927Z [INFO]: MongoDB Connected: obaol-cluster-shard-00-00.oq0ij.mongodb.net 
2025-07-08T14:17:22.094Z [INFO]: MongoDB Connected: obaol-cluster-shard-00-00.oq0ij.mongodb.net 
2025-07-08T14:17:44.626Z [INFO]: MongoDB Connected: obaol-cluster-shard-00-02.oq0ij.mongodb.net 
2025-08-08T07:24:51.887Z [INFO]: MongoDB Connected: obaol-cluster-shard-00-01.oq0ij.mongodb.net 
2025-08-15T06:26:21.409Z [INFO]: MongoDB Connected: obaol-cluster-shard-00-00.oq0ij.mongodb.net 
2025-08-22T05:09:53.490Z [INFO]: MongoDB Connected: obaol-cluster-shard-00-00.oq0ij.mongodb.net 
2025-08-22T12:59:38.055Z [INFO]: MongoDB Connected: obaol-cluster-shard-00-00.oq0ij.mongodb.net 
2025-08-23T04:51:26.657Z [INFO]: MongoDB Connected: obaol-cluster-shard-00-00.oq0ij.mongodb.net 
2025-08-23T13:30:49.860Z [INFO]: MongoDB Connected: obaol-cluster-shard-00-00.oq0ij.mongodb.net 
2025-08-23T13:35:16.628Z [INFO]: MongoDB Connected: obaol-cluster-shard-00-00.oq0ij.mongodb.net 
2025-08-23T14:26:31.718Z [INFO]: MongoDB Connected: obaol-cluster-shard-00-00.oq0ij.mongodb.net 
2025-08-23T14:27:35.689Z [INFO]: MongoDB Connected: obaol-cluster-shard-00-00.oq0ij.mongodb.net 
2025-08-23T14:46:38.812Z [INFO]: MongoDB Connected: obaol-cluster-shard-00-00.oq0ij.mongodb.net 
2025-08-24T11:10:22.701Z [INFO]: MongoDB Connected: obaol-cluster-shard-00-00.oq0ij.mongodb.net 
2025-08-24T11:18:20.346Z [INFO]: MongoDB Connected: obaol-cluster-shard-00-00.oq0ij.mongodb.net 
2025-08-24T11:19:23.584Z [INFO]: MongoDB Connected: obaol-cluster-shard-00-00.oq0ij.mongodb.net 
2025-08-24T11:21:12.873Z [INFO]: MongoDB Connected: obaol-cluster-shard-00-00.oq0ij.mongodb.net 
2025-08-24T11:24:37.149Z [INFO]: MongoDB Connected: obaol-cluster-shard-00-00.oq0ij.mongodb.net 
2025-08-24T11:25:43.753Z [INFO]: MongoDB Connected: obaol-cluster-shard-00-00.oq0ij.mongodb.net 
2025-08-24T11:26:53.866Z [INFO]: MongoDB Connected: obaol-cluster-shard-00-00.oq0ij.mongodb.net 
2025-08-24T13:34:51.308Z [INFO]: MongoDB Connected: obaol-cluster-shard-00-00.oq0ij.mongodb.net 
2025-08-24T13:37:29.849Z [INFO]: MongoDB Connected: obaol-cluster-shard-00-00.oq0ij.mongodb.net 
2025-08-24T13:40:48.753Z [INFO]: MongoDB Connected: obaol-cluster-shard-00-00.oq0ij.mongodb.net 
2025-08-24T13:41:20.923Z [INFO]: MongoDB Connected: obaol-cluster-shard-00-02.oq0ij.mongodb.net 
2025-08-24T13:41:43.537Z [INFO]: MongoDB Connected: obaol-cluster-shard-00-01.oq0ij.mongodb.net 
2025-08-24T13:43:36.725Z [INFO]: MongoDB Connected: obaol-cluster-shard-00-00.oq0ij.mongodb.net 
2025-08-24T16:32:02.672Z [INFO]: MongoDB Connected: obaol-cluster-shard-00-00.oq0ij.mongodb.net 
2025-08-25T13:32:16.165Z [INFO]: MongoDB Connected: obaol-cluster-shard-00-00.oq0ij.mongodb.net 
2025-08-26T04:04:23.084Z [INFO]: MongoDB Connected: obaol-cluster-shard-00-00.oq0ij.mongodb.net 
2025-08-27T13:23:12.636Z [INFO]: MongoDB Connected: obaol-cluster-shard-00-00.oq0ij.mongodb.net 
2025-08-28T03:43:34.519Z [INFO]: MongoDB Connected: obaol-cluster-shard-00-00.oq0ij.mongodb.net 
2025-08-28T05:09:47.489Z [INFO]: MongoDB Connected: obaol-cluster-shard-00-00.oq0ij.mongodb.net 
2025-08-28T05:10:00.301Z [INFO]: MongoDB Connected: obaol-cluster-shard-00-02.oq0ij.mongodb.net 
2025-08-28T05:10:56.293Z [INFO]: MongoDB Connected: obaol-cluster-shard-00-00.oq0ij.mongodb.net 
2025-08-28T05:11:37.269Z [INFO]: MongoDB Connected: obaol-cluster-shard-00-02.oq0ij.mongodb.net 
2025-08-28T05:11:58.370Z [INFO]: MongoDB Connected: obaol-cluster-shard-00-00.oq0ij.mongodb.net 
2025-08-28T05:13:07.878Z [INFO]: MongoDB Connected: obaol-cluster-shard-00-00.oq0ij.mongodb.net 
2025-08-28T05:13:24.298Z [INFO]: MongoDB Connected: obaol-cluster-shard-00-02.oq0ij.mongodb.net 
2025-08-28T05:14:16.698Z [INFO]: MongoDB Connected: obaol-cluster-shard-00-00.oq0ij.mongodb.net 
2025-08-28T05:14:56.210Z [INFO]: MongoDB Connected: obaol-cluster-shard-00-02.oq0ij.mongodb.net 
2025-08-28T05:15:13.997Z [INFO]: MongoDB Connected: obaol-cluster-shard-00-00.oq0ij.mongodb.net 
2025-08-28T05:16:03.795Z [INFO]: MongoDB Connected: obaol-cluster-shard-00-00.oq0ij.mongodb.net 
2025-08-28T05:16:18.509Z [INFO]: MongoDB Connected: obaol-cluster-shard-00-02.oq0ij.mongodb.net 
2025-08-28T05:16:49.987Z [INFO]: MongoDB Connected: obaol-cluster-shard-00-00.oq0ij.mongodb.net 
2025-08-28T05:19:04.252Z [INFO]: MongoDB Connected: obaol-cluster-shard-00-00.oq0ij.mongodb.net 
2025-08-28T05:19:44.202Z [INFO]: MongoDB Connected: obaol-cluster-shard-00-02.oq0ij.mongodb.net 
2025-08-28T05:21:19.087Z [INFO]: MongoDB Connected: obaol-cluster-shard-00-00.oq0ij.mongodb.net 
2025-08-28T05:22:11.619Z [INFO]: MongoDB Connected: obaol-cluster-shard-00-02.oq0ij.mongodb.net 
2025-08-28T06:34:24.652Z [INFO]: MongoDB Connected: obaol-cluster-shard-00-00.oq0ij.mongodb.net 
2025-08-28T06:36:13.334Z [INFO]: MongoDB Connected: obaol-cluster-shard-00-00.oq0ij.mongodb.net 
2025-08-28T06:36:29.927Z [INFO]: MongoDB Connected: obaol-cluster-shard-00-02.oq0ij.mongodb.net 
2025-08-28T06:37:02.050Z [INFO]: MongoDB Connected: obaol-cluster-shard-00-00.oq0ij.mongodb.net 
2025-08-28T06:38:39.249Z [INFO]: MongoDB Connected: obaol-cluster-shard-00-00.oq0ij.mongodb.net 
2025-08-28T06:40:24.441Z [INFO]: MongoDB Connected: obaol-cluster-shard-00-00.oq0ij.mongodb.net 
2025-08-28T06:41:36.219Z [INFO]: MongoDB Connected: obaol-cluster-shard-00-00.oq0ij.mongodb.net 
2025-08-28T06:42:10.153Z [INFO]: MongoDB Connected: obaol-cluster-shard-00-02.oq0ij.mongodb.net 
2025-08-28T06:47:57.467Z [INFO]: MongoDB Connected: obaol-cluster-shard-00-00.oq0ij.mongodb.net 
2025-08-28T06:50:53.623Z [INFO]: MongoDB Connected: obaol-cluster-shard-00-00.oq0ij.mongodb.net 
2025-08-28T06:55:26.674Z [ERROR]: MongoDB Connection Error: {"error":"querySrv ETIMEOUT _mongodb._tcp.obaol-cluster.oq0ij.mongodb.net"}
2025-08-28T06:56:23.949Z [ERROR]: MongoDB Connection Error: {"error":"querySrv ETIMEOUT _mongodb._tcp.obaol-cluster.oq0ij.mongodb.net"}
2025-08-28T06:57:11.837Z [ERROR]: MongoDB Connection Error: {"error":"querySrv ETIMEOUT _mongodb._tcp.obaol-cluster.oq0ij.mongodb.net"}
2025-08-28T06:57:41.429Z [ERROR]: MongoDB Connection Error: {"error":"querySrv ETIMEOUT _mongodb._tcp.obaol-cluster.oq0ij.mongodb.net"}
2025-08-28T07:10:29.135Z [INFO]: MongoDB Connected: obaol-cluster-shard-00-00.oq0ij.mongodb.net 
2025-08-28T07:26:32.006Z [INFO]: MongoDB Connected: obaol-cluster-shard-00-00.oq0ij.mongodb.net 
2025-08-28T07:29:03.780Z [INFO]: MongoDB Connected: obaol-cluster-shard-00-00.oq0ij.mongodb.net 
2025-08-28T07:29:53.879Z [INFO]: MongoDB Connected: obaol-cluster-shard-00-02.oq0ij.mongodb.net 
2025-08-28T07:34:53.933Z [ERROR]: MongoDB Connection Error: {"error":"querySrv ETIMEOUT _mongodb._tcp.obaol-cluster.oq0ij.mongodb.net"}
2025-08-28T07:37:11.460Z [ERROR]: MongoDB Connection Error: {"error":"querySrv ETIMEOUT _mongodb._tcp.obaol-cluster.oq0ij.mongodb.net"}
2025-08-28T07:37:46.630Z [ERROR]: MongoDB Connection Error: {"error":"querySrv ETIMEOUT _mongodb._tcp.obaol-cluster.oq0ij.mongodb.net"}
2025-08-28T07:38:04.159Z [ERROR]: MongoDB Connection Error: {"error":"querySrv ETIMEOUT _mongodb._tcp.obaol-cluster.oq0ij.mongodb.net"}
2025-08-28T07:41:42.591Z [ERROR]: MongoDB Connection Error: {"error":"querySrv ETIMEOUT _mongodb._tcp.obaol-cluster.oq0ij.mongodb.net"}
2025-08-28T07:43:17.613Z [INFO]: MongoDB Connected: obaol-cluster-shard-00-00.oq0ij.mongodb.net 
2025-08-28T07:44:11.165Z [INFO]: MongoDB Connected: obaol-cluster-shard-00-02.oq0ij.mongodb.net 
2025-08-28T07:45:15.513Z [INFO]: MongoDB Connected: obaol-cluster-shard-00-00.oq0ij.mongodb.net 
2025-08-28T07:56:48.157Z [INFO]: MongoDB Connected: obaol-cluster-shard-00-00.oq0ij.mongodb.net 
2025-08-28T07:58:53.692Z [INFO]: MongoDB Connected: obaol-cluster-shard-00-00.oq0ij.mongodb.net 
2025-08-28T08:01:09.120Z [INFO]: MongoDB Connected: obaol-cluster-shard-00-00.oq0ij.mongodb.net 
2025-08-28T08:50:13.549Z [ERROR]: MongoDB Connection Error: {"error":"querySrv ETIMEOUT _mongodb._tcp.obaol-cluster.oq0ij.mongodb.net"}
2025-08-28T08:51:11.792Z [ERROR]: MongoDB Connection Error: {"error":"querySrv ETIMEOUT _mongodb._tcp.obaol-cluster.oq0ij.mongodb.net"}
2025-08-28T08:53:06.302Z [INFO]: MongoDB Connected: obaol-cluster-shard-00-00.oq0ij.mongodb.net 
2025-08-28T09:04:19.180Z [ERROR]: MongoDB Connection Error: {"error":"querySrv ETIMEOUT _mongodb._tcp.obaol-cluster.oq0ij.mongodb.net"}
2025-08-28T09:06:56.324Z [INFO]: MongoDB Connected: obaol-cluster-shard-00-00.oq0ij.mongodb.net 
2025-08-28T09:09:37.605Z [INFO]: MongoDB Connected: obaol-cluster-shard-00-00.oq0ij.mongodb.net 
2025-08-28T09:09:57.122Z [INFO]: MongoDB Connected: obaol-cluster-shard-00-02.oq0ij.mongodb.net 
2025-08-28T09:10:11.291Z [INFO]: MongoDB Connected: obaol-cluster-shard-00-00.oq0ij.mongodb.net 
2025-08-28T09:11:38.205Z [INFO]: MongoDB Connected: obaol-cluster-shard-00-02.oq0ij.mongodb.net 
2025-08-28T09:13:37.810Z [INFO]: MongoDB Connected: obaol-cluster-shard-00-00.oq0ij.mongodb.net 
2025-08-28T09:14:29.332Z [INFO]: MongoDB Connected: obaol-cluster-shard-00-02.oq0ij.mongodb.net 
2025-08-28T09:15:13.822Z [INFO]: MongoDB Connected: obaol-cluster-shard-00-00.oq0ij.mongodb.net 
2025-08-28T09:15:53.368Z [INFO]: MongoDB Connected: obaol-cluster-shard-00-00.oq0ij.mongodb.net 
2025-08-28T09:16:36.582Z [INFO]: MongoDB Connected: obaol-cluster-shard-00-00.oq0ij.mongodb.net 
2025-08-28T09:17:31.255Z [INFO]: MongoDB Connected: obaol-cluster-shard-00-02.oq0ij.mongodb.net 
2025-08-28T09:17:58.233Z [INFO]: MongoDB Connected: obaol-cluster-shard-00-00.oq0ij.mongodb.net 
2025-08-28T09:19:13.996Z [INFO]: MongoDB Connected: obaol-cluster-shard-00-00.oq0ij.mongodb.net 
2025-08-28T09:40:00.739Z [INFO]: MongoDB Connected: obaol-cluster-shard-00-00.oq0ij.mongodb.net 
2025-08-28T09:41:30.778Z [INFO]: MongoDB Connected: obaol-cluster-shard-00-00.oq0ij.mongodb.net 
2025-08-28T09:43:20.612Z [INFO]: MongoDB Connected: obaol-cluster-shard-00-00.oq0ij.mongodb.net 
2025-08-28T09:55:34.874Z [INFO]: MongoDB Connected: obaol-cluster-shard-00-00.oq0ij.mongodb.net 
2025-08-28T09:56:09.998Z [INFO]: MongoDB Connected: obaol-cluster-shard-00-02.oq0ij.mongodb.net 
2025-08-28T11:58:38.778Z [ERROR]: MongoDB Connection Error: {"error":"queryTxt ETIMEOUT obaol-cluster.oq0ij.mongodb.net"}
2025-08-28T13:54:54.136Z [ERROR]: MongoDB Connection Error: {"error":"querySrv ETIMEOUT _mongodb._tcp.obaol-cluster.oq0ij.mongodb.net"}
2025-08-28T14:00:31.117Z [INFO]: MongoDB Connected: obaol-cluster-shard-00-00.oq0ij.mongodb.net 
2025-08-28T14:12:24.232Z [INFO]: MongoDB Connected: obaol-cluster-shard-00-00.oq0ij.mongodb.net 
2025-08-28T14:13:48.168Z [INFO]: MongoDB Connected: obaol-cluster-shard-00-00.oq0ij.mongodb.net 
2025-08-28T14:14:08.010Z [INFO]: MongoDB Connected: obaol-cluster-shard-00-02.oq0ij.mongodb.net 
2025-08-28T14:15:31.849Z [INFO]: MongoDB Connected: obaol-cluster-shard-00-00.oq0ij.mongodb.net 
2025-08-28T15:30:09.596Z [INFO]: MongoDB Connected: obaol-cluster-shard-00-00.oq0ij.mongodb.net 
2025-08-28T15:30:38.668Z [INFO]: MongoDB Connected: obaol-cluster-shard-00-02.oq0ij.mongodb.net 
2025-08-28T15:50:40.305Z [INFO]: MongoDB Connected: obaol-cluster-shard-00-00.oq0ij.mongodb.net 
2025-08-28T15:51:11.115Z [INFO]: MongoDB Connected: obaol-cluster-shard-00-02.oq0ij.mongodb.net 
2025-08-28T16:56:20.155Z [INFO]: MongoDB Connected: obaol-cluster-shard-00-00.oq0ij.mongodb.net 
2025-08-28T16:57:24.466Z [INFO]: MongoDB Connected: obaol-cluster-shard-00-00.oq0ij.mongodb.net 
2025-08-29T04:26:40.614Z [INFO]: MongoDB Connected: obaol-cluster-shard-00-00.oq0ij.mongodb.net 
2025-08-30T06:05:32.331Z [INFO]: MongoDB Connected: obaol-cluster-shard-00-00.oq0ij.mongodb.net 
2025-08-30T18:22:50.616Z [INFO]: MongoDB Connected: obaol-cluster-shard-00-02.oq0ij.mongodb.net 
2025-08-30T19:08:27.432Z [INFO]: MongoDB Connected: obaol-cluster-shard-00-01.oq0ij.mongodb.net 
2025-08-30T19:56:25.678Z [INFO]: MongoDB Connected: obaol-cluster-shard-00-00.oq0ij.mongodb.net 
2025-08-30T19:57:38.966Z [INFO]: MongoDB Connected: obaol-cluster-shard-00-00.oq0ij.mongodb.net 
2025-08-30T20:00:32.634Z [INFO]: MongoDB Connected: obaol-cluster-shard-00-00.oq0ij.mongodb.net 
2025-08-31T09:29:27.630Z [INFO]: MongoDB Connected: obaol-cluster-shard-00-01.oq0ij.mongodb.net 
2025-09-01T07:59:04.388Z [INFO]: MongoDB Connected: obaol-cluster-shard-00-01.oq0ij.mongodb.net 
2025-09-10T03:40:51.256Z [INFO]: MongoDB Connected: obaol-cluster-shard-00-00.oq0ij.mongodb.net 
2025-09-11T09:42:21.545Z [INFO]: MongoDB Connected: obaol-cluster-shard-00-01.oq0ij.mongodb.net 
2025-09-13T09:37:39.196Z [INFO]: MongoDB Connected: obaol-cluster-shard-00-00.oq0ij.mongodb.net 
2025-09-13T16:13:37.426Z [INFO]: MongoDB Connected: obaol-cluster-shard-00-01.oq0ij.mongodb.net 
2025-09-13T18:53:19.468Z [INFO]: MongoDB Connected: obaol-cluster-shard-00-01.oq0ij.mongodb.net 
2025-09-13T19:28:16.990Z [INFO]: MongoDB Connected: obaol-cluster-shard-00-00.oq0ij.mongodb.net 
2025-09-13T19:29:28.264Z [INFO]: MongoDB Connected: obaol-cluster-shard-00-02.oq0ij.mongodb.net 
2025-09-13T19:31:18.018Z [INFO]: MongoDB Connected: obaol-cluster-shard-00-01.oq0ij.mongodb.net 
2025-09-13T19:34:51.728Z [INFO]: MongoDB Connected: obaol-cluster-shard-00-01.oq0ij.mongodb.net 
2025-10-05T07:50:12.778Z [INFO]: MongoDB Connected: obaol-cluster-shard-00-02.oq0ij.mongodb.net 
2025-10-08T17:23:55.557Z [INFO]: MongoDB Connected: obaol-cluster-shard-00-01.oq0ij.mongodb.net 
2025-10-10T06:45:42.765Z [INFO]: MongoDB Connected: obaol-cluster-shard-00-00.oq0ij.mongodb.net 
2025-10-10T06:48:59.057Z [INFO]: MongoDB Connected: obaol-cluster-shard-00-01.oq0ij.mongodb.net 
2025-12-02T17:52:08.377Z [ERROR]: MongoDB Connection Error: {"error":"querySrv ENOTFOUND _mongodb._tcp.obaol-cluster.oq0ij.mongodb.net"}
2025-12-02T18:00:24.920Z [INFO]: MongoDB Connected: obaol-cluster-shard-00-00.oq0ij.mongodb.net 
2026-01-21T07:21:33.482Z [INFO]: MongoDB Connected: obaol-cluster-shard-00-00.oq0ij.mongodb.net 
2026-01-24T11:51:44.480Z [INFO]: MongoDB Connected: obaol-cluster-shard-00-00.oq0ij.mongodb.net 
2026-01-24T11:56:48.624Z [INFO]: MongoDB Connected: obaol-cluster-shard-00-00.oq0ij.mongodb.net 
2026-01-24T11:58:31.191Z [INFO]: MongoDB Connected: obaol-cluster-shard-00-01.oq0ij.mongodb.net 
2026-01-24T11:58:50.518Z [INFO]: MongoDB Connected: obaol-cluster-shard-00-01.oq0ij.mongodb.net 
2026-01-24T12:01:17.078Z [INFO]: MongoDB Connected: obaol-cluster-shard-00-00.oq0ij.mongodb.net 
2026-01-24T12:02:05.542Z [INFO]: MongoDB Connected: obaol-cluster-shard-00-01.oq0ij.mongodb.net 
2026-01-24T12:02:09.777Z [INFO]: MongoDB Connected: obaol-cluster-shard-00-02.oq0ij.mongodb.net 
2026-01-24T12:02:20.510Z [INFO]: MongoDB Connected: obaol-cluster-shard-00-00.oq0ij.mongodb.net 
2026-01-24T12:02:25.935Z [INFO]: MongoDB Connected: obaol-cluster-shard-00-02.oq0ij.mongodb.net 
2026-01-24T12:06:32.724Z [INFO]: MongoDB Connected: obaol-cluster-shard-00-02.oq0ij.mongodb.net 
2026-01-24T12:06:40.625Z [INFO]: MongoDB Connected: obaol-cluster-shard-00-02.oq0ij.mongodb.net 
2026-01-24T13:09:22.779Z [INFO]: MongoDB Connected: obaol-cluster-shard-00-02.oq0ij.mongodb.net 
2026-01-24T13:09:26.989Z [INFO]: MongoDB Connected: obaol-cluster-shard-00-01.oq0ij.mongodb.net 
2026-01-24T13:11:58.951Z [INFO]: MongoDB Connected: obaol-cluster-shard-00-02.oq0ij.mongodb.net 
2026-01-24T13:12:46.005Z [INFO]: MongoDB Connected: obaol-cluster-shard-00-00.oq0ij.mongodb.net 
2026-01-24T13:12:58.311Z [INFO]: MongoDB Connected: obaol-cluster-shard-00-02.oq0ij.mongodb.net 
2026-01-24T13:13:02.647Z [INFO]: MongoDB Connected: obaol-cluster-shard-00-01.oq0ij.mongodb.net 
2026-01-24T13:13:11.771Z [INFO]: MongoDB Connected: obaol-cluster-shard-00-00.oq0ij.mongodb.net 
2026-01-24T13:14:39.571Z [INFO]: MongoDB Connected: obaol-cluster-shard-00-00.oq0ij.mongodb.net 
2026-02-08T04:20:25.540Z [INFO]: MongoDB Connected: obaol-cluster-shard-00-02.oq0ij.mongodb.net 
2026-02-08T07:20:57.653Z [INFO]: MongoDB Connected: obaol-cluster-shard-00-00.oq0ij.mongodb.net 
2026-02-08T07:21:10.754Z [INFO]: MongoDB Connected: obaol-cluster-shard-00-02.oq0ij.mongodb.net 
2026-02-08T07:21:26.004Z [INFO]: MongoDB Connected: obaol-cluster-shard-00-01.oq0ij.mongodb.net 
2026-02-08T07:25:12.140Z [INFO]: MongoDB Connected: obaol-cluster-shard-00-00.oq0ij.mongodb.net 
2026-02-08T07:25:27.771Z [INFO]: MongoDB Connected: obaol-cluster-shard-00-02.oq0ij.mongodb.net 
2026-02-08T07:25:36.923Z [INFO]: MongoDB Connected: obaol-cluster-shard-00-00.oq0ij.mongodb.net 
2026-02-08T07:41:10.715Z [INFO]: MongoDB Connected: obaol-cluster-shard-00-01.oq0ij.mongodb.net 
2026-02-08T07:41:16.221Z [INFO]: MongoDB Connected: obaol-cluster-shard-00-02.oq0ij.mongodb.net 
2026-02-08T07:41:47.438Z [INFO]: MongoDB Connected: obaol-cluster-shard-00-01.oq0ij.mongodb.net 
2026-02-08T07:42:22.661Z [INFO]: MongoDB Connected: obaol-cluster-shard-00-02.oq0ij.mongodb.net 
2026-02-08T07:42:34.832Z [INFO]: MongoDB Connected: obaol-cluster-shard-00-00.oq0ij.mongodb.net 
2026-02-08T08:05:34.274Z [INFO]: MongoDB Connected: obaol-cluster-shard-00-01.oq0ij.mongodb.net 
2026-02-08T08:16:46.002Z [INFO]: MongoDB Connected: obaol-cluster-shard-00-00.oq0ij.mongodb.net 
2026-02-08T08:35:40.445Z [INFO]: MongoDB Connected: obaol-cluster-shard-00-00.oq0ij.mongodb.net 
2026-02-08T08:36:16.267Z [INFO]: MongoDB Connected: obaol-cluster-shard-00-00.oq0ij.mongodb.net 
2026-02-08T09:03:25.211Z [INFO]: MongoDB Connected: obaol-cluster-shard-00-02.oq0ij.mongodb.net 
2026-02-08T09:03:36.862Z [INFO]: MongoDB Connected: obaol-cluster-shard-00-02.oq0ij.mongodb.net 
2026-02-08T09:03:51.522Z [INFO]: MongoDB Connected: obaol-cluster-shard-00-02.oq0ij.mongodb.net 
2026-02-08T09:04:10.401Z [INFO]: MongoDB Connected: obaol-cluster-shard-00-01.oq0ij.mongodb.net 
2026-02-08T09:04:27.205Z [INFO]: MongoDB Connected: obaol-cluster-shard-00-02.oq0ij.mongodb.net 
2026-02-08T09:12:44.633Z [ERROR]: MongoDB Connection Error: {"error":"querySrv EREFUSED _mongodb._tcp.obaol-cluster.oq0ij.mongodb.net"}
2026-02-08T09:32:17.124Z [INFO]: MongoDB Connected: obaol-cluster-shard-00-02.oq0ij.mongodb.net 
2026-02-08T09:32:41.603Z [INFO]: MongoDB Connected: obaol-cluster-shard-00-01.oq0ij.mongodb.net 
2026-02-08T09:32:55.578Z [INFO]: MongoDB Connected: obaol-cluster-shard-00-00.oq0ij.mongodb.net 
2026-02-08T09:35:25.971Z [INFO]: MongoDB Connected: obaol-cluster-shard-00-01.oq0ij.mongodb.net 
2026-02-08T09:35:30.170Z [INFO]: MongoDB Connected: obaol-cluster-shard-00-00.oq0ij.mongodb.net 
2026-02-08T09:49:23.016Z [INFO]: MongoDB Connected: obaol-cluster-shard-00-02.oq0ij.mongodb.net 
2026-02-08T10:07:29.565Z [INFO]: MongoDB Connected: obaol-cluster-shard-00-01.oq0ij.mongodb.net 
2026-02-09T06:17:35.497Z [INFO]: MongoDB Connected: obaol-cluster-shard-00-00.oq0ij.mongodb.net 
2026-02-09T06:17:44.312Z [INFO]: MongoDB Connected: obaol-cluster-shard-00-02.oq0ij.mongodb.net 
2026-02-09T07:44:20.298Z [INFO]: MongoDB Connected: obaol-cluster-shard-00-01.oq0ij.mongodb.net 
2026-02-09T10:13:13.782Z [INFO]: MongoDB Connected: obaol-cluster-shard-00-02.oq0ij.mongodb.net 
2026-02-09T12:43:44.975Z [INFO]: MongoDB Connected: obaol-cluster-shard-00-00.oq0ij.mongodb.net 
2026-02-09T12:56:27.312Z [INFO]: MongoDB Connected: obaol-cluster-shard-00-02.oq0ij.mongodb.net 
2026-02-09T13:05:55.263Z [INFO]: MongoDB Connected: obaol-cluster-shard-00-00.oq0ij.mongodb.net 
2026-02-09T13:09:40.601Z [INFO]: MongoDB Connected: obaol-cluster-shard-00-02.oq0ij.mongodb.net 
2026-02-09T14:11:22.474Z [INFO]: MongoDB Connected: obaol-cluster-shard-00-02.oq0ij.mongodb.net 
2026-02-09T14:11:52.819Z [INFO]: MongoDB Connected: obaol-cluster-shard-00-01.oq0ij.mongodb.net 
2026-02-09T14:20:58.290Z [INFO]: MongoDB Connected: obaol-cluster-shard-00-00.oq0ij.mongodb.net 
2026-02-09T17:07:06.823Z [INFO]: MongoDB Connected: obaol-cluster-shard-00-00.oq0ij.mongodb.net 
2026-02-09T17:07:32.562Z [INFO]: MongoDB Connected: obaol-cluster-shard-00-02.oq0ij.mongodb.net 
2026-02-09T17:08:05.578Z [INFO]: MongoDB Connected: obaol-cluster-shard-00-01.oq0ij.mongodb.net 
2026-02-09T17:08:16.661Z [INFO]: MongoDB Connected: obaol-cluster-shard-00-02.oq0ij.mongodb.net 
2026-02-09T18:14:41.618Z [INFO]: MongoDB Connected: obaol-cluster-shard-00-00.oq0ij.mongodb.net 
2026-02-09T18:15:29.462Z [INFO]: MongoDB Connected: obaol-cluster-shard-00-01.oq0ij.mongodb.net 
2026-02-09T18:30:00.920Z [INFO]: Running daily variant rate reset cron job... 
2026-02-09T18:30:01.017Z [INFO]: Successfully offlined 46 variant rates. 
2026-02-10T03:00:52.856Z [INFO]: MongoDB Connected: obaol-cluster-shard-00-00.oq0ij.mongodb.net 
2026-02-10T05:49:24.366Z [INFO]: MongoDB Connected: obaol-cluster-shard-00-02.oq0ij.mongodb.net 
2026-02-10T06:21:17.096Z [INFO]: MongoDB Connected: obaol-cluster-shard-00-01.oq0ij.mongodb.net 
2026-02-10T07:39:08.929Z [INFO]: MongoDB Connected: obaol-cluster-shard-00-02.oq0ij.mongodb.net 
2026-02-10T09:41:15.255Z [INFO]: MongoDB Connected: obaol-cluster-shard-00-01.oq0ij.mongodb.net 
2026-02-10T09:41:26.318Z [INFO]: MongoDB Connected: obaol-cluster-shard-00-00.oq0ij.mongodb.net 
2026-02-10T09:41:53.053Z [INFO]: MongoDB Connected: obaol-cluster-shard-00-02.oq0ij.mongodb.net 
2026-02-10T09:42:06.044Z [INFO]: MongoDB Connected: obaol-cluster-shard-00-00.oq0ij.mongodb.net 
2026-02-10T09:42:28.983Z [INFO]: MongoDB Connected: obaol-cluster-shard-00-02.oq0ij.mongodb.net 
2026-02-10T09:44:02.044Z [INFO]: MongoDB Connected: obaol-cluster-shard-00-01.oq0ij.mongodb.net 
2026-02-10T10:09:54.966Z [INFO]: MongoDB Connected: obaol-cluster-shard-00-02.oq0ij.mongodb.net 
2026-02-10T10:22:51.875Z [INFO]: MongoDB Connected: obaol-cluster-shard-00-02.oq0ij.mongodb.net 
2026-02-10T10:23:35.410Z [INFO]: MongoDB Connected: obaol-cluster-shard-00-00.oq0ij.mongodb.net 
2026-02-10T10:23:53.110Z [INFO]: MongoDB Connected: obaol-cluster-shard-00-02.oq0ij.mongodb.net 
2026-02-10T10:50:19.529Z [INFO]: MongoDB Connected: obaol-cluster-shard-00-02.oq0ij.mongodb.net 
2026-02-10T10:51:03.741Z [INFO]: MongoDB Connected: obaol-cluster-shard-00-01.oq0ij.mongodb.net 
2026-02-10T10:51:14.695Z [INFO]: MongoDB Connected: obaol-cluster-shard-00-00.oq0ij.mongodb.net 
2026-02-10T10:52:30.289Z [INFO]: MongoDB Connected: obaol-cluster-shard-00-00.oq0ij.mongodb.net 
2026-02-10T12:30:16.600Z [INFO]: MongoDB Connected: obaol-cluster-shard-00-01.oq0ij.mongodb.net 
2026-02-10T12:33:10.809Z [INFO]: MongoDB Connected: obaol-cluster-shard-00-01.oq0ij.mongodb.net 
2026-02-10T12:33:42.009Z [INFO]: MongoDB Connected: obaol-cluster-shard-00-02.oq0ij.mongodb.net 
2026-02-10T13:24:48.586Z [INFO]: MongoDB Connected: obaol-cluster-shard-00-02.oq0ij.mongodb.net 
2026-02-10T15:17:05.845Z [INFO]: MongoDB Connected: obaol-cluster-shard-00-00.oq0ij.mongodb.net 
2026-02-11T12:54:22.560Z [INFO]: MongoDB Connected: obaol-cluster-shard-00-02.oq0ij.mongodb.net 
2026-02-11T13:12:53.311Z [INFO]: MongoDB Connected: obaol-cluster-shard-00-00.oq0ij.mongodb.net 
2026-02-11T18:06:02.636Z [INFO]: MongoDB Connected: obaol-cluster-shard-00-02.oq0ij.mongodb.net 
2026-02-11T18:06:49.594Z [INFO]: MongoDB Connected: obaol-cluster-shard-00-01.oq0ij.mongodb.net 
2026-02-11T18:30:00.232Z [INFO]: Running daily variant rate reset cron job... 
2026-02-11T18:30:00.331Z [INFO]: Successfully offlined 0 variant rates. 
2026-02-12T04:02:51.234Z [INFO]: MongoDB Connected: obaol-cluster-shard-00-00.oq0ij.mongodb.net 
2026-02-12T05:53:22.960Z [INFO]: MongoDB Connected: obaol-cluster-shard-00-00.oq0ij.mongodb.net 
2026-02-12T15:43:24.620Z [INFO]: MongoDB Connected: obaol-cluster-shard-00-01.oq0ij.mongodb.net 
2026-02-12T16:02:07.277Z [INFO]: MongoDB Connected: obaol-cluster-shard-00-00.oq0ij.mongodb.net 
2026-02-12T18:30:00.418Z [INFO]: Running daily variant rate reset cron job... 
2026-02-12T18:30:00.575Z [INFO]: Successfully offlined 0 variant rates. 
2026-02-12T20:52:01.005Z [INFO]: MongoDB Connected: obaol-cluster-shard-00-01.oq0ij.mongodb.net 
2026-02-13T03:00:57.392Z [INFO]: MongoDB Connected: obaol-cluster-shard-00-01.oq0ij.mongodb.net 
2026-02-13T03:37:39.838Z [INFO]: MongoDB Connected: obaol-cluster-shard-00-02.oq0ij.mongodb.net 
2026-02-13T03:39:39.316Z [INFO]: MongoDB Connected: obaol-cluster-shard-00-00.oq0ij.mongodb.net 
2026-02-13T03:39:51.294Z [INFO]: MongoDB Connected: obaol-cluster-shard-00-02.oq0ij.mongodb.net 
2026-02-13T03:43:54.118Z [INFO]: MongoDB Connected: obaol-cluster-shard-00-00.oq0ij.mongodb.net 
2026-02-13T07:32:58.254Z [INFO]: MongoDB Connected: obaol-cluster-shard-00-02.oq0ij.mongodb.net 
2026-02-13T07:57:03.676Z [INFO]: MongoDB Connected: obaol-cluster-shard-00-02.oq0ij.mongodb.net 
2026-02-13T07:57:16.529Z [INFO]: MongoDB Connected: obaol-cluster-shard-00-02.oq0ij.mongodb.net 
2026-02-13T08:09:38.473Z [INFO]: MongoDB Connected: obaol-cluster-shard-00-01.oq0ij.mongodb.net 
2026-02-13T08:09:49.513Z [INFO]: MongoDB Connected: obaol-cluster-shard-00-01.oq0ij.mongodb.net 
2026-02-13T08:09:59.563Z [INFO]: MongoDB Connected: obaol-cluster-shard-00-01.oq0ij.mongodb.net 
2026-02-13T08:10:21.532Z [INFO]: MongoDB Connected: obaol-cluster-shard-00-00.oq0ij.mongodb.net 
2026-02-13T10:47:49.252Z [INFO]: MongoDB Connected: obaol-cluster-shard-00-00.oq0ij.mongodb.net 
2026-02-13T10:47:55.959Z [INFO]: MongoDB Connected: obaol-cluster-shard-00-02.oq0ij.mongodb.net 
2026-02-13T10:54:46.531Z [INFO]: MongoDB Connected: obaol-cluster-shard-00-01.oq0ij.mongodb.net 
2026-02-13T11:02:34.850Z [INFO]: MongoDB Connected: obaol-cluster-shard-00-01.oq0ij.mongodb.net 
2026-02-13T11:10:07.097Z [INFO]: MongoDB Connected: obaol-cluster-shard-00-00.oq0ij.mongodb.net 
2026-02-13T11:12:19.936Z [INFO]: MongoDB Connected: obaol-cluster-shard-00-01.oq0ij.mongodb.net 
2026-02-13T11:12:19.936Z [INFO]: MongoDB Connected: obaol-cluster-shard-00-01.oq0ij.mongodb.net 
2026-02-13T11:12:19.945Z [INFO]: MongoDB Connected: obaol-cluster-shard-00-00.oq0ij.mongodb.net 
2026-02-13T11:13:00.300Z [INFO]: MongoDB Connected: obaol-cluster-shard-00-02.oq0ij.mongodb.net 
2026-02-13T11:14:19.894Z [INFO]: MongoDB Connected: obaol-cluster-shard-00-02.oq0ij.mongodb.net 
2026-02-13T11:14:19.909Z [INFO]: MongoDB Connected: obaol-cluster-shard-00-02.oq0ij.mongodb.net 
2026-02-13T11:14:19.932Z [INFO]: MongoDB Connected: obaol-cluster-shard-00-01.oq0ij.mongodb.net 
2026-02-13T11:14:51.619Z [INFO]: MongoDB Connected: obaol-cluster-shard-00-00.oq0ij.mongodb.net 
2026-02-13T11:14:51.652Z [INFO]: MongoDB Connected: obaol-cluster-shard-00-02.oq0ij.mongodb.net 
2026-02-13T11:14:51.677Z [INFO]: MongoDB Connected: obaol-cluster-shard-00-00.oq0ij.mongodb.net 
2026-02-13T11:15:30.226Z [INFO]: MongoDB Connected: obaol-cluster-shard-00-02.oq0ij.mongodb.net 
2026-02-13T11:18:20.452Z [INFO]: MongoDB Connected: obaol-cluster-shard-00-01.oq0ij.mongodb.net 
2026-02-13T11:18:20.460Z [INFO]: MongoDB Connected: obaol-cluster-shard-00-01.oq0ij.mongodb.net 
2026-02-13T11:18:20.490Z [INFO]: MongoDB Connected: obaol-cluster-shard-00-02.oq0ij.mongodb.net 
2026-02-13T11:18:20.498Z [INFO]: MongoDB Connected: obaol-cluster-shard-00-00.oq0ij.mongodb.net 
2026-02-13T11:18:20.510Z [INFO]: MongoDB Connected: obaol-cluster-shard-00-01.oq0ij.mongodb.net 
2026-02-13T11:18:58.346Z [INFO]: MongoDB Connected: obaol-cluster-shard-00-01.oq0ij.mongodb.net 
2026-02-13T11:19:29.422Z [INFO]: MongoDB Connected: obaol-cluster-shard-00-00.oq0ij.mongodb.net 
2026-02-13T11:19:29.437Z [INFO]: MongoDB Connected: obaol-cluster-shard-00-01.oq0ij.mongodb.net 
2026-02-13T11:19:29.439Z [INFO]: MongoDB Connected: obaol-cluster-shard-00-02.oq0ij.mongodb.net 
2026-02-13T11:19:29.440Z [INFO]: MongoDB Connected: obaol-cluster-shard-00-00.oq0ij.mongodb.net 
2026-02-13T11:19:29.513Z [INFO]: MongoDB Connected: obaol-cluster-shard-00-02.oq0ij.mongodb.net 
2026-02-13T11:21:03.400Z [INFO]: MongoDB Connected: obaol-cluster-shard-00-02.oq0ij.mongodb.net 
2026-02-13T11:22:07.149Z [INFO]: MongoDB Connected: obaol-cluster-shard-00-02.oq0ij.mongodb.net 
2026-02-13T11:22:07.149Z [INFO]: MongoDB Connected: obaol-cluster-shard-00-02.oq0ij.mongodb.net 
2026-02-13T11:22:07.150Z [INFO]: MongoDB Connected: obaol-cluster-shard-00-00.oq0ij.mongodb.net 
2026-02-13T11:22:07.173Z [INFO]: MongoDB Connected: obaol-cluster-shard-00-01.oq0ij.mongodb.net 
2026-02-13T11:22:07.239Z [INFO]: MongoDB Connected: obaol-cluster-shard-00-00.oq0ij.mongodb.net 
2026-02-13T11:22:07.260Z [INFO]: MongoDB Connected: obaol-cluster-shard-00-02.oq0ij.mongodb.net 
2026-02-13T11:24:52.016Z [INFO]: MongoDB Connected: obaol-cluster-shard-00-02.oq0ij.mongodb.net 
2026-02-13T11:25:17.649Z [INFO]: MongoDB Connected: obaol-cluster-shard-00-00.oq0ij.mongodb.net 
2026-02-13T11:25:17.656Z [INFO]: MongoDB Connected: obaol-cluster-shard-00-02.oq0ij.mongodb.net 
2026-02-13T11:25:17.690Z [INFO]: MongoDB Connected: obaol-cluster-shard-00-00.oq0ij.mongodb.net 
2026-02-13T11:25:17.709Z [INFO]: MongoDB Connected: obaol-cluster-shard-00-01.oq0ij.mongodb.net 
2026-02-13T11:25:17.775Z [INFO]: MongoDB Connected: obaol-cluster-shard-00-02.oq0ij.mongodb.net 
2026-02-13T11:25:17.775Z [INFO]: MongoDB Connected: obaol-cluster-shard-00-00.oq0ij.mongodb.net 
2026-02-13T11:25:59.707Z [INFO]: MongoDB Connected: obaol-cluster-shard-00-01.oq0ij.mongodb.net 
2026-02-13T11:27:24.711Z [INFO]: MongoDB Connected: obaol-cluster-shard-00-00.oq0ij.mongodb.net 
2026-02-13T11:27:24.733Z [INFO]: MongoDB Connected: obaol-cluster-shard-00-02.oq0ij.mongodb.net 
2026-02-13T11:27:24.813Z [INFO]: MongoDB Connected: obaol-cluster-shard-00-00.oq0ij.mongodb.net 
2026-02-13T11:27:24.831Z [INFO]: MongoDB Connected: obaol-cluster-shard-00-01.oq0ij.mongodb.net 
2026-02-13T11:27:24.856Z [INFO]: MongoDB Connected: obaol-cluster-shard-00-00.oq0ij.mongodb.net 
2026-02-13T11:27:24.861Z [INFO]: MongoDB Connected: obaol-cluster-shard-00-02.oq0ij.mongodb.net 
2026-02-13T11:27:24.901Z [INFO]: MongoDB Connected: obaol-cluster-shard-00-01.oq0ij.mongodb.net 
2026-02-13T11:30:19.799Z [INFO]: MongoDB Connected: obaol-cluster-shard-00-01.oq0ij.mongodb.net 
2026-02-13T11:31:11.945Z [INFO]: MongoDB Connected: obaol-cluster-shard-00-02.oq0ij.mongodb.net 
2026-02-13T11:31:11.977Z [INFO]: MongoDB Connected: obaol-cluster-shard-00-00.oq0ij.mongodb.net 
2026-02-13T11:31:12.006Z [INFO]: MongoDB Connected: obaol-cluster-shard-00-00.oq0ij.mongodb.net 
2026-02-13T11:31:12.074Z [INFO]: MongoDB Connected: obaol-cluster-shard-00-00.oq0ij.mongodb.net 
2026-02-13T11:31:12.074Z [INFO]: MongoDB Connected: obaol-cluster-shard-00-01.oq0ij.mongodb.net 
2026-02-13T11:31:12.097Z [INFO]: MongoDB Connected: obaol-cluster-shard-00-02.oq0ij.mongodb.net 
2026-02-13T11:31:12.141Z [INFO]: MongoDB Connected: obaol-cluster-shard-00-01.oq0ij.mongodb.net 
2026-02-13T11:32:21.420Z [INFO]: MongoDB Connected: obaol-cluster-shard-00-02.oq0ij.mongodb.net 
2026-02-13T11:32:21.440Z [INFO]: MongoDB Connected: obaol-cluster-shard-00-00.oq0ij.mongodb.net 
2026-02-13T11:32:21.505Z [INFO]: MongoDB Connected: obaol-cluster-shard-00-02.oq0ij.mongodb.net 
2026-02-13T11:32:21.572Z [INFO]: MongoDB Connected: obaol-cluster-shard-00-00.oq0ij.mongodb.net 
2026-02-13T11:32:21.588Z [INFO]: MongoDB Connected: obaol-cluster-shard-00-00.oq0ij.mongodb.net 
2026-02-13T11:32:21.642Z [INFO]: MongoDB Connected: obaol-cluster-shard-00-01.oq0ij.mongodb.net 
2026-02-13T11:32:22.108Z [INFO]: MongoDB Connected: obaol-cluster-shard-00-01.oq0ij.mongodb.net 
2026-02-13T11:32:48.111Z [INFO]: MongoDB Connected: obaol-cluster-shard-00-02.oq0ij.mongodb.net 
2026-02-13T11:32:48.115Z [INFO]: MongoDB Connected: obaol-cluster-shard-00-01.oq0ij.mongodb.net 
2026-02-13T11:32:48.123Z [INFO]: MongoDB Connected: obaol-cluster-shard-00-01.oq0ij.mongodb.net 
2026-02-13T11:32:48.129Z [INFO]: MongoDB Connected: obaol-cluster-shard-00-00.oq0ij.mongodb.net 
2026-02-13T11:32:48.160Z [INFO]: MongoDB Connected: obaol-cluster-shard-00-00.oq0ij.mongodb.net 
2026-02-13T11:32:48.209Z [INFO]: MongoDB Connected: obaol-cluster-shard-00-01.oq0ij.mongodb.net 
2026-02-13T11:32:48.209Z [INFO]: MongoDB Connected: obaol-cluster-shard-00-02.oq0ij.mongodb.net 
2026-02-13T11:34:25.857Z [INFO]: MongoDB Connected: obaol-cluster-shard-00-01.oq0ij.mongodb.net 
2026-02-13T11:34:25.865Z [INFO]: MongoDB Connected: obaol-cluster-shard-00-01.oq0ij.mongodb.net 
2026-02-13T11:34:25.871Z [INFO]: MongoDB Connected: obaol-cluster-shard-00-01.oq0ij.mongodb.net 
2026-02-13T11:34:25.881Z [INFO]: MongoDB Connected: obaol-cluster-shard-00-01.oq0ij.mongodb.net 
2026-02-13T11:34:25.889Z [INFO]: MongoDB Connected: obaol-cluster-shard-00-02.oq0ij.mongodb.net 
2026-02-13T11:34:25.894Z [INFO]: MongoDB Connected: obaol-cluster-shard-00-00.oq0ij.mongodb.net 
2026-02-13T11:34:25.926Z [INFO]: MongoDB Connected: obaol-cluster-shard-00-00.oq0ij.mongodb.net 
2026-02-13T11:34:54.724Z [INFO]: MongoDB Connected: obaol-cluster-shard-00-00.oq0ij.mongodb.net 
2026-02-13T11:34:54.740Z [INFO]: MongoDB Connected: obaol-cluster-shard-00-01.oq0ij.mongodb.net 
2026-02-13T11:34:54.779Z [INFO]: MongoDB Connected: obaol-cluster-shard-00-02.oq0ij.mongodb.net 
2026-02-13T11:34:54.781Z [INFO]: MongoDB Connected: obaol-cluster-shard-00-00.oq0ij.mongodb.net 
2026-02-13T11:34:54.804Z [INFO]: MongoDB Connected: obaol-cluster-shard-00-01.oq0ij.mongodb.net 
2026-02-13T11:34:54.812Z [INFO]: MongoDB Connected: obaol-cluster-shard-00-01.oq0ij.mongodb.net 
2026-02-13T11:34:54.852Z [INFO]: MongoDB Connected: obaol-cluster-shard-00-02.oq0ij.mongodb.net 
2026-02-13T11:35:43.556Z [INFO]: MongoDB Connected: obaol-cluster-shard-00-00.oq0ij.mongodb.net 
2026-02-13T11:35:43.556Z [INFO]: MongoDB Connected: obaol-cluster-shard-00-00.oq0ij.mongodb.net 
2026-02-13T11:35:43.587Z [INFO]: MongoDB Connected: obaol-cluster-shard-00-01.oq0ij.mongodb.net 
2026-02-13T11:35:43.587Z [INFO]: MongoDB Connected: obaol-cluster-shard-00-00.oq0ij.mongodb.net 
2026-02-13T11:35:43.588Z [INFO]: MongoDB Connected: obaol-cluster-shard-00-02.oq0ij.mongodb.net 
2026-02-13T11:35:43.591Z [INFO]: MongoDB Connected: obaol-cluster-shard-00-00.oq0ij.mongodb.net 
2026-02-13T11:35:43.606Z [INFO]: MongoDB Connected: obaol-cluster-shard-00-02.oq0ij.mongodb.net 
2026-02-13T11:35:53.028Z [INFO]: MongoDB Connected: obaol-cluster-shard-00-02.oq0ij.mongodb.net 
2026-02-13T11:35:53.061Z [INFO]: MongoDB Connected: obaol-cluster-shard-00-02.oq0ij.mongodb.net 
2026-02-13T11:35:53.105Z [INFO]: MongoDB Connected: obaol-cluster-shard-00-01.oq0ij.mongodb.net 
2026-02-13T11:35:53.180Z [INFO]: MongoDB Connected: obaol-cluster-shard-00-00.oq0ij.mongodb.net 
2026-02-13T11:35:53.200Z [INFO]: MongoDB Connected: obaol-cluster-shard-00-01.oq0ij.mongodb.net 
2026-02-13T11:35:53.381Z [INFO]: MongoDB Connected: obaol-cluster-shard-00-00.oq0ij.mongodb.net 
2026-02-13T11:35:53.459Z [INFO]: MongoDB Connected: obaol-cluster-shard-00-02.oq0ij.mongodb.net 
2026-02-13T12:13:59.414Z [INFO]: MongoDB Connected: obaol-cluster-shard-00-01.oq0ij.mongodb.net 
2026-02-13T12:13:59.441Z [INFO]: MongoDB Connected: obaol-cluster-shard-00-00.oq0ij.mongodb.net 
2026-02-13T12:13:59.504Z [INFO]: MongoDB Connected: obaol-cluster-shard-00-01.oq0ij.mongodb.net 
2026-02-13T12:13:59.542Z [INFO]: MongoDB Connected: obaol-cluster-shard-00-02.oq0ij.mongodb.net 
2026-02-13T12:13:59.571Z [INFO]: MongoDB Connected: obaol-cluster-shard-00-02.oq0ij.mongodb.net 
2026-02-13T12:13:59.589Z [INFO]: MongoDB Connected: obaol-cluster-shard-00-00.oq0ij.mongodb.net 
2026-02-13T12:13:59.596Z [INFO]: MongoDB Connected: obaol-cluster-shard-00-00.oq0ij.mongodb.net 
2026-02-13T12:13:59.616Z [INFO]: MongoDB Connected: obaol-cluster-shard-00-01.oq0ij.mongodb.net 
2026-02-13T12:19:15.456Z [INFO]: MongoDB Connected: obaol-cluster-shard-00-02.oq0ij.mongodb.net 
2026-02-13T12:20:19.676Z [INFO]: MongoDB Connected: obaol-cluster-shard-00-01.oq0ij.mongodb.net 
2026-02-13T12:20:39.014Z [INFO]: MongoDB Connected: obaol-cluster-shard-00-00.oq0ij.mongodb.net 
2026-02-13T12:20:39.143Z [INFO]: MongoDB Connected: obaol-cluster-shard-00-02.oq0ij.mongodb.net 
2026-02-13T12:20:39.171Z [INFO]: MongoDB Connected: obaol-cluster-shard-00-00.oq0ij.mongodb.net 
2026-02-13T12:20:39.204Z [INFO]: MongoDB Connected: obaol-cluster-shard-00-01.oq0ij.mongodb.net 
2026-02-13T12:20:39.256Z [INFO]: MongoDB Connected: obaol-cluster-shard-00-02.oq0ij.mongodb.net 
2026-02-13T12:20:39.285Z [INFO]: MongoDB Connected: obaol-cluster-shard-00-00.oq0ij.mongodb.net 
2026-02-13T12:20:39.305Z [INFO]: MongoDB Connected: obaol-cluster-shard-00-01.oq0ij.mongodb.net 
2026-02-13T12:20:39.319Z [INFO]: MongoDB Connected: obaol-cluster-shard-00-02.oq0ij.mongodb.net 
2026-02-13T12:20:59.040Z [INFO]: MongoDB Connected: obaol-cluster-shard-00-01.oq0ij.mongodb.net 
2026-02-13T12:25:55.532Z [INFO]: MongoDB Connected: obaol-cluster-shard-00-00.oq0ij.mongodb.net 
2026-02-13T12:28:09.973Z [INFO]: MongoDB Connected: obaol-cluster-shard-00-01.oq0ij.mongodb.net 
2026-02-13T12:28:09.982Z [INFO]: MongoDB Connected: obaol-cluster-shard-00-02.oq0ij.mongodb.net 
2026-02-13T12:28:09.988Z [INFO]: MongoDB Connected: obaol-cluster-shard-00-02.oq0ij.mongodb.net 
2026-02-13T12:28:10.387Z [INFO]: MongoDB Connected: obaol-cluster-shard-00-02.oq0ij.mongodb.net 
2026-02-13T12:28:10.461Z [INFO]: MongoDB Connected: obaol-cluster-shard-00-01.oq0ij.mongodb.net 
2026-02-13T12:28:10.484Z [INFO]: MongoDB Connected: obaol-cluster-shard-00-02.oq0ij.mongodb.net 
2026-02-13T12:28:10.497Z [INFO]: MongoDB Connected: obaol-cluster-shard-00-00.oq0ij.mongodb.net 
2026-02-13T12:28:10.536Z [INFO]: MongoDB Connected: obaol-cluster-shard-00-01.oq0ij.mongodb.net 
2026-02-13T12:28:10.578Z [INFO]: MongoDB Connected: obaol-cluster-shard-00-02.oq0ij.mongodb.net 
2026-02-13T12:30:11.801Z [INFO]: MongoDB Connected: obaol-cluster-shard-00-00.oq0ij.mongodb.net 
2026-02-13T12:30:11.808Z [INFO]: MongoDB Connected: obaol-cluster-shard-00-02.oq0ij.mongodb.net 
2026-02-13T12:30:11.877Z [INFO]: MongoDB Connected: obaol-cluster-shard-00-00.oq0ij.mongodb.net 
2026-02-13T12:30:12.186Z [INFO]: MongoDB Connected: obaol-cluster-shard-00-02.oq0ij.mongodb.net 
2026-02-13T12:30:12.194Z [INFO]: MongoDB Connected: obaol-cluster-shard-00-02.oq0ij.mongodb.net 
2026-02-13T12:30:12.194Z [INFO]: MongoDB Connected: obaol-cluster-shard-00-00.oq0ij.mongodb.net 
2026-02-13T12:30:12.197Z [INFO]: MongoDB Connected: obaol-cluster-shard-00-01.oq0ij.mongodb.net 
2026-02-13T12:30:12.236Z [INFO]: MongoDB Connected: obaol-cluster-shard-00-01.oq0ij.mongodb.net 
2026-02-13T12:30:12.698Z [INFO]: MongoDB Connected: obaol-cluster-shard-00-00.oq0ij.mongodb.net 
2026-02-13T12:35:24.043Z [INFO]: MongoDB Connected: obaol-cluster-shard-00-00.oq0ij.mongodb.net 
2026-02-13T12:35:24.362Z [INFO]: MongoDB Connected: obaol-cluster-shard-00-00.oq0ij.mongodb.net 
2026-02-13T12:35:24.383Z [INFO]: MongoDB Connected: obaol-cluster-shard-00-02.oq0ij.mongodb.net 
2026-02-13T12:35:24.405Z [INFO]: MongoDB Connected: obaol-cluster-shard-00-00.oq0ij.mongodb.net 
2026-02-13T12:35:24.424Z [INFO]: MongoDB Connected: obaol-cluster-shard-00-01.oq0ij.mongodb.net 
2026-02-13T12:35:24.449Z [INFO]: MongoDB Connected: obaol-cluster-shard-00-00.oq0ij.mongodb.net 
2026-02-13T12:35:24.455Z [INFO]: MongoDB Connected: obaol-cluster-shard-00-02.oq0ij.mongodb.net 
2026-02-13T12:35:24.487Z [INFO]: MongoDB Connected: obaol-cluster-shard-00-01.oq0ij.mongodb.net 
2026-02-13T12:35:24.505Z [INFO]: MongoDB Connected: obaol-cluster-shard-00-02.oq0ij.mongodb.net 
2026-02-13T12:36:53.604Z [INFO]: MongoDB Connected: obaol-cluster-shard-00-02.oq0ij.mongodb.net 
2026-02-13T12:37:05.920Z [INFO]: MongoDB Connected: obaol-cluster-shard-00-01.oq0ij.mongodb.net 
2026-02-13T12:37:43.397Z [INFO]: MongoDB Connected: obaol-cluster-shard-00-01.oq0ij.mongodb.net 
2026-02-13T12:37:43.636Z [INFO]: MongoDB Connected: obaol-cluster-shard-00-01.oq0ij.mongodb.net 
2026-02-13T12:37:43.637Z [INFO]: MongoDB Connected: obaol-cluster-shard-00-00.oq0ij.mongodb.net 
2026-02-13T12:37:43.694Z [INFO]: MongoDB Connected: obaol-cluster-shard-00-02.oq0ij.mongodb.net 
2026-02-13T12:37:43.770Z [INFO]: MongoDB Connected: obaol-cluster-shard-00-00.oq0ij.mongodb.net 
2026-02-13T12:37:43.783Z [INFO]: MongoDB Connected: obaol-cluster-shard-00-02.oq0ij.mongodb.net 
2026-02-13T12:37:43.803Z [INFO]: MongoDB Connected: obaol-cluster-shard-00-01.oq0ij.mongodb.net 
2026-02-13T12:37:43.823Z [INFO]: MongoDB Connected: obaol-cluster-shard-00-00.oq0ij.mongodb.net 
2026-02-13T12:37:43.848Z [INFO]: MongoDB Connected: obaol-cluster-shard-00-01.oq0ij.mongodb.net 
2026-02-13T12:37:43.854Z [INFO]: MongoDB Connected: obaol-cluster-shard-00-02.oq0ij.mongodb.net 
2026-02-13T12:38:12.740Z [INFO]: MongoDB Connected: obaol-cluster-shard-00-01.oq0ij.mongodb.net 
2026-02-13T12:39:44.180Z [INFO]: MongoDB Connected: obaol-cluster-shard-00-02.oq0ij.mongodb.net 
2026-02-13T12:47:58.405Z [INFO]: MongoDB Connected: obaol-cluster-shard-00-00.oq0ij.mongodb.net 
2026-02-13T12:47:58.411Z [INFO]: MongoDB Connected: obaol-cluster-shard-00-02.oq0ij.mongodb.net 
2026-02-13T12:47:58.438Z [INFO]: MongoDB Connected: obaol-cluster-shard-00-01.oq0ij.mongodb.net 
2026-02-13T12:47:58.439Z [INFO]: MongoDB Connected: obaol-cluster-shard-00-00.oq0ij.mongodb.net 
2026-02-13T12:47:58.484Z [INFO]: MongoDB Connected: obaol-cluster-shard-00-02.oq0ij.mongodb.net 
2026-02-13T12:47:58.630Z [INFO]: MongoDB Connected: obaol-cluster-shard-00-00.oq0ij.mongodb.net 
2026-02-13T12:47:58.664Z [INFO]: MongoDB Connected: obaol-cluster-shard-00-02.oq0ij.mongodb.net 
2026-02-13T12:47:58.666Z [INFO]: MongoDB Connected: obaol-cluster-shard-00-01.oq0ij.mongodb.net 
2026-02-13T12:47:58.694Z [INFO]: MongoDB Connected: obaol-cluster-shard-00-00.oq0ij.mongodb.net 
2026-02-13T12:47:58.699Z [INFO]: MongoDB Connected: obaol-cluster-shard-00-01.oq0ij.mongodb.net 
2026-02-13T12:47:58.736Z [INFO]: MongoDB Connected: obaol-cluster-shard-00-02.oq0ij.mongodb.net 
2026-02-13T12:48:12.746Z [INFO]: MongoDB Connected: obaol-cluster-shard-00-01.oq0ij.mongodb.net 
2026-02-13T12:48:48.276Z [INFO]: MongoDB Connected: obaol-cluster-shard-00-00.oq0ij.mongodb.net 
2026-02-13T12:58:26.874Z [INFO]: MongoDB Connected: obaol-cluster-shard-00-01.oq0ij.mongodb.net 
2026-02-13T12:59:44.960Z [INFO]: MongoDB Connected: obaol-cluster-shard-00-02.oq0ij.mongodb.net 
2026-02-13T12:59:45.157Z [INFO]: MongoDB Connected: obaol-cluster-shard-00-01.oq0ij.mongodb.net 
2026-02-13T12:59:45.181Z [INFO]: MongoDB Connected: obaol-cluster-shard-00-02.oq0ij.mongodb.net 
2026-02-13T12:59:45.295Z [INFO]: MongoDB Connected: obaol-cluster-shard-00-00.oq0ij.mongodb.net 
2026-02-13T12:59:45.393Z [INFO]: MongoDB Connected: obaol-cluster-shard-00-02.oq0ij.mongodb.net 
2026-02-13T12:59:45.478Z [INFO]: MongoDB Connected: obaol-cluster-shard-00-01.oq0ij.mongodb.net 
2026-02-13T12:59:45.532Z [INFO]: MongoDB Connected: obaol-cluster-shard-00-02.oq0ij.mongodb.net 
2026-02-13T12:59:45.547Z [INFO]: MongoDB Connected: obaol-cluster-shard-00-01.oq0ij.mongodb.net 
2026-02-13T12:59:45.562Z [INFO]: MongoDB Connected: obaol-cluster-shard-00-02.oq0ij.mongodb.net 
2026-02-13T12:59:45.562Z [INFO]: MongoDB Connected: obaol-cluster-shard-00-00.oq0ij.mongodb.net 
2026-02-13T12:59:45.737Z [INFO]: MongoDB Connected: obaol-cluster-shard-00-01.oq0ij.mongodb.net 
2026-02-13T12:59:45.802Z [INFO]: MongoDB Connected: obaol-cluster-shard-00-00.oq0ij.mongodb.net 
2026-02-13T12:59:45.953Z [INFO]: MongoDB Connected: obaol-cluster-shard-00-02.oq0ij.mongodb.net 
2026-02-13T12:59:47.165Z [INFO]: MongoDB Connected: obaol-cluster-shard-00-00.oq0ij.mongodb.net 
2026-02-13T13:00:25.679Z [INFO]: MongoDB Connected: obaol-cluster-shard-00-01.oq0ij.mongodb.net 
2026-02-13T13:00:25.935Z [INFO]: MongoDB Connected: obaol-cluster-shard-00-02.oq0ij.mongodb.net 
2026-02-13T13:00:26.528Z [INFO]: MongoDB Connected: obaol-cluster-shard-00-00.oq0ij.mongodb.net 
2026-02-13T13:00:27.169Z [INFO]: MongoDB Connected: obaol-cluster-shard-00-01.oq0ij.mongodb.net 
2026-02-13T13:00:27.188Z [INFO]: MongoDB Connected: obaol-cluster-shard-00-02.oq0ij.mongodb.net 
2026-02-13T13:00:27.202Z [INFO]: MongoDB Connected: obaol-cluster-shard-00-00.oq0ij.mongodb.net 
2026-02-13T13:00:27.419Z [INFO]: MongoDB Connected: obaol-cluster-shard-00-01.oq0ij.mongodb.net 
2026-02-13T13:00:27.669Z [INFO]: MongoDB Connected: obaol-cluster-shard-00-02.oq0ij.mongodb.net 
2026-02-13T13:00:27.677Z [INFO]: MongoDB Connected: obaol-cluster-shard-00-02.oq0ij.mongodb.net 
2026-02-13T13:00:27.677Z [INFO]: MongoDB Connected: obaol-cluster-shard-00-01.oq0ij.mongodb.net 
2026-02-13T13:00:27.695Z [INFO]: MongoDB Connected: obaol-cluster-shard-00-00.oq0ij.mongodb.net 
2026-02-13T13:00:27.695Z [INFO]: MongoDB Connected: obaol-cluster-shard-00-00.oq0ij.mongodb.net 
2026-02-13T13:00:27.983Z [INFO]: MongoDB Connected: obaol-cluster-shard-00-01.oq0ij.mongodb.net 
2026-02-13T13:00:27.983Z [INFO]: MongoDB Connected: obaol-cluster-shard-00-02.oq0ij.mongodb.net 
2026-02-13T13:00:31.887Z [INFO]: MongoDB Connected: obaol-cluster-shard-00-00.oq0ij.mongodb.net 
2026-02-13T13:02:17.558Z [INFO]: MongoDB Connected: obaol-cluster-shard-00-01.oq0ij.mongodb.net 
2026-02-13T13:02:52.026Z [INFO]: MongoDB Connected: obaol-cluster-shard-00-02.oq0ij.mongodb.net 
2026-02-13T13:03:26.436Z [INFO]: MongoDB Connected: obaol-cluster-shard-00-00.oq0ij.mongodb.net 
2026-02-13T13:03:43.793Z [INFO]: MongoDB Connected: obaol-cluster-shard-00-01.oq0ij.mongodb.net 
2026-02-13T13:03:43.811Z [INFO]: MongoDB Connected: obaol-cluster-shard-00-01.oq0ij.mongodb.net 
2026-02-13T13:06:36.861Z [INFO]: MongoDB Connected: obaol-cluster-shard-00-00.oq0ij.mongodb.net 
2026-02-13T13:20:35.374Z [INFO]: MongoDB Connected: obaol-cluster-shard-00-01.oq0ij.mongodb.net 
2026-02-13T13:26:02.295Z [INFO]: MongoDB Connected: obaol-cluster-shard-00-01.oq0ij.mongodb.net 
2026-02-13T13:26:29.765Z [INFO]: MongoDB Connected: obaol-cluster-shard-00-01.oq0ij.mongodb.net 
2026-02-13T13:27:03.095Z [INFO]: MongoDB Connected: obaol-cluster-shard-00-02.oq0ij.mongodb.net 
2026-02-13T13:27:19.246Z [INFO]: MongoDB Connected: obaol-cluster-shard-00-00.oq0ij.mongodb.net 
2026-02-13T13:27:36.403Z [INFO]: MongoDB Connected: obaol-cluster-shard-00-00.oq0ij.mongodb.net 
2026-02-13T13:28:31.541Z [INFO]: MongoDB Connected: obaol-cluster-shard-00-00.oq0ij.mongodb.net 
2026-02-13T13:28:31.559Z [INFO]: MongoDB Connected: obaol-cluster-shard-00-00.oq0ij.mongodb.net 
2026-02-13T13:30:45.853Z [INFO]: MongoDB Connected: obaol-cluster-shard-00-01.oq0ij.mongodb.net 
2026-02-13T13:31:59.375Z [INFO]: MongoDB Connected: obaol-cluster-shard-00-02.oq0ij.mongodb.net 
2026-02-13T13:34:19.188Z [INFO]: MongoDB Connected: obaol-cluster-shard-00-02.oq0ij.mongodb.net 
2026-02-13T13:35:09.931Z [INFO]: MongoDB Connected: obaol-cluster-shard-00-00.oq0ij.mongodb.net 
2026-02-13T13:35:18.467Z [INFO]: MongoDB Connected: obaol-cluster-shard-00-01.oq0ij.mongodb.net 
2026-02-13T13:35:54.248Z [INFO]: MongoDB Connected: obaol-cluster-shard-00-00.oq0ij.mongodb.net 
2026-02-13T18:30:00.164Z [INFO]: Running daily variant rate reset cron job... 
2026-02-13T18:30:00.681Z [INFO]: Successfully offlined 0 variant rates. 
2026-02-13T18:33:36.101Z [INFO]: MongoDB Connected: obaol-cluster-shard-00-01.oq0ij.mongodb.net 
2026-02-13T18:33:36.113Z [INFO]: MongoDB Connected: obaol-cluster-shard-00-01.oq0ij.mongodb.net 
2026-02-13T18:34:06.807Z [INFO]: MongoDB Connected: obaol-cluster-shard-00-02.oq0ij.mongodb.net 
2026-02-13T18:46:49.444Z [INFO]: MongoDB Connected: obaol-cluster-shard-00-02.oq0ij.mongodb.net 
2026-02-13T18:49:33.587Z [INFO]: MongoDB Connected: obaol-cluster-shard-00-01.oq0ij.mongodb.net 
2026-02-13T18:49:51.342Z [INFO]: MongoDB Connected: obaol-cluster-shard-00-00.oq0ij.mongodb.net 
2026-02-13T18:50:07.380Z [INFO]: MongoDB Connected: obaol-cluster-shard-00-02.oq0ij.mongodb.net 
2026-02-13T18:50:33.141Z [INFO]: MongoDB Connected: obaol-cluster-shard-00-01.oq0ij.mongodb.net 
2026-02-13T18:50:33.164Z [INFO]: MongoDB Connected: obaol-cluster-shard-00-02.oq0ij.mongodb.net 
2026-02-13T18:51:01.692Z [INFO]: MongoDB Connected: obaol-cluster-shard-00-02.oq0ij.mongodb.net 
2026-02-13T18:54:57.261Z [INFO]: MongoDB Connected: obaol-cluster-shard-00-02.oq0ij.mongodb.net 
2026-02-13T18:55:57.420Z [INFO]: MongoDB Connected: obaol-cluster-shard-00-02.oq0ij.mongodb.net 
2026-02-13T18:56:23.532Z [INFO]: MongoDB Connected: obaol-cluster-shard-00-02.oq0ij.mongodb.net 
2026-02-13T18:56:23.560Z [INFO]: MongoDB Connected: obaol-cluster-shard-00-02.oq0ij.mongodb.net 
2026-02-13T18:57:00.097Z [INFO]: MongoDB Connected: obaol-cluster-shard-00-00.oq0ij.mongodb.net 
2026-02-13T19:00:23.850Z [INFO]: MongoDB Connected: obaol-cluster-shard-00-01.oq0ij.mongodb.net 
2026-02-13T19:00:48.339Z [INFO]: MongoDB Connected: obaol-cluster-shard-00-00.oq0ij.mongodb.net 
2026-02-13T19:00:56.989Z [INFO]: MongoDB Connected: obaol-cluster-shard-00-02.oq0ij.mongodb.net 
2026-02-13T19:01:06.561Z [INFO]: MongoDB Connected: obaol-cluster-shard-00-00.oq0ij.mongodb.net 
2026-02-13T19:01:29.444Z [INFO]: MongoDB Connected: obaol-cluster-shard-00-01.oq0ij.mongodb.net 
2026-02-13T19:04:25.349Z [INFO]: MongoDB Connected: obaol-cluster-shard-00-01.oq0ij.mongodb.net 
2026-02-13T19:05:14.649Z [INFO]: MongoDB Connected: obaol-cluster-shard-00-01.oq0ij.mongodb.net 
2026-02-13T19:06:39.519Z [INFO]: MongoDB Connected: obaol-cluster-shard-00-00.oq0ij.mongodb.net 
2026-02-13T20:07:54.495Z [INFO]: MongoDB Connected: obaol-cluster-shard-00-00.oq0ij.mongodb.net 
2026-02-13T20:26:34.157Z [INFO]: MongoDB Connected: obaol-cluster-shard-00-00.oq0ij.mongodb.net 
2026-02-13T20:26:34.322Z [INFO]: MongoDB Connected: obaol-cluster-shard-00-00.oq0ij.mongodb.net 
2026-02-13T20:27:00.562Z [INFO]: MongoDB Connected: obaol-cluster-shard-00-01.oq0ij.mongodb.net 
2026-02-13T20:27:00.574Z [INFO]: MongoDB Connected: obaol-cluster-shard-00-01.oq0ij.mongodb.net 
2026-02-13T20:27:21.431Z [INFO]: MongoDB Connected: obaol-cluster-shard-00-02.oq0ij.mongodb.net 
2026-02-13T20:27:21.484Z [INFO]: MongoDB Connected: obaol-cluster-shard-00-02.oq0ij.mongodb.net 
2026-02-13T20:27:28.793Z [INFO]: MongoDB Connected: obaol-cluster-shard-00-01.oq0ij.mongodb.net 
2026-02-13T20:27:28.803Z [INFO]: MongoDB Connected: obaol-cluster-shard-00-02.oq0ij.mongodb.net 
2026-02-13T20:40:25.848Z [INFO]: MongoDB Connected: obaol-cluster-shard-00-01.oq0ij.mongodb.net 
2026-02-14T04:26:22.965Z [INFO]: MongoDB Connected: obaol-cluster-shard-00-01.oq0ij.mongodb.net 
2026-02-14T05:02:04.485Z [INFO]: MongoDB Connected: obaol-cluster-shard-00-01.oq0ij.mongodb.net 
2026-02-14T05:06:43.575Z [INFO]: MongoDB Connected: obaol-cluster-shard-00-00.oq0ij.mongodb.net 
2026-02-14T05:11:36.231Z [INFO]: MongoDB Connected: obaol-cluster-shard-00-00.oq0ij.mongodb.net 
2026-02-14T05:15:57.136Z [INFO]: MongoDB Connected: obaol-cluster-shard-00-00.oq0ij.mongodb.net 
2026-02-14T05:17:08.212Z [INFO]: MongoDB Connected: obaol-cluster-shard-00-01.oq0ij.mongodb.net 
2026-02-14T05:21:46.059Z [INFO]: MongoDB Connected: obaol-cluster-shard-00-02.oq0ij.mongodb.net 
2026-02-14T06:45:14.382Z [INFO]: MongoDB Connected: obaol-cluster-shard-00-01.oq0ij.mongodb.net 
2026-02-14T06:50:48.776Z [INFO]: MongoDB Connected: obaol-cluster-shard-00-00.oq0ij.mongodb.net 
2026-02-14T06:53:38.997Z [INFO]: MongoDB Connected: obaol-cluster-shard-00-00.oq0ij.mongodb.net 
2026-02-14T07:35:39.235Z [INFO]: MongoDB Connected: obaol-cluster-shard-00-02.oq0ij.mongodb.net 
2026-02-14T07:36:18.759Z [INFO]: MongoDB Connected: obaol-cluster-shard-00-01.oq0ij.mongodb.net 
2026-02-14T07:39:33.895Z [INFO]: MongoDB Connected: obaol-cluster-shard-00-00.oq0ij.mongodb.net 
2026-02-14T07:49:56.349Z [INFO]: MongoDB Connected: obaol-cluster-shard-00-01.oq0ij.mongodb.net 
2026-02-14T08:13:02.870Z [INFO]: MongoDB Connected: obaol-cluster-shard-00-01.oq0ij.mongodb.net 
2026-02-14T08:13:31.084Z [INFO]: MongoDB Connected: obaol-cluster-shard-00-01.oq0ij.mongodb.net 
2026-02-14T08:14:02.765Z [INFO]: MongoDB Connected: obaol-cluster-shard-00-01.oq0ij.mongodb.net 
2026-02-14T08:20:22.565Z [INFO]: MongoDB Connected: obaol-cluster-shard-00-02.oq0ij.mongodb.net 
2026-02-14T08:26:53.845Z [INFO]: MongoDB Connected: obaol-cluster-shard-00-01.oq0ij.mongodb.net 
2026-02-14T09:15:58.842Z [INFO]: MongoDB Connected: obaol-cluster-shard-00-01.oq0ij.mongodb.net 
2026-02-14T09:37:37.296Z [INFO]: MongoDB Connected: obaol-cluster-shard-00-02.oq0ij.mongodb.net 
2026-02-14T09:37:46.443Z [INFO]: MongoDB Connected: obaol-cluster-shard-00-02.oq0ij.mongodb.net 
2026-02-14T13:22:33.188Z [INFO]: MongoDB Connected: obaol-cluster-shard-00-00.oq0ij.mongodb.net 
2026-02-14T14:02:30.827Z [INFO]: MongoDB Connected: obaol-cluster-shard-00-02.oq0ij.mongodb.net 
2026-02-14T14:45:07.239Z [INFO]: MongoDB Connected: obaol-cluster-shard-00-00.oq0ij.mongodb.net 
2026-02-14T14:45:18.981Z [INFO]: MongoDB Connected: obaol-cluster-shard-00-00.oq0ij.mongodb.net 
2026-02-14T15:26:19.925Z [INFO]: MongoDB Connected: obaol-cluster-shard-00-00.oq0ij.mongodb.net 
2026-02-14T15:26:42.749Z [INFO]: MongoDB Connected: obaol-cluster-shard-00-00.oq0ij.mongodb.net 
2026-02-14T15:26:55.967Z [INFO]: MongoDB Connected: obaol-cluster-shard-00-00.oq0ij.mongodb.net 
2026-02-14T15:27:05.532Z [INFO]: MongoDB Connected: obaol-cluster-shard-00-02.oq0ij.mongodb.net 
2026-02-14T15:29:23.923Z [INFO]: MongoDB Connected: obaol-cluster-shard-00-02.oq0ij.mongodb.net 
2026-02-14T15:29:34.038Z [INFO]: MongoDB Connected: obaol-cluster-shard-00-00.oq0ij.mongodb.net 
2026-02-14T15:59:13.694Z [INFO]: MongoDB Connected: obaol-cluster-shard-00-01.oq0ij.mongodb.net 
2026-02-14T17:37:56.553Z [INFO]: MongoDB Connected: obaol-cluster-shard-00-00.oq0ij.mongodb.net 
2026-02-14T17:39:27.753Z [INFO]: MongoDB Connected: obaol-cluster-shard-00-01.oq0ij.mongodb.net 
2026-02-14T18:12:04.607Z [INFO]: MongoDB Connected: obaol-cluster-shard-00-00.oq0ij.mongodb.net 
2026-02-14T18:30:00.924Z [INFO]: Running daily variant rate reset cron job... 
2026-02-14T18:30:01.139Z [INFO]: Successfully offlined 1 variant rates. 
2026-02-14T18:44:43.281Z [INFO]: MongoDB Connected: obaol-cluster-shard-00-00.oq0ij.mongodb.net 
2026-02-14T18:45:00.558Z [INFO]: MongoDB Connected: obaol-cluster-shard-00-01.oq0ij.mongodb.net 
2026-02-14T18:54:07.281Z [INFO]: MongoDB Connected: obaol-cluster-shard-00-00.oq0ij.mongodb.net 
2026-02-14T18:56:14.853Z [INFO]: MongoDB Connected: obaol-cluster-shard-00-02.oq0ij.mongodb.net 
2026-02-14T18:56:34.098Z [INFO]: MongoDB Connected: obaol-cluster-shard-00-00.oq0ij.mongodb.net 
2026-02-14T18:56:49.112Z [INFO]: MongoDB Connected: obaol-cluster-shard-00-02.oq0ij.mongodb.net 
2026-02-14T18:57:32.096Z [INFO]: MongoDB Connected: obaol-cluster-shard-00-01.oq0ij.mongodb.net 
2026-02-14T18:58:04.343Z [INFO]: MongoDB Connected: obaol-cluster-shard-00-01.oq0ij.mongodb.net 
2026-02-14T19:39:20.959Z [INFO]: MongoDB Connected: obaol-cluster-shard-00-00.oq0ij.mongodb.net 
2026-02-14T19:39:26.852Z [INFO]: MongoDB Connected: obaol-cluster-shard-00-01.oq0ij.mongodb.net 
2026-02-14T19:39:57.503Z [INFO]: MongoDB Connected: obaol-cluster-shard-00-02.oq0ij.mongodb.net 
2026-02-14T19:40:07.267Z [INFO]: MongoDB Connected: obaol-cluster-shard-00-01.oq0ij.mongodb.net 
2026-02-14T19:56:05.132Z [INFO]: MongoDB Connected: obaol-cluster-shard-00-01.oq0ij.mongodb.net 
2026-02-14T20:10:46.596Z [INFO]: MongoDB Connected: obaol-cluster-shard-00-02.oq0ij.mongodb.net 
2026-02-14T20:20:44.862Z [INFO]: MongoDB Connected: obaol-cluster-shard-00-01.oq0ij.mongodb.net 
2026-02-15T11:04:01.205Z [INFO]: MongoDB Connected: obaol-cluster-shard-00-01.oq0ij.mongodb.net 
2026-02-15T11:10:25.601Z [INFO]: MongoDB Connected: obaol-cluster-shard-00-01.oq0ij.mongodb.net 
2026-02-15T11:11:14.478Z [INFO]: MongoDB Connected: obaol-cluster-shard-00-02.oq0ij.mongodb.net 
2026-02-15T11:12:21.851Z [INFO]: MongoDB Connected: obaol-cluster-shard-00-01.oq0ij.mongodb.net 
2026-02-15T11:16:31.133Z [ERROR]: MongoDB Connection Error: {"error":"querySrv ETIMEOUT _mongodb._tcp.obaol-cluster.oq0ij.mongodb.net"}
2026-02-15T11:17:59.770Z [ERROR]: MongoDB Connection Error: {"error":"getaddrinfo ENOTFOUND obaol-cluster-shard-00-01.oq0ij.mongodb.net"}
2026-02-15T11:18:36.521Z [INFO]: MongoDB Connected: obaol-cluster-shard-00-00.oq0ij.mongodb.net 
2026-02-15T11:30:22.267Z [ERROR]: MongoDB Connection Error: {"error":"Could not connect to any servers in your MongoDB Atlas cluster. One common reason is that you're trying to access the database from an IP that isn't whitelisted. Make sure your current IP address is on your Atlas cluster's IP whitelist: https://www.mongodb.com/docs/atlas/security-whitelist/"}
2026-02-15T11:31:53.087Z [ERROR]: MongoDB Connection Error: {"error":"getaddrinfo ENOTFOUND obaol-cluster-shard-00-01.oq0ij.mongodb.net"}
2026-02-15T11:39:45.448Z [INFO]: MongoDB Connected: obaol-cluster-shard-00-00.oq0ij.mongodb.net 
2026-02-15T12:30:35.419Z [ERROR]: MongoDB Connection Error: {"error":"querySrv ETIMEOUT _mongodb._tcp.obaol-cluster.oq0ij.mongodb.net"}
2026-02-15T12:33:35.757Z [INFO]: MongoDB Connected: obaol-cluster-shard-00-00.oq0ij.mongodb.net 
2026-02-15T12:42:07.224Z [ERROR]: MongoDB Connection Error: {"error":"querySrv ETIMEOUT _mongodb._tcp.obaol-cluster.oq0ij.mongodb.net"}
2026-02-15T12:43:32.913Z [INFO]: MongoDB Connected: obaol-cluster-shard-00-01.oq0ij.mongodb.net 
2026-02-15T12:51:18.804Z [ERROR]: unhandledRejection: getaddrinfo ENOTFOUND obaol-cluster-shard-00-01.oq0ij.mongodb.net
MongoServerSelectionError: getaddrinfo ENOTFOUND obaol-cluster-shard-00-01.oq0ij.mongodb.net
    at Topology.selectServer (/Users/jacoob/Documents/Dev/OBAOL CORE/Obaol-Web-App/obaol-automate-backend/node_modules/mongodb/src/sdam/topology.ts:635:30)
    at async tryOperation (/Users/jacoob/Documents/Dev/OBAOL CORE/Obaol-Web-App/obaol-automate-backend/node_modules/mongodb/src/operations/execute_operation.ts:266:16)
    at async executeOperation (/Users/jacoob/Documents/Dev/OBAOL CORE/Obaol-Web-App/obaol-automate-backend/node_modules/mongodb/src/operations/execute_operation.ts:119:12)
    at async FindCursor._initialize (/Users/jacoob/Documents/Dev/OBAOL CORE/Obaol-Web-App/obaol-automate-backend/node_modules/mongodb/src/cursor/find_cursor.ts:92:22)
    at async FindCursor.cursorInit (/Users/jacoob/Documents/Dev/OBAOL CORE/Obaol-Web-App/obaol-automate-backend/node_modules/mongodb/src/cursor/abstract_cursor.ts:949:21)
    at async FindCursor.fetchBatch (/Users/jacoob/Documents/Dev/OBAOL CORE/Obaol-Web-App/obaol-automate-backend/node_modules/mongodb/src/cursor/abstract_cursor.ts:987:7)
    at async FindCursor.next (/Users/jacoob/Documents/Dev/OBAOL CORE/Obaol-Web-App/obaol-automate-backend/node_modules/mongodb/src/cursor/abstract_cursor.ts:608:9)
    at async Collection.findOne (/Users/jacoob/Documents/Dev/OBAOL CORE/Obaol-Web-App/obaol-automate-backend/node_modules/mongodb/src/collection.ts:552:20)
    at async model.Query._findOne (/Users/jacoob/Documents/Dev/OBAOL CORE/Obaol-Web-App/obaol-automate-backend/node_modules/mongoose/lib/query.js:2710:15)
    at async model.Query.exec (/Users/jacoob/Documents/Dev/OBAOL CORE/Obaol-Web-App/obaol-automate-backend/node_modules/mongoose/lib/query.js:4627:63) {"error":{"errorLabelSet":{},"reason":{"type":"ReplicaSetNoPrimary","servers":{"obaol-cluster-shard-00-01.oq0ij.mongodb.net:27017":{"address":"obaol-cluster-shard-00-01.oq0ij.mongodb.net:27017","type":"Unknown","hosts":[],"passives":[],"arbiters":[],"tags":{},"minWireVersion":0,"maxWireVersion":0,"roundTripTime":-1,"minRoundTripTime":0,"lastUpdateTime":351416119,"lastWriteDate":0,"error":{"errorLabelSet":{},"beforeHandshake":false},"topologyVersion":null,"setName":null,"setVersion":null,"electionId":null,"logicalSessionTimeoutMinutes":null,"maxMessageSizeBytes":null,"maxWriteBatchSize":null,"maxBsonObjectSize":null,"primary":null,"me":null,"$clusterTime":null,"iscryptd":false},"obaol-cluster-shard-00-02.oq0ij.mongodb.net:27017":{"address":"obaol-cluster-shard-00-02.oq0ij.mongodb.net:27017","type":"Unknown","hosts":[],"passives":[],"arbiters":[],"tags":{},"minWireVersion":0,"maxWireVersion":0,"roundTripTime":-1,"minRoundTripTime":0,"lastUpdateTime":351416079,"lastWriteDate":0,"error":{"errorLabelSet":{},"beforeHandshake":false},"topologyVersion":null,"setName":null,"setVersion":null,"electionId":null,"logicalSessionTimeoutMinutes":null,"maxMessageSizeBytes":null,"maxWriteBatchSize":null,"maxBsonObjectSize":null,"primary":null,"me":null,"$clusterTime":null,"iscryptd":false},"obaol-cluster-shard-00-00.oq0ij.mongodb.net:27017":{"address":"obaol-cluster-shard-00-00.oq0ij.mongodb.net:27017","type":"Unknown","hosts":[],"passives":[],"arbiters":[],"tags":{},"minWireVersion":0,"maxWireVersion":0,"roundTripTime":-1,"minRoundTripTime":0,"lastUpdateTime":351415790,"lastWriteDate":0,"error":{"errorLabelSet":{},"beforeHandshake":false},"topologyVersion":null,"setName":null,"setVersion":null,"electionId":null,"logicalSessionTimeoutMinutes":null,"maxMessageSizeBytes":null,"maxWriteBatchSize":null,"maxBsonObjectSize":null,"primary":null,"me":null,"$clusterTime":null,"iscryptd":false}},"stale":false,"compatible":true,"heartbeatFrequencyMS":10000,"localThresholdMS":15,"setName":"atlas-q2r2uk-shard-0","maxElectionId":{"$oid":"7fffffff0000000000000302"},"maxSetVersion":368,"commonWireVersion":0,"logicalSessionTimeoutMinutes":null}},"stack":"MongoServerSelectionError: getaddrinfo ENOTFOUND obaol-cluster-shard-00-01.oq0ij.mongodb.net\n    at Topology.selectServer (/Users/jacoob/Documents/Dev/OBAOL CORE/Obaol-Web-App/obaol-automate-backend/node_modules/mongodb/src/sdam/topology.ts:635:30)\n    at async tryOperation (/Users/jacoob/Documents/Dev/OBAOL CORE/Obaol-Web-App/obaol-automate-backend/node_modules/mongodb/src/operations/execute_operation.ts:266:16)\n    at async executeOperation (/Users/jacoob/Documents/Dev/OBAOL CORE/Obaol-Web-App/obaol-automate-backend/node_modules/mongodb/src/operations/execute_operation.ts:119:12)\n    at async FindCursor._initialize (/Users/jacoob/Documents/Dev/OBAOL CORE/Obaol-Web-App/obaol-automate-backend/node_modules/mongodb/src/cursor/find_cursor.ts:92:22)\n    at async FindCursor.cursorInit (/Users/jacoob/Documents/Dev/OBAOL CORE/Obaol-Web-App/obaol-automate-backend/node_modules/mongodb/src/cursor/abstract_cursor.ts:949:21)\n    at async FindCursor.fetchBatch (/Users/jacoob/Documents/Dev/OBAOL CORE/Obaol-Web-App/obaol-automate-backend/node_modules/mongodb/src/cursor/abstract_cursor.ts:987:7)\n    at async FindCursor.next (/Users/jacoob/Documents/Dev/OBAOL CORE/Obaol-Web-App/obaol-automate-backend/node_modules/mongodb/src/cursor/abstract_cursor.ts:608:9)\n    at async Collection.findOne (/Users/jacoob/Documents/Dev/OBAOL CORE/Obaol-Web-App/obaol-automate-backend/node_modules/mongodb/src/collection.ts:552:20)\n    at async model.Query._findOne (/Users/jacoob/Documents/Dev/OBAOL CORE/Obaol-Web-App/obaol-automate-backend/node_modules/mongoose/lib/query.js:2710:15)\n    at async model.Query.exec (/Users/jacoob/Documents/Dev/OBAOL CORE/Obaol-Web-App/obaol-automate-backend/node_modules/mongoose/lib/query.js:4627:63)","rejection":true,"date":"Sun Feb 15 2026 18:21:18 GMT+0530 (India Standard Time)","process":{"pid":33286,"uid":501,"gid":20,"cwd":"/Users/jacoob/Documents/Dev/OBAOL CORE/Obaol-Web-App/obaol-automate-backend","execPath":"/usr/local/bin/node","version":"v24.12.0","argv":["/Users/jacoob/Documents/Dev/OBAOL CORE/Obaol-Web-App/obaol-automate-backend/node_modules/.bin/ts-node","/Users/jacoob/Documents/Dev/OBAOL CORE/Obaol-Web-App/obaol-automate-backend/src/index.ts"],"memoryUsage":{"rss":95141888,"heapTotal":458719232,"heapUsed":452827152,"external":28462674,"arrayBuffers":24207855}},"os":{"loadavg":[5.6279296875,7.04541015625,6.8095703125],"uptime":351411},"trace":[{"column":30,"file":"/Users/jacoob/Documents/Dev/OBAOL CORE/Obaol-Web-App/obaol-automate-backend/node_modules/mongodb/src/sdam/topology.ts","function":"Topology.selectServer","line":635,"method":"selectServer","native":false},{"column":16,"file":"/Users/jacoob/Documents/Dev/OBAOL CORE/Obaol-Web-App/obaol-automate-backend/node_modules/mongodb/src/operations/execute_operation.ts","function":"async tryOperation","line":266,"method":null,"native":false},{"column":12,"file":"/Users/jacoob/Documents/Dev/OBAOL CORE/Obaol-Web-App/obaol-automate-backend/node_modules/mongodb/src/operations/execute_operation.ts","function":"async executeOperation","line":119,"method":null,"native":false},{"column":22,"file":"/Users/jacoob/Documents/Dev/OBAOL CORE/Obaol-Web-App/obaol-automate-backend/node_modules/mongodb/src/cursor/find_cursor.ts","function":"async FindCursor._initialize","line":92,"method":"_initialize","native":false},{"column":21,"file":"/Users/jacoob/Documents/Dev/OBAOL CORE/Obaol-Web-App/obaol-automate-backend/node_modules/mongodb/src/cursor/abstract_cursor.ts","function":"async FindCursor.cursorInit","line":949,"method":"cursorInit","native":false},{"column":7,"file":"/Users/jacoob/Documents/Dev/OBAOL CORE/Obaol-Web-App/obaol-automate-backend/node_modules/mongodb/src/cursor/abstract_cursor.ts","function":"async FindCursor.fetchBatch","line":987,"method":"fetchBatch","native":false},{"column":9,"file":"/Users/jacoob/Documents/Dev/OBAOL CORE/Obaol-Web-App/obaol-automate-backend/node_modules/mongodb/src/cursor/abstract_cursor.ts","function":"async FindCursor.next","line":608,"method":"next","native":false},{"column":20,"file":"/Users/jacoob/Documents/Dev/OBAOL CORE/Obaol-Web-App/obaol-automate-backend/node_modules/mongodb/src/collection.ts","function":"async Collection.findOne","line":552,"method":"findOne","native":false},{"column":15,"file":"/Users/jacoob/Documents/Dev/OBAOL CORE/Obaol-Web-App/obaol-automate-backend/node_modules/mongoose/lib/query.js","function":"async model.Query._findOne","line":2710,"method":"_findOne","native":false},{"column":63,"file":"/Users/jacoob/Documents/Dev/OBAOL CORE/Obaol-Web-App/obaol-automate-backend/node_modules/mongoose/lib/query.js","function":"async model.Query.exec","line":4627,"method":"exec","native":false}]}
2026-02-15T12:56:31.470Z [ERROR]: MongoDB Connection Error: {"error":"querySrv ETIMEOUT _mongodb._tcp.obaol-cluster.oq0ij.mongodb.net"}
2026-02-15T13:00:25.865Z [ERROR]: MongoDB Connection Error: {"error":"querySrv ETIMEOUT _mongodb._tcp.obaol-cluster.oq0ij.mongodb.net"}
2026-02-15T13:01:49.871Z [ERROR]: MongoDB Connection Error: {"error":"querySrv ETIMEOUT _mongodb._tcp.obaol-cluster.oq0ij.mongodb.net"}
2026-02-15T13:03:00.948Z [ERROR]: MongoDB Connection Error: {"error":"querySrv ETIMEOUT _mongodb._tcp.obaol-cluster.oq0ij.mongodb.net"}
2026-02-15T13:04:26.228Z [ERROR]: MongoDB Connection Error: {"error":"querySrv ETIMEOUT _mongodb._tcp.obaol-cluster.oq0ij.mongodb.net"}
2026-02-15T13:05:25.502Z [ERROR]: MongoDB Connection Error: {"error":"querySrv ETIMEOUT _mongodb._tcp.obaol-cluster.oq0ij.mongodb.net"}
2026-02-15T13:07:35.956Z [ERROR]: MongoDB Connection Error: {"error":"querySrv ETIMEOUT _mongodb._tcp.obaol-cluster.oq0ij.mongodb.net"}
2026-02-15T13:09:50.071Z [INFO]: MongoDB Connected: obaol-cluster-shard-00-00.oq0ij.mongodb.net 
2026-02-15T13:33:14.127Z [INFO]: MongoDB Connected: obaol-cluster-shard-00-02.oq0ij.mongodb.net 
2026-02-15T13:33:45.654Z [INFO]: MongoDB Connected: obaol-cluster-shard-00-01.oq0ij.mongodb.net 
2026-02-15T13:43:19.132Z [INFO]: MongoDB Connected: obaol-cluster-shard-00-00.oq0ij.mongodb.net 
2026-02-15T14:06:10.547Z [ERROR]: MongoDB Connection Error: {"error":"read ECONNRESET"}
2026-02-15T14:09:43.017Z [ERROR]: MongoDB Connection Error: {"error":"Could not connect to any servers in your MongoDB Atlas cluster. One common reason is that you're trying to access the database from an IP that isn't whitelisted. Make sure your current IP address is on your Atlas cluster's IP whitelist: https://www.mongodb.com/docs/atlas/security-whitelist/"}
2026-02-15T14:10:41.374Z [INFO]: MongoDB Connected: obaol-cluster-shard-00-00.oq0ij.mongodb.net 
2026-02-20T18:11:08.586Z [ERROR]: MongoDB Connection Error: {"error":"Could not connect to any servers in your MongoDB Atlas cluster. One common reason is that you're trying to access the database from an IP that isn't whitelisted. Make sure your current IP address is on your Atlas cluster's IP whitelist: https://www.mongodb.com/docs/atlas/security-whitelist/"}
2026-02-20T18:11:45.650Z [ERROR]: MongoDB Connection Error: {"error":"Could not connect to any servers in your MongoDB Atlas cluster. One common reason is that you're trying to access the database from an IP that isn't whitelisted. Make sure your current IP address is on your Atlas cluster's IP whitelist: https://www.mongodb.com/docs/atlas/security-whitelist/"}
2026-02-20T18:11:59.277Z [INFO]: MongoDB Connected: obaol-cluster-shard-00-00.oq0ij.mongodb.net 
2026-02-20T18:30:00.274Z [INFO]: Running daily variant rate reset cron job... 
2026-02-20T18:30:01.972Z [INFO]: Successfully offlined 0 variant rates. 
2026-02-20T18:46:13.984Z [INFO]: MongoDB Connected: obaol-cluster-shard-00-00.oq0ij.mongodb.net 
2026-02-20T20:19:25.452Z [INFO]: MongoDB Connected: obaol-cluster-shard-00-02.oq0ij.mongodb.net 
2026-02-20T20:27:13.009Z [INFO]: MongoDB Connected: obaol-cluster-shard-00-02.oq0ij.mongodb.net 
2026-02-20T20:47:31.461Z [INFO]: MongoDB Connected: obaol-cluster-shard-00-02.oq0ij.mongodb.net 
2026-02-20T23:18:08.725Z [INFO]: MongoDB Connected: obaol-cluster-shard-00-01.oq0ij.mongodb.net 
2026-02-20T23:24:47.789Z [INFO]: MongoDB Connected: obaol-cluster-shard-00-02.oq0ij.mongodb.net 
2026-02-20T23:31:19.729Z [ERROR]: unhandledRejection: getaddrinfo ENOTFOUND obaol-cluster-shard-00-02.oq0ij.mongodb.net
MongoServerSelectionError: getaddrinfo ENOTFOUND obaol-cluster-shard-00-02.oq0ij.mongodb.net
    at Topology.selectServer (/Users/jacoob/Documents/Dev/OBAOL CORE/Obaol-Web-App/obaol-automate-backend/node_modules/mongodb/src/sdam/topology.ts:635:30)
    at async tryOperation (/Users/jacoob/Documents/Dev/OBAOL CORE/Obaol-Web-App/obaol-automate-backend/node_modules/mongodb/src/operations/execute_operation.ts:202:16)
    at async executeOperation (/Users/jacoob/Documents/Dev/OBAOL CORE/Obaol-Web-App/obaol-automate-backend/node_modules/mongodb/src/operations/execute_operation.ts:119:12)
    at async FindCursor._initialize (/Users/jacoob/Documents/Dev/OBAOL CORE/Obaol-Web-App/obaol-automate-backend/node_modules/mongodb/src/cursor/find_cursor.ts:92:22)
    at async FindCursor.cursorInit (/Users/jacoob/Documents/Dev/OBAOL CORE/Obaol-Web-App/obaol-automate-backend/node_modules/mongodb/src/cursor/abstract_cursor.ts:949:21)
    at async FindCursor.fetchBatch (/Users/jacoob/Documents/Dev/OBAOL CORE/Obaol-Web-App/obaol-automate-backend/node_modules/mongodb/src/cursor/abstract_cursor.ts:987:7)
    at async FindCursor.next (/Users/jacoob/Documents/Dev/OBAOL CORE/Obaol-Web-App/obaol-automate-backend/node_modules/mongodb/src/cursor/abstract_cursor.ts:608:9)
    at async Collection.findOne (/Users/jacoob/Documents/Dev/OBAOL CORE/Obaol-Web-App/obaol-automate-backend/node_modules/mongodb/src/collection.ts:552:20)
    at async model.Query._findOne (/Users/jacoob/Documents/Dev/OBAOL CORE/Obaol-Web-App/obaol-automate-backend/node_modules/mongoose/lib/query.js:2710:15)
    at async model.Query.exec (/Users/jacoob/Documents/Dev/OBAOL CORE/Obaol-Web-App/obaol-automate-backend/node_modules/mongoose/lib/query.js:4627:63) {"error":{"errorLabelSet":{},"reason":{"type":"ReplicaSetNoPrimary","servers":{"obaol-cluster-shard-00-02.oq0ij.mongodb.net:27017":{"address":"obaol-cluster-shard-00-02.oq0ij.mongodb.net:27017","type":"Unknown","hosts":[],"passives":[],"arbiters":[],"tags":{},"minWireVersion":0,"maxWireVersion":0,"roundTripTime":-1,"minRoundTripTime":0,"lastUpdateTime":19428770,"lastWriteDate":0,"error":{"errorLabelSet":{},"beforeHandshake":false},"topologyVersion":null,"setName":null,"setVersion":null,"electionId":null,"logicalSessionTimeoutMinutes":null,"maxMessageSizeBytes":null,"maxWriteBatchSize":null,"maxBsonObjectSize":null,"primary":null,"me":null,"$clusterTime":null,"iscryptd":false},"obaol-cluster-shard-00-00.oq0ij.mongodb.net:27017":{"address":"obaol-cluster-shard-00-00.oq0ij.mongodb.net:27017","type":"Unknown","hosts":[],"passives":[],"arbiters":[],"tags":{},"minWireVersion":0,"maxWireVersion":0,"roundTripTime":-1,"minRoundTripTime":0,"lastUpdateTime":19428770,"lastWriteDate":0,"error":{"errorLabelSet":{},"beforeHandshake":false},"topologyVersion":null,"setName":null,"setVersion":null,"electionId":null,"logicalSessionTimeoutMinutes":null,"maxMessageSizeBytes":null,"maxWriteBatchSize":null,"maxBsonObjectSize":null,"primary":null,"me":null,"$clusterTime":null,"iscryptd":false},"obaol-cluster-shard-00-01.oq0ij.mongodb.net:27017":{"address":"obaol-cluster-shard-00-01.oq0ij.mongodb.net:27017","type":"Unknown","hosts":[],"passives":[],"arbiters":[],"tags":{},"minWireVersion":0,"maxWireVersion":0,"roundTripTime":-1,"minRoundTripTime":0,"lastUpdateTime":19428799,"lastWriteDate":0,"error":{"errorLabelSet":{},"beforeHandshake":false},"topologyVersion":null,"setName":null,"setVersion":null,"electionId":null,"logicalSessionTimeoutMinutes":null,"maxMessageSizeBytes":null,"maxWriteBatchSize":null,"maxBsonObjectSize":null,"primary":null,"me":null,"$clusterTime":null,"iscryptd":false}},"stale":false,"compatible":true,"heartbeatFrequencyMS":10000,"localThresholdMS":15,"setName":"atlas-q2r2uk-shard-0","maxElectionId":{"$oid":"7fffffff0000000000000302"},"maxSetVersion":368,"commonWireVersion":0,"logicalSessionTimeoutMinutes":null}},"stack":"MongoServerSelectionError: getaddrinfo ENOTFOUND obaol-cluster-shard-00-02.oq0ij.mongodb.net\n    at Topology.selectServer (/Users/jacoob/Documents/Dev/OBAOL CORE/Obaol-Web-App/obaol-automate-backend/node_modules/mongodb/src/sdam/topology.ts:635:30)\n    at async tryOperation (/Users/jacoob/Documents/Dev/OBAOL CORE/Obaol-Web-App/obaol-automate-backend/node_modules/mongodb/src/operations/execute_operation.ts:202:16)\n    at async executeOperation (/Users/jacoob/Documents/Dev/OBAOL CORE/Obaol-Web-App/obaol-automate-backend/node_modules/mongodb/src/operations/execute_operation.ts:119:12)\n    at async FindCursor._initialize (/Users/jacoob/Documents/Dev/OBAOL CORE/Obaol-Web-App/obaol-automate-backend/node_modules/mongodb/src/cursor/find_cursor.ts:92:22)\n    at async FindCursor.cursorInit (/Users/jacoob/Documents/Dev/OBAOL CORE/Obaol-Web-App/obaol-automate-backend/node_modules/mongodb/src/cursor/abstract_cursor.ts:949:21)\n    at async FindCursor.fetchBatch (/Users/jacoob/Documents/Dev/OBAOL CORE/Obaol-Web-App/obaol-automate-backend/node_modules/mongodb/src/cursor/abstract_cursor.ts:987:7)\n    at async FindCursor.next (/Users/jacoob/Documents/Dev/OBAOL CORE/Obaol-Web-App/obaol-automate-backend/node_modules/mongodb/src/cursor/abstract_cursor.ts:608:9)\n    at async Collection.findOne (/Users/jacoob/Documents/Dev/OBAOL CORE/Obaol-Web-App/obaol-automate-backend/node_modules/mongodb/src/collection.ts:552:20)\n    at async model.Query._findOne (/Users/jacoob/Documents/Dev/OBAOL CORE/Obaol-Web-App/obaol-automate-backend/node_modules/mongoose/lib/query.js:2710:15)\n    at async model.Query.exec (/Users/jacoob/Documents/Dev/OBAOL CORE/Obaol-Web-App/obaol-automate-backend/node_modules/mongoose/lib/query.js:4627:63)","rejection":true,"date":"Sat Feb 21 2026 05:01:19 GMT+0530 (India Standard Time)","process":{"pid":15978,"uid":501,"gid":20,"cwd":"/Users/jacoob/Documents/Dev/OBAOL CORE/Obaol-Web-App/obaol-automate-backend","execPath":"/usr/local/bin/node","version":"v24.12.0","argv":["/Users/jacoob/Documents/Dev/OBAOL CORE/Obaol-Web-App/obaol-automate-backend/node_modules/.bin/ts-node","/Users/jacoob/Documents/Dev/OBAOL CORE/Obaol-Web-App/obaol-automate-backend/src/index.ts"],"memoryUsage":{"rss":83607552,"heapTotal":446087168,"heapUsed":441404592,"external":27833949,"arrayBuffers":23579130}},"os":{"loadavg":[3.31494140625,2.77001953125,2.560546875],"uptime":19424},"trace":[{"column":30,"file":"/Users/jacoob/Documents/Dev/OBAOL CORE/Obaol-Web-App/obaol-automate-backend/node_modules/mongodb/src/sdam/topology.ts","function":"Topology.selectServer","line":635,"method":"selectServer","native":false},{"column":16,"file":"/Users/jacoob/Documents/Dev/OBAOL CORE/Obaol-Web-App/obaol-automate-backend/node_modules/mongodb/src/operations/execute_operation.ts","function":"async tryOperation","line":202,"method":null,"native":false},{"column":12,"file":"/Users/jacoob/Documents/Dev/OBAOL CORE/Obaol-Web-App/obaol-automate-backend/node_modules/mongodb/src/operations/execute_operation.ts","function":"async executeOperation","line":119,"method":null,"native":false},{"column":22,"file":"/Users/jacoob/Documents/Dev/OBAOL CORE/Obaol-Web-App/obaol-automate-backend/node_modules/mongodb/src/cursor/find_cursor.ts","function":"async FindCursor._initialize","line":92,"method":"_initialize","native":false},{"column":21,"file":"/Users/jacoob/Documents/Dev/OBAOL CORE/Obaol-Web-App/obaol-automate-backend/node_modules/mongodb/src/cursor/abstract_cursor.ts","function":"async FindCursor.cursorInit","line":949,"method":"cursorInit","native":false},{"column":7,"file":"/Users/jacoob/Documents/Dev/OBAOL CORE/Obaol-Web-App/obaol-automate-backend/node_modules/mongodb/src/cursor/abstract_cursor.ts","function":"async FindCursor.fetchBatch","line":987,"method":"fetchBatch","native":false},{"column":9,"file":"/Users/jacoob/Documents/Dev/OBAOL CORE/Obaol-Web-App/obaol-automate-backend/node_modules/mongodb/src/cursor/abstract_cursor.ts","function":"async FindCursor.next","line":608,"method":"next","native":false},{"column":20,"file":"/Users/jacoob/Documents/Dev/OBAOL CORE/Obaol-Web-App/obaol-automate-backend/node_modules/mongodb/src/collection.ts","function":"async Collection.findOne","line":552,"method":"findOne","native":false},{"column":15,"file":"/Users/jacoob/Documents/Dev/OBAOL CORE/Obaol-Web-App/obaol-automate-backend/node_modules/mongoose/lib/query.js","function":"async model.Query._findOne","line":2710,"method":"_findOne","native":false},{"column":63,"file":"/Users/jacoob/Documents/Dev/OBAOL CORE/Obaol-Web-App/obaol-automate-backend/node_modules/mongoose/lib/query.js","function":"async model.Query.exec","line":4627,"method":"exec","native":false}]}
2026-02-20T23:31:30.032Z [ERROR]: MongoDB Connection Error: {"error":"querySrv ECONNREFUSED _mongodb._tcp.obaol-cluster.oq0ij.mongodb.net"}
2026-02-20T23:32:46.839Z [INFO]: MongoDB Connected: obaol-cluster-shard-00-00.oq0ij.mongodb.net 
2026-02-20T23:48:03.634Z [INFO]: MongoDB Connected: obaol-cluster-shard-00-00.oq0ij.mongodb.net 
2026-02-21T07:19:56.461Z [INFO]: MongoDB Connected: obaol-cluster-shard-00-01.oq0ij.mongodb.net 
2026-02-21T15:12:46.172Z [INFO]: MongoDB Connected: obaol-cluster-shard-00-00.oq0ij.mongodb.net 
2026-02-21T15:27:32.562Z [INFO]: MongoDB Connected: obaol-cluster-shard-00-00.oq0ij.mongodb.net 
2026-02-21T15:27:48.708Z [INFO]: MongoDB Connected: obaol-cluster-shard-00-00.oq0ij.mongodb.net 
2026-02-21T15:29:03.981Z [INFO]: MongoDB Connected: obaol-cluster-shard-00-02.oq0ij.mongodb.net 
2026-02-21T15:40:12.622Z [ERROR]: unhandledRejection: Connection to obaol-cluster-shard-00-01.oq0ij.mongodb.net:27017 interrupted due to server monitor timeout
PoolClearedOnNetworkError: Connection to obaol-cluster-shard-00-01.oq0ij.mongodb.net:27017 interrupted due to server monitor timeout
    at ConnectionPool.interruptInUseConnections (/Users/jacoob/Documents/Dev/OBAOL CORE/Obaol-Web-App/obaol-automate-backend/node_modules/mongodb/src/cmap/connection_pool.ts:487:28)
    at /Users/jacoob/Documents/Dev/OBAOL CORE/Obaol-Web-App/obaol-automate-backend/node_modules/mongodb/src/cmap/connection_pool.ts:473:35
    at processTicksAndRejections (node:internal/process/task_queues:84:11) {"error":{"errorLabelSet":{},"beforeHandshake":false,"address":"obaol-cluster-shard-00-01.oq0ij.mongodb.net:27017"},"stack":"PoolClearedOnNetworkError: Connection to obaol-cluster-shard-00-01.oq0ij.mongodb.net:27017 interrupted due to server monitor timeout\n    at ConnectionPool.interruptInUseConnections (/Users/jacoob/Documents/Dev/OBAOL CORE/Obaol-Web-App/obaol-automate-backend/node_modules/mongodb/src/cmap/connection_pool.ts:487:28)\n    at /Users/jacoob/Documents/Dev/OBAOL CORE/Obaol-Web-App/obaol-automate-backend/node_modules/mongodb/src/cmap/connection_pool.ts:473:35\n    at processTicksAndRejections (node:internal/process/task_queues:84:11)","rejection":true,"date":"Sat Feb 21 2026 21:10:12 GMT+0530 (India Standard Time)","process":{"pid":6355,"uid":501,"gid":20,"cwd":"/Users/jacoob/Documents/Dev/OBAOL CORE/Obaol-Web-App/obaol-automate-backend","execPath":"/usr/local/bin/node","version":"v24.12.0","argv":["/Users/jacoob/Documents/Dev/OBAOL CORE/Obaol-Web-App/obaol-automate-backend/node_modules/.bin/ts-node","/Users/jacoob/Documents/Dev/OBAOL CORE/Obaol-Web-App/obaol-automate-backend/src/index.ts"],"memoryUsage":{"rss":95322112,"heapTotal":439582720,"heapUsed":437280192,"external":28006117,"arrayBuffers":23751298}},"os":{"loadavg":[2.0634765625,1.80078125,1.95068359375],"uptime":29124},"trace":[{"column":28,"file":"/Users/jacoob/Documents/Dev/OBAOL CORE/Obaol-Web-App/obaol-automate-backend/node_modules/mongodb/src/cmap/connection_pool.ts","function":"ConnectionPool.interruptInUseConnections","line":487,"method":"interruptInUseConnections","native":false},{"column":35,"file":"/Users/jacoob/Documents/Dev/OBAOL CORE/Obaol-Web-App/obaol-automate-backend/node_modules/mongodb/src/cmap/connection_pool.ts","function":null,"line":473,"method":null,"native":false},{"column":11,"file":"node:internal/process/task_queues","function":"processTicksAndRejections","line":84,"method":null,"native":false}]}
2026-02-21T15:41:02.423Z [INFO]: MongoDB Connected: obaol-cluster-shard-00-02.oq0ij.mongodb.net 
2026-02-21T15:51:39.009Z [ERROR]: unhandledRejection: getaddrinfo ENOTFOUND obaol-cluster-shard-00-02.oq0ij.mongodb.net
MongoServerSelectionError: getaddrinfo ENOTFOUND obaol-cluster-shard-00-02.oq0ij.mongodb.net
    at Topology.selectServer (/Users/jacoob/Documents/Dev/OBAOL CORE/Obaol-Web-App/obaol-automate-backend/node_modules/mongodb/src/sdam/topology.ts:635:30)
    at async tryOperation (/Users/jacoob/Documents/Dev/OBAOL CORE/Obaol-Web-App/obaol-automate-backend/node_modules/mongodb/src/operations/execute_operation.ts:202:16)
    at async executeOperation (/Users/jacoob/Documents/Dev/OBAOL CORE/Obaol-Web-App/obaol-automate-backend/node_modules/mongodb/src/operations/execute_operation.ts:119:12)
    at async FindCursor._initialize (/Users/jacoob/Documents/Dev/OBAOL CORE/Obaol-Web-App/obaol-automate-backend/node_modules/mongodb/src/cursor/find_cursor.ts:92:22)
    at async FindCursor.cursorInit (/Users/jacoob/Documents/Dev/OBAOL CORE/Obaol-Web-App/obaol-automate-backend/node_modules/mongodb/src/cursor/abstract_cursor.ts:949:21)
    at async FindCursor.fetchBatch (/Users/jacoob/Documents/Dev/OBAOL CORE/Obaol-Web-App/obaol-automate-backend/node_modules/mongodb/src/cursor/abstract_cursor.ts:987:7)
    at async FindCursor.next (/Users/jacoob/Documents/Dev/OBAOL CORE/Obaol-Web-App/obaol-automate-backend/node_modules/mongodb/src/cursor/abstract_cursor.ts:608:9)
    at async Collection.findOne (/Users/jacoob/Documents/Dev/OBAOL CORE/Obaol-Web-App/obaol-automate-backend/node_modules/mongodb/src/collection.ts:552:20)
    at async model.Query._findOne (/Users/jacoob/Documents/Dev/OBAOL CORE/Obaol-Web-App/obaol-automate-backend/node_modules/mongoose/lib/query.js:2710:15)
    at async model.Query.exec (/Users/jacoob/Documents/Dev/OBAOL CORE/Obaol-Web-App/obaol-automate-backend/node_modules/mongoose/lib/query.js:4627:63) {"error":{"errorLabelSet":{},"reason":{"type":"ReplicaSetNoPrimary","servers":{"obaol-cluster-shard-00-02.oq0ij.mongodb.net:27017":{"address":"obaol-cluster-shard-00-02.oq0ij.mongodb.net:27017","type":"Unknown","hosts":[],"passives":[],"arbiters":[],"tags":{},"minWireVersion":0,"maxWireVersion":0,"roundTripTime":-1,"minRoundTripTime":0,"lastUpdateTime":29801205,"lastWriteDate":0,"error":{"errorLabelSet":{},"beforeHandshake":false},"topologyVersion":null,"setName":null,"setVersion":null,"electionId":null,"logicalSessionTimeoutMinutes":null,"maxMessageSizeBytes":null,"maxWriteBatchSize":null,"maxBsonObjectSize":null,"primary":null,"me":null,"$clusterTime":null,"iscryptd":false},"obaol-cluster-shard-00-00.oq0ij.mongodb.net:27017":{"address":"obaol-cluster-shard-00-00.oq0ij.mongodb.net:27017","type":"Unknown","hosts":[],"passives":[],"arbiters":[],"tags":{},"minWireVersion":0,"maxWireVersion":0,"roundTripTime":-1,"minRoundTripTime":0,"lastUpdateTime":29816175,"lastWriteDate":0,"error":{"errorLabelSet":{},"beforeHandshake":false},"topologyVersion":null,"setName":null,"setVersion":null,"electionId":null,"logicalSessionTimeoutMinutes":null,"maxMessageSizeBytes":null,"maxWriteBatchSize":null,"maxBsonObjectSize":null,"primary":null,"me":null,"$clusterTime":null,"iscryptd":false},"obaol-cluster-shard-00-01.oq0ij.mongodb.net:27017":{"address":"obaol-cluster-shard-00-01.oq0ij.mongodb.net:27017","type":"Unknown","hosts":[],"passives":[],"arbiters":[],"tags":{},"minWireVersion":0,"maxWireVersion":0,"roundTripTime":-1,"minRoundTripTime":0,"lastUpdateTime":29816358,"lastWriteDate":0,"error":{"errorLabelSet":{},"beforeHandshake":false},"topologyVersion":null,"setName":null,"setVersion":null,"electionId":null,"logicalSessionTimeoutMinutes":null,"maxMessageSizeBytes":null,"maxWriteBatchSize":null,"maxBsonObjectSize":null,"primary":null,"me":null,"$clusterTime":null,"iscryptd":false}},"stale":false,"compatible":true,"heartbeatFrequencyMS":10000,"localThresholdMS":15,"setName":"atlas-q2r2uk-shard-0","maxElectionId":{"$oid":"7fffffff0000000000000302"},"maxSetVersion":368,"commonWireVersion":0,"logicalSessionTimeoutMinutes":null}},"stack":"MongoServerSelectionError: getaddrinfo ENOTFOUND obaol-cluster-shard-00-02.oq0ij.mongodb.net\n    at Topology.selectServer (/Users/jacoob/Documents/Dev/OBAOL CORE/Obaol-Web-App/obaol-automate-backend/node_modules/mongodb/src/sdam/topology.ts:635:30)\n    at async tryOperation (/Users/jacoob/Documents/Dev/OBAOL CORE/Obaol-Web-App/obaol-automate-backend/node_modules/mongodb/src/operations/execute_operation.ts:202:16)\n    at async executeOperation (/Users/jacoob/Documents/Dev/OBAOL CORE/Obaol-Web-App/obaol-automate-backend/node_modules/mongodb/src/operations/execute_operation.ts:119:12)\n    at async FindCursor._initialize (/Users/jacoob/Documents/Dev/OBAOL CORE/Obaol-Web-App/obaol-automate-backend/node_modules/mongodb/src/cursor/find_cursor.ts:92:22)\n    at async FindCursor.cursorInit (/Users/jacoob/Documents/Dev/OBAOL CORE/Obaol-Web-App/obaol-automate-backend/node_modules/mongodb/src/cursor/abstract_cursor.ts:949:21)\n    at async FindCursor.fetchBatch (/Users/jacoob/Documents/Dev/OBAOL CORE/Obaol-Web-App/obaol-automate-backend/node_modules/mongodb/src/cursor/abstract_cursor.ts:987:7)\n    at async FindCursor.next (/Users/jacoob/Documents/Dev/OBAOL CORE/Obaol-Web-App/obaol-automate-backend/node_modules/mongodb/src/cursor/abstract_cursor.ts:608:9)\n    at async Collection.findOne (/Users/jacoob/Documents/Dev/OBAOL CORE/Obaol-Web-App/obaol-automate-backend/node_modules/mongodb/src/collection.ts:552:20)\n    at async model.Query._findOne (/Users/jacoob/Documents/Dev/OBAOL CORE/Obaol-Web-App/obaol-automate-backend/node_modules/mongoose/lib/query.js:2710:15)\n    at async model.Query.exec (/Users/jacoob/Documents/Dev/OBAOL CORE/Obaol-Web-App/obaol-automate-backend/node_modules/mongoose/lib/query.js:4627:63)","rejection":true,"date":"Sat Feb 21 2026 21:21:39 GMT+0530 (India Standard Time)","process":{"pid":6848,"uid":501,"gid":20,"cwd":"/Users/jacoob/Documents/Dev/OBAOL CORE/Obaol-Web-App/obaol-automate-backend","execPath":"/usr/local/bin/node","version":"v24.12.0","argv":["/Users/jacoob/Documents/Dev/OBAOL CORE/Obaol-Web-App/obaol-automate-backend/node_modules/.bin/ts-node","/Users/jacoob/Documents/Dev/OBAOL CORE/Obaol-Web-App/obaol-automate-backend/src/index.ts"],"memoryUsage":{"rss":162168832,"heapTotal":462389248,"heapUsed":456219032,"external":29859637,"arrayBuffers":25604818}},"os":{"loadavg":[1.7060546875,1.76318359375,1.8466796875],"uptime":29811},"trace":[{"column":30,"file":"/Users/jacoob/Documents/Dev/OBAOL CORE/Obaol-Web-App/obaol-automate-backend/node_modules/mongodb/src/sdam/topology.ts","function":"Topology.selectServer","line":635,"method":"selectServer","native":false},{"column":16,"file":"/Users/jacoob/Documents/Dev/OBAOL CORE/Obaol-Web-App/obaol-automate-backend/node_modules/mongodb/src/operations/execute_operation.ts","function":"async tryOperation","line":202,"method":null,"native":false},{"column":12,"file":"/Users/jacoob/Documents/Dev/OBAOL CORE/Obaol-Web-App/obaol-automate-backend/node_modules/mongodb/src/operations/execute_operation.ts","function":"async executeOperation","line":119,"method":null,"native":false},{"column":22,"file":"/Users/jacoob/Documents/Dev/OBAOL CORE/Obaol-Web-App/obaol-automate-backend/node_modules/mongodb/src/cursor/find_cursor.ts","function":"async FindCursor._initialize","line":92,"method":"_initialize","native":false},{"column":21,"file":"/Users/jacoob/Documents/Dev/OBAOL CORE/Obaol-Web-App/obaol-automate-backend/node_modules/mongodb/src/cursor/abstract_cursor.ts","function":"async FindCursor.cursorInit","line":949,"method":"cursorInit","native":false},{"column":7,"file":"/Users/jacoob/Documents/Dev/OBAOL CORE/Obaol-Web-App/obaol-automate-backend/node_modules/mongodb/src/cursor/abstract_cursor.ts","function":"async FindCursor.fetchBatch","line":987,"method":"fetchBatch","native":false},{"column":9,"file":"/Users/jacoob/Documents/Dev/OBAOL CORE/Obaol-Web-App/obaol-automate-backend/node_modules/mongodb/src/cursor/abstract_cursor.ts","function":"async FindCursor.next","line":608,"method":"next","native":false},{"column":20,"file":"/Users/jacoob/Documents/Dev/OBAOL CORE/Obaol-Web-App/obaol-automate-backend/node_modules/mongodb/src/collection.ts","function":"async Collection.findOne","line":552,"method":"findOne","native":false},{"column":15,"file":"/Users/jacoob/Documents/Dev/OBAOL CORE/Obaol-Web-App/obaol-automate-backend/node_modules/mongoose/lib/query.js","function":"async model.Query._findOne","line":2710,"method":"_findOne","native":false},{"column":63,"file":"/Users/jacoob/Documents/Dev/OBAOL CORE/Obaol-Web-App/obaol-automate-backend/node_modules/mongoose/lib/query.js","function":"async model.Query.exec","line":4627,"method":"exec","native":false}]}
2026-02-21T15:56:15.385Z [INFO]: MongoDB Connected: obaol-cluster-shard-00-02.oq0ij.mongodb.net 
2026-02-21T16:38:09.176Z [ERROR]: unhandledRejection: getaddrinfo ENOTFOUND obaol-cluster-shard-00-02.oq0ij.mongodb.net
MongoServerSelectionError: getaddrinfo ENOTFOUND obaol-cluster-shard-00-02.oq0ij.mongodb.net
    at Topology.selectServer (/Users/jacoob/Documents/Dev/OBAOL CORE/Obaol-Web-App/obaol-automate-backend/node_modules/mongodb/src/sdam/topology.ts:635:30)
    at async tryOperation (/Users/jacoob/Documents/Dev/OBAOL CORE/Obaol-Web-App/obaol-automate-backend/node_modules/mongodb/src/operations/execute_operation.ts:202:16)
    at async executeOperation (/Users/jacoob/Documents/Dev/OBAOL CORE/Obaol-Web-App/obaol-automate-backend/node_modules/mongodb/src/operations/execute_operation.ts:119:12)
    at async FindCursor._initialize (/Users/jacoob/Documents/Dev/OBAOL CORE/Obaol-Web-App/obaol-automate-backend/node_modules/mongodb/src/cursor/find_cursor.ts:92:22)
    at async FindCursor.cursorInit (/Users/jacoob/Documents/Dev/OBAOL CORE/Obaol-Web-App/obaol-automate-backend/node_modules/mongodb/src/cursor/abstract_cursor.ts:949:21)
    at async FindCursor.fetchBatch (/Users/jacoob/Documents/Dev/OBAOL CORE/Obaol-Web-App/obaol-automate-backend/node_modules/mongodb/src/cursor/abstract_cursor.ts:987:7)
    at async FindCursor.next (/Users/jacoob/Documents/Dev/OBAOL CORE/Obaol-Web-App/obaol-automate-backend/node_modules/mongodb/src/cursor/abstract_cursor.ts:608:9)
    at async Collection.findOne (/Users/jacoob/Documents/Dev/OBAOL CORE/Obaol-Web-App/obaol-automate-backend/node_modules/mongodb/src/collection.ts:552:20)
    at async model.Query._findOne (/Users/jacoob/Documents/Dev/OBAOL CORE/Obaol-Web-App/obaol-automate-backend/node_modules/mongoose/lib/query.js:2710:15)
    at async model.Query.exec (/Users/jacoob/Documents/Dev/OBAOL CORE/Obaol-Web-App/obaol-automate-backend/node_modules/mongoose/lib/query.js:4627:63) {"error":{"errorLabelSet":{},"reason":{"type":"ReplicaSetNoPrimary","servers":{"obaol-cluster-shard-00-02.oq0ij.mongodb.net:27017":{"address":"obaol-cluster-shard-00-02.oq0ij.mongodb.net:27017","type":"Unknown","hosts":[],"passives":[],"arbiters":[],"tags":{},"minWireVersion":0,"maxWireVersion":0,"roundTripTime":-1,"minRoundTripTime":0,"lastUpdateTime":32606535,"lastWriteDate":0,"error":{"errorLabelSet":{},"beforeHandshake":false},"topologyVersion":null,"setName":null,"setVersion":null,"electionId":null,"logicalSessionTimeoutMinutes":null,"maxMessageSizeBytes":null,"maxWriteBatchSize":null,"maxBsonObjectSize":null,"primary":null,"me":null,"$clusterTime":null,"iscryptd":false},"obaol-cluster-shard-00-00.oq0ij.mongodb.net:27017":{"address":"obaol-cluster-shard-00-00.oq0ij.mongodb.net:27017","type":"Unknown","hosts":[],"passives":[],"arbiters":[],"tags":{},"minWireVersion":0,"maxWireVersion":0,"roundTripTime":-1,"minRoundTripTime":0,"lastUpdateTime":32606535,"lastWriteDate":0,"error":{"errorLabelSet":{},"beforeHandshake":false},"topologyVersion":null,"setName":null,"setVersion":null,"electionId":null,"logicalSessionTimeoutMinutes":null,"maxMessageSizeBytes":null,"maxWriteBatchSize":null,"maxBsonObjectSize":null,"primary":null,"me":null,"$clusterTime":null,"iscryptd":false},"obaol-cluster-shard-00-01.oq0ij.mongodb.net:27017":{"address":"obaol-cluster-shard-00-01.oq0ij.mongodb.net:27017","type":"Unknown","hosts":[],"passives":[],"arbiters":[],"tags":{},"minWireVersion":0,"maxWireVersion":0,"roundTripTime":-1,"minRoundTripTime":0,"lastUpdateTime":32606536,"lastWriteDate":0,"error":{"errorLabelSet":{},"beforeHandshake":false},"topologyVersion":null,"setName":null,"setVersion":null,"electionId":null,"logicalSessionTimeoutMinutes":null,"maxMessageSizeBytes":null,"maxWriteBatchSize":null,"maxBsonObjectSize":null,"primary":null,"me":null,"$clusterTime":null,"iscryptd":false}},"stale":false,"compatible":true,"heartbeatFrequencyMS":10000,"localThresholdMS":15,"setName":"atlas-q2r2uk-shard-0","maxElectionId":{"$oid":"7fffffff0000000000000302"},"maxSetVersion":368,"commonWireVersion":0,"logicalSessionTimeoutMinutes":null}},"stack":"MongoServerSelectionError: getaddrinfo ENOTFOUND obaol-cluster-shard-00-02.oq0ij.mongodb.net\n    at Topology.selectServer (/Users/jacoob/Documents/Dev/OBAOL CORE/Obaol-Web-App/obaol-automate-backend/node_modules/mongodb/src/sdam/topology.ts:635:30)\n    at async tryOperation (/Users/jacoob/Documents/Dev/OBAOL CORE/Obaol-Web-App/obaol-automate-backend/node_modules/mongodb/src/operations/execute_operation.ts:202:16)\n    at async executeOperation (/Users/jacoob/Documents/Dev/OBAOL CORE/Obaol-Web-App/obaol-automate-backend/node_modules/mongodb/src/operations/execute_operation.ts:119:12)\n    at async FindCursor._initialize (/Users/jacoob/Documents/Dev/OBAOL CORE/Obaol-Web-App/obaol-automate-backend/node_modules/mongodb/src/cursor/find_cursor.ts:92:22)\n    at async FindCursor.cursorInit (/Users/jacoob/Documents/Dev/OBAOL CORE/Obaol-Web-App/obaol-automate-backend/node_modules/mongodb/src/cursor/abstract_cursor.ts:949:21)\n    at async FindCursor.fetchBatch (/Users/jacoob/Documents/Dev/OBAOL CORE/Obaol-Web-App/obaol-automate-backend/node_modules/mongodb/src/cursor/abstract_cursor.ts:987:7)\n    at async FindCursor.next (/Users/jacoob/Documents/Dev/OBAOL CORE/Obaol-Web-App/obaol-automate-backend/node_modules/mongodb/src/cursor/abstract_cursor.ts:608:9)\n    at async Collection.findOne (/Users/jacoob/Documents/Dev/OBAOL CORE/Obaol-Web-App/obaol-automate-backend/node_modules/mongodb/src/collection.ts:552:20)\n    at async model.Query._findOne (/Users/jacoob/Documents/Dev/OBAOL CORE/Obaol-Web-App/obaol-automate-backend/node_modules/mongoose/lib/query.js:2710:15)\n    at async model.Query.exec (/Users/jacoob/Documents/Dev/OBAOL CORE/Obaol-Web-App/obaol-automate-backend/node_modules/mongoose/lib/query.js:4627:63)","rejection":true,"date":"Sat Feb 21 2026 22:08:09 GMT+0530 (India Standard Time)","process":{"pid":7378,"uid":501,"gid":20,"cwd":"/Users/jacoob/Documents/Dev/OBAOL CORE/Obaol-Web-App/obaol-automate-backend","execPath":"/usr/local/bin/node","version":"v24.12.0","argv":["/Users/jacoob/Documents/Dev/OBAOL CORE/Obaol-Web-App/obaol-automate-backend/node_modules/.bin/ts-node","/Users/jacoob/Documents/Dev/OBAOL CORE/Obaol-Web-App/obaol-automate-backend/src/index.ts"],"memoryUsage":{"rss":129318912,"heapTotal":478838784,"heapUsed":472540232,"external":29238500,"arrayBuffers":24983681}},"os":{"loadavg":[1.30810546875,1.21826171875,1.27685546875],"uptime":32601},"trace":[{"column":30,"file":"/Users/jacoob/Documents/Dev/OBAOL CORE/Obaol-Web-App/obaol-automate-backend/node_modules/mongodb/src/sdam/topology.ts","function":"Topology.selectServer","line":635,"method":"selectServer","native":false},{"column":16,"file":"/Users/jacoob/Documents/Dev/OBAOL CORE/Obaol-Web-App/obaol-automate-backend/node_modules/mongodb/src/operations/execute_operation.ts","function":"async tryOperation","line":202,"method":null,"native":false},{"column":12,"file":"/Users/jacoob/Documents/Dev/OBAOL CORE/Obaol-Web-App/obaol-automate-backend/node_modules/mongodb/src/operations/execute_operation.ts","function":"async executeOperation","line":119,"method":null,"native":false},{"column":22,"file":"/Users/jacoob/Documents/Dev/OBAOL CORE/Obaol-Web-App/obaol-automate-backend/node_modules/mongodb/src/cursor/find_cursor.ts","function":"async FindCursor._initialize","line":92,"method":"_initialize","native":false},{"column":21,"file":"/Users/jacoob/Documents/Dev/OBAOL CORE/Obaol-Web-App/obaol-automate-backend/node_modules/mongodb/src/cursor/abstract_cursor.ts","function":"async FindCursor.cursorInit","line":949,"method":"cursorInit","native":false},{"column":7,"file":"/Users/jacoob/Documents/Dev/OBAOL CORE/Obaol-Web-App/obaol-automate-backend/node_modules/mongodb/src/cursor/abstract_cursor.ts","function":"async FindCursor.fetchBatch","line":987,"method":"fetchBatch","native":false},{"column":9,"file":"/Users/jacoob/Documents/Dev/OBAOL CORE/Obaol-Web-App/obaol-automate-backend/node_modules/mongodb/src/cursor/abstract_cursor.ts","function":"async FindCursor.next","line":608,"method":"next","native":false},{"column":20,"file":"/Users/jacoob/Documents/Dev/OBAOL CORE/Obaol-Web-App/obaol-automate-backend/node_modules/mongodb/src/collection.ts","function":"async Collection.findOne","line":552,"method":"findOne","native":false},{"column":15,"file":"/Users/jacoob/Documents/Dev/OBAOL CORE/Obaol-Web-App/obaol-automate-backend/node_modules/mongoose/lib/query.js","function":"async model.Query._findOne","line":2710,"method":"_findOne","native":false},{"column":63,"file":"/Users/jacoob/Documents/Dev/OBAOL CORE/Obaol-Web-App/obaol-automate-backend/node_modules/mongoose/lib/query.js","function":"async model.Query.exec","line":4627,"method":"exec","native":false}]}
2026-02-21T16:53:42.173Z [INFO]: MongoDB Connected: obaol-cluster-shard-00-01.oq0ij.mongodb.net 
2026-02-23T20:58:25.136Z [INFO]: MongoDB Connected: obaol-cluster-shard-00-01.oq0ij.mongodb.net 
2026-02-23T23:09:30.377Z [INFO]: MongoDB Connected: obaol-cluster-shard-00-02.oq0ij.mongodb.net 
2026-02-23T23:12:11.669Z [INFO]: MongoDB Connected: obaol-cluster-shard-00-00.oq0ij.mongodb.net 
2026-02-23T23:12:24.508Z [INFO]: MongoDB Connected: obaol-cluster-shard-00-00.oq0ij.mongodb.net 
2026-02-23T23:12:43.214Z [INFO]: MongoDB Connected: obaol-cluster-shard-00-02.oq0ij.mongodb.net 
2026-02-23T23:13:00.837Z [INFO]: MongoDB Connected: obaol-cluster-shard-00-02.oq0ij.mongodb.net 
2026-02-23T23:13:11.127Z [INFO]: MongoDB Connected: obaol-cluster-shard-00-02.oq0ij.mongodb.net 
2026-02-25T10:18:11.936Z [INFO]: MongoDB Connected: obaol-cluster-shard-00-02.oq0ij.mongodb.net 
2026-02-25T12:18:15.929Z [INFO]: MongoDB Connected: obaol-cluster-shard-00-00.oq0ij.mongodb.net 
2026-02-25T12:18:23.376Z [INFO]: MongoDB Connected: obaol-cluster-shard-00-02.oq0ij.mongodb.net 
2026-02-25T12:18:28.474Z [INFO]: MongoDB Connected: obaol-cluster-shard-00-00.oq0ij.mongodb.net 
2026-02-25T12:18:37.973Z [INFO]: MongoDB Connected: obaol-cluster-shard-00-01.oq0ij.mongodb.net 
2026-02-25T12:19:00.234Z [INFO]: MongoDB Connected: obaol-cluster-shard-00-02.oq0ij.mongodb.net 
2026-02-25T12:19:10.838Z [INFO]: MongoDB Connected: obaol-cluster-shard-00-00.oq0ij.mongodb.net 
2026-02-25T15:41:20.760Z [INFO]: MongoDB Connected: obaol-cluster-shard-00-02.oq0ij.mongodb.net 
2026-02-25T15:47:00.357Z [INFO]: MongoDB Connected: obaol-cluster-shard-00-02.oq0ij.mongodb.net 
2026-02-25T16:23:19.057Z [INFO]: MongoDB Connected: obaol-cluster-shard-00-00.oq0ij.mongodb.net 
2026-02-25T17:04:01.521Z [INFO]: MongoDB Connected: obaol-cluster-shard-00-00.oq0ij.mongodb.net 
2026-02-25T17:21:09.573Z [INFO]: MongoDB Connected: obaol-cluster-shard-00-01.oq0ij.mongodb.net 
2026-02-25T17:37:02.231Z [INFO]: MongoDB Connected: obaol-cluster-shard-00-02.oq0ij.mongodb.net 
2026-02-25T17:37:02.305Z [INFO]: MongoDB Connected: obaol-cluster-shard-00-01.oq0ij.mongodb.net 
2026-02-25T17:37:02.371Z [INFO]: MongoDB Connected: obaol-cluster-shard-00-02.oq0ij.mongodb.net 
2026-02-25T18:30:00.974Z [INFO]: Running daily variant rate reset cron job... 
2026-02-25T18:30:01.080Z [INFO]: Successfully offlined 1 variant rates. 
2026-02-25T19:21:16.930Z [INFO]: MongoDB Connected: obaol-cluster-shard-00-02.oq0ij.mongodb.net 
2026-02-25T19:21:16.944Z [INFO]: MongoDB Connected: obaol-cluster-shard-00-02.oq0ij.mongodb.net 
2026-02-25T19:21:27.824Z [INFO]: MongoDB Connected: obaol-cluster-shard-00-01.oq0ij.mongodb.net 
2026-02-25T19:21:27.896Z [INFO]: MongoDB Connected: obaol-cluster-shard-00-01.oq0ij.mongodb.net 
2026-02-25T19:40:21.303Z [INFO]: MongoDB Connected: obaol-cluster-shard-00-01.oq0ij.mongodb.net 
2026-02-25T19:40:21.318Z [INFO]: MongoDB Connected: obaol-cluster-shard-00-01.oq0ij.mongodb.net 
2026-02-25T19:40:29.932Z [INFO]: MongoDB Connected: obaol-cluster-shard-00-01.oq0ij.mongodb.net 
2026-02-25T19:40:29.969Z [INFO]: MongoDB Connected: obaol-cluster-shard-00-02.oq0ij.mongodb.net 
2026-02-25T19:40:41.252Z [INFO]: MongoDB Connected: obaol-cluster-shard-00-02.oq0ij.mongodb.net 
2026-02-25T19:40:41.293Z [INFO]: MongoDB Connected: obaol-cluster-shard-00-00.oq0ij.mongodb.net 
2026-02-25T19:41:27.758Z [INFO]: MongoDB Connected: obaol-cluster-shard-00-02.oq0ij.mongodb.net 
2026-02-25T19:44:25.960Z [INFO]: MongoDB Connected: obaol-cluster-shard-00-01.oq0ij.mongodb.net 
2026-02-25T19:44:25.989Z [INFO]: MongoDB Connected: obaol-cluster-shard-00-01.oq0ij.mongodb.net 
2026-02-25T19:44:26.040Z [INFO]: MongoDB Connected: obaol-cluster-shard-00-00.oq0ij.mongodb.net 
2026-02-25T19:46:17.784Z [INFO]: MongoDB Connected: obaol-cluster-shard-00-00.oq0ij.mongodb.net 
2026-02-25T19:51:13.703Z [INFO]: MongoDB Connected: obaol-cluster-shard-00-01.oq0ij.mongodb.net 
2026-02-25T19:51:13.725Z [INFO]: MongoDB Connected: obaol-cluster-shard-00-00.oq0ij.mongodb.net 
2026-02-25T19:51:13.762Z [INFO]: MongoDB Connected: obaol-cluster-shard-00-01.oq0ij.mongodb.net 
2026-02-25T20:01:00.981Z [INFO]: MongoDB Connected: obaol-cluster-shard-00-00.oq0ij.mongodb.net 
2026-02-25T20:01:00.986Z [INFO]: MongoDB Connected: obaol-cluster-shard-00-01.oq0ij.mongodb.net 
2026-02-25T20:01:01.124Z [INFO]: MongoDB Connected: obaol-cluster-shard-00-01.oq0ij.mongodb.net 
2026-02-25T20:01:08.331Z [INFO]: MongoDB Connected: obaol-cluster-shard-00-01.oq0ij.mongodb.net 
2026-02-25T20:01:08.529Z [INFO]: MongoDB Connected: obaol-cluster-shard-00-00.oq0ij.mongodb.net 
2026-02-25T20:01:08.534Z [INFO]: MongoDB Connected: obaol-cluster-shard-00-01.oq0ij.mongodb.net 
2026-02-25T20:01:16.854Z [INFO]: MongoDB Connected: obaol-cluster-shard-00-00.oq0ij.mongodb.net 
2026-02-25T20:01:16.903Z [INFO]: MongoDB Connected: obaol-cluster-shard-00-02.oq0ij.mongodb.net 
2026-02-25T20:01:16.903Z [INFO]: MongoDB Connected: obaol-cluster-shard-00-01.oq0ij.mongodb.net 
2026-02-25T20:01:27.156Z [INFO]: MongoDB Connected: obaol-cluster-shard-00-02.oq0ij.mongodb.net 
2026-02-25T20:01:27.156Z [INFO]: MongoDB Connected: obaol-cluster-shard-00-00.oq0ij.mongodb.net 
2026-02-25T20:01:27.213Z [INFO]: MongoDB Connected: obaol-cluster-shard-00-01.oq0ij.mongodb.net 
2026-02-25T20:01:33.211Z [INFO]: MongoDB Connected: obaol-cluster-shard-00-02.oq0ij.mongodb.net 
2026-02-25T20:01:33.250Z [INFO]: MongoDB Connected: obaol-cluster-shard-00-00.oq0ij.mongodb.net 
2026-02-25T20:01:33.255Z [INFO]: MongoDB Connected: obaol-cluster-shard-00-01.oq0ij.mongodb.net 
2026-02-26T06:08:14.180Z [INFO]: MongoDB Connected: obaol-cluster-shard-00-02.oq0ij.mongodb.net 
2026-02-26T06:08:14.180Z [INFO]: MongoDB Connected: obaol-cluster-shard-00-00.oq0ij.mongodb.net 
2026-02-26T06:08:14.228Z [INFO]: MongoDB Connected: obaol-cluster-shard-00-00.oq0ij.mongodb.net 
2026-02-26T06:35:07.599Z [INFO]: MongoDB Connected: obaol-cluster-shard-00-00.oq0ij.mongodb.net 
2026-02-26T06:35:07.600Z [INFO]: MongoDB Connected: obaol-cluster-shard-00-00.oq0ij.mongodb.net 
2026-02-26T06:35:07.601Z [INFO]: MongoDB Connected: obaol-cluster-shard-00-00.oq0ij.mongodb.net 
2026-02-26T06:35:36.726Z [INFO]: MongoDB Connected: obaol-cluster-shard-00-00.oq0ij.mongodb.net 
2026-02-26T06:35:36.727Z [INFO]: MongoDB Connected: obaol-cluster-shard-00-00.oq0ij.mongodb.net 
2026-02-26T06:35:36.729Z [INFO]: MongoDB Connected: obaol-cluster-shard-00-00.oq0ij.mongodb.net 
2026-02-26T06:35:47.861Z [INFO]: MongoDB Connected: obaol-cluster-shard-00-00.oq0ij.mongodb.net 
2026-02-26T06:35:47.863Z [INFO]: MongoDB Connected: obaol-cluster-shard-00-00.oq0ij.mongodb.net 
2026-02-26T06:35:47.863Z [INFO]: MongoDB Connected: obaol-cluster-shard-00-00.oq0ij.mongodb.net 
2026-02-26T06:40:24.123Z [ERROR]: unhandledRejection: getaddrinfo ENOTFOUND obaol-cluster-shard-00-00.oq0ij.mongodb.net
MongoServerSelectionError: getaddrinfo ENOTFOUND obaol-cluster-shard-00-00.oq0ij.mongodb.net
    at Topology.selectServer (/Users/jacoob/Documents/Dev/OBAOL CORE/Obaol-Web-App/obaol-automate-backend/node_modules/mongodb/src/sdam/topology.ts:635:30)
    at async tryOperation (/Users/jacoob/Documents/Dev/OBAOL CORE/Obaol-Web-App/obaol-automate-backend/node_modules/mongodb/src/operations/execute_operation.ts:202:16)
    at async executeOperation (/Users/jacoob/Documents/Dev/OBAOL CORE/Obaol-Web-App/obaol-automate-backend/node_modules/mongodb/src/operations/execute_operation.ts:119:12)
    at async FindCursor._initialize (/Users/jacoob/Documents/Dev/OBAOL CORE/Obaol-Web-App/obaol-automate-backend/node_modules/mongodb/src/cursor/find_cursor.ts:92:22)
    at async FindCursor.cursorInit (/Users/jacoob/Documents/Dev/OBAOL CORE/Obaol-Web-App/obaol-automate-backend/node_modules/mongodb/src/cursor/abstract_cursor.ts:949:21)
    at async FindCursor.fetchBatch (/Users/jacoob/Documents/Dev/OBAOL CORE/Obaol-Web-App/obaol-automate-backend/node_modules/mongodb/src/cursor/abstract_cursor.ts:987:7)
    at async FindCursor.next (/Users/jacoob/Documents/Dev/OBAOL CORE/Obaol-Web-App/obaol-automate-backend/node_modules/mongodb/src/cursor/abstract_cursor.ts:608:9)
    at async Collection.findOne (/Users/jacoob/Documents/Dev/OBAOL CORE/Obaol-Web-App/obaol-automate-backend/node_modules/mongodb/src/collection.ts:552:20)
    at async model.Query._findOne (/Users/jacoob/Documents/Dev/OBAOL CORE/Obaol-Web-App/obaol-automate-backend/node_modules/mongoose/lib/query.js:2710:15)
    at async model.Query.exec (/Users/jacoob/Documents/Dev/OBAOL CORE/Obaol-Web-App/obaol-automate-backend/node_modules/mongoose/lib/query.js:4627:63) {"error":{"errorLabelSet":{},"reason":{"type":"ReplicaSetNoPrimary","servers":{"obaol-cluster-shard-00-00.oq0ij.mongodb.net:27017":{"address":"obaol-cluster-shard-00-00.oq0ij.mongodb.net:27017","type":"Unknown","hosts":[],"passives":[],"arbiters":[],"tags":{},"minWireVersion":0,"maxWireVersion":0,"roundTripTime":-1,"minRoundTripTime":0,"lastUpdateTime":202621064,"lastWriteDate":0,"error":{"errorLabelSet":{},"beforeHandshake":false},"topologyVersion":null,"setName":null,"setVersion":null,"electionId":null,"logicalSessionTimeoutMinutes":null,"maxMessageSizeBytes":null,"maxWriteBatchSize":null,"maxBsonObjectSize":null,"primary":null,"me":null,"$clusterTime":null,"iscryptd":false},"obaol-cluster-shard-00-01.oq0ij.mongodb.net:27017":{"address":"obaol-cluster-shard-00-01.oq0ij.mongodb.net:27017","type":"Unknown","hosts":[],"passives":[],"arbiters":[],"tags":{},"minWireVersion":0,"maxWireVersion":0,"roundTripTime":-1,"minRoundTripTime":0,"lastUpdateTime":202621063,"lastWriteDate":0,"error":{"errorLabelSet":{},"beforeHandshake":false},"topologyVersion":null,"setName":null,"setVersion":null,"electionId":null,"logicalSessionTimeoutMinutes":null,"maxMessageSizeBytes":null,"maxWriteBatchSize":null,"maxBsonObjectSize":null,"primary":null,"me":null,"$clusterTime":null,"iscryptd":false},"obaol-cluster-shard-00-02.oq0ij.mongodb.net:27017":{"address":"obaol-cluster-shard-00-02.oq0ij.mongodb.net:27017","type":"Unknown","hosts":[],"passives":[],"arbiters":[],"tags":{},"minWireVersion":0,"maxWireVersion":0,"roundTripTime":-1,"minRoundTripTime":0,"lastUpdateTime":202621064,"lastWriteDate":0,"error":{"errorLabelSet":{},"beforeHandshake":false},"topologyVersion":null,"setName":null,"setVersion":null,"electionId":null,"logicalSessionTimeoutMinutes":null,"maxMessageSizeBytes":null,"maxWriteBatchSize":null,"maxBsonObjectSize":null,"primary":null,"me":null,"$clusterTime":null,"iscryptd":false}},"stale":false,"compatible":true,"heartbeatFrequencyMS":10000,"localThresholdMS":15,"setName":"atlas-q2r2uk-shard-0","maxElectionId":{"$oid":"7fffffff0000000000000303"},"maxSetVersion":368,"commonWireVersion":0,"logicalSessionTimeoutMinutes":null}},"stack":"MongoServerSelectionError: getaddrinfo ENOTFOUND obaol-cluster-shard-00-00.oq0ij.mongodb.net\n    at Topology.selectServer (/Users/jacoob/Documents/Dev/OBAOL CORE/Obaol-Web-App/obaol-automate-backend/node_modules/mongodb/src/sdam/topology.ts:635:30)\n    at async tryOperation (/Users/jacoob/Documents/Dev/OBAOL CORE/Obaol-Web-App/obaol-automate-backend/node_modules/mongodb/src/operations/execute_operation.ts:202:16)\n    at async executeOperation (/Users/jacoob/Documents/Dev/OBAOL CORE/Obaol-Web-App/obaol-automate-backend/node_modules/mongodb/src/operations/execute_operation.ts:119:12)\n    at async FindCursor._initialize (/Users/jacoob/Documents/Dev/OBAOL CORE/Obaol-Web-App/obaol-automate-backend/node_modules/mongodb/src/cursor/find_cursor.ts:92:22)\n    at async FindCursor.cursorInit (/Users/jacoob/Documents/Dev/OBAOL CORE/Obaol-Web-App/obaol-automate-backend/node_modules/mongodb/src/cursor/abstract_cursor.ts:949:21)\n    at async FindCursor.fetchBatch (/Users/jacoob/Documents/Dev/OBAOL CORE/Obaol-Web-App/obaol-automate-backend/node_modules/mongodb/src/cursor/abstract_cursor.ts:987:7)\n    at async FindCursor.next (/Users/jacoob/Documents/Dev/OBAOL CORE/Obaol-Web-App/obaol-automate-backend/node_modules/mongodb/src/cursor/abstract_cursor.ts:608:9)\n    at async Collection.findOne (/Users/jacoob/Documents/Dev/OBAOL CORE/Obaol-Web-App/obaol-automate-backend/node_modules/mongodb/src/collection.ts:552:20)\n    at async model.Query._findOne (/Users/jacoob/Documents/Dev/OBAOL CORE/Obaol-Web-App/obaol-automate-backend/node_modules/mongoose/lib/query.js:2710:15)\n    at async model.Query.exec (/Users/jacoob/Documents/Dev/OBAOL CORE/Obaol-Web-App/obaol-automate-backend/node_modules/mongoose/lib/query.js:4627:63)","rejection":true,"date":"Thu Feb 26 2026 12:10:24 GMT+0530 (India Standard Time)","process":{"pid":65427,"uid":501,"gid":20,"cwd":"/Users/jacoob/Documents/Dev/OBAOL CORE/Obaol-Web-App/obaol-automate-backend","execPath":"/usr/local/bin/node","version":"v24.12.0","argv":["/Users/jacoob/Documents/Dev/OBAOL CORE/Obaol-Web-App/obaol-automate-backend/node_modules/.bin/ts-node","/Users/jacoob/Documents/Dev/OBAOL CORE/Obaol-Web-App/obaol-automate-backend/src/index.ts"],"memoryUsage":{"rss":103596032,"heapTotal":477839360,"heapUsed":471720824,"external":28323692,"arrayBuffers":24068873}},"os":{"loadavg":[12.0947265625,7.0361328125,4.4658203125],"uptime":202616},"trace":[{"column":30,"file":"/Users/jacoob/Documents/Dev/OBAOL CORE/Obaol-Web-App/obaol-automate-backend/node_modules/mongodb/src/sdam/topology.ts","function":"Topology.selectServer","line":635,"method":"selectServer","native":false},{"column":16,"file":"/Users/jacoob/Documents/Dev/OBAOL CORE/Obaol-Web-App/obaol-automate-backend/node_modules/mongodb/src/operations/execute_operation.ts","function":"async tryOperation","line":202,"method":null,"native":false},{"column":12,"file":"/Users/jacoob/Documents/Dev/OBAOL CORE/Obaol-Web-App/obaol-automate-backend/node_modules/mongodb/src/operations/execute_operation.ts","function":"async executeOperation","line":119,"method":null,"native":false},{"column":22,"file":"/Users/jacoob/Documents/Dev/OBAOL CORE/Obaol-Web-App/obaol-automate-backend/node_modules/mongodb/src/cursor/find_cursor.ts","function":"async FindCursor._initialize","line":92,"method":"_initialize","native":false},{"column":21,"file":"/Users/jacoob/Documents/Dev/OBAOL CORE/Obaol-Web-App/obaol-automate-backend/node_modules/mongodb/src/cursor/abstract_cursor.ts","function":"async FindCursor.cursorInit","line":949,"method":"cursorInit","native":false},{"column":7,"file":"/Users/jacoob/Documents/Dev/OBAOL CORE/Obaol-Web-App/obaol-automate-backend/node_modules/mongodb/src/cursor/abstract_cursor.ts","function":"async FindCursor.fetchBatch","line":987,"method":"fetchBatch","native":false},{"column":9,"file":"/Users/jacoob/Documents/Dev/OBAOL CORE/Obaol-Web-App/obaol-automate-backend/node_modules/mongodb/src/cursor/abstract_cursor.ts","function":"async FindCursor.next","line":608,"method":"next","native":false},{"column":20,"file":"/Users/jacoob/Documents/Dev/OBAOL CORE/Obaol-Web-App/obaol-automate-backend/node_modules/mongodb/src/collection.ts","function":"async Collection.findOne","line":552,"method":"findOne","native":false},{"column":15,"file":"/Users/jacoob/Documents/Dev/OBAOL CORE/Obaol-Web-App/obaol-automate-backend/node_modules/mongoose/lib/query.js","function":"async model.Query._findOne","line":2710,"method":"_findOne","native":false},{"column":63,"file":"/Users/jacoob/Documents/Dev/OBAOL CORE/Obaol-Web-App/obaol-automate-backend/node_modules/mongoose/lib/query.js","function":"async model.Query.exec","line":4627,"method":"exec","native":false}]}
2026-02-26T06:41:11.592Z [INFO]: MongoDB Connected: obaol-cluster-shard-00-02.oq0ij.mongodb.net 
2026-02-26T06:41:11.605Z [INFO]: MongoDB Connected: obaol-cluster-shard-00-02.oq0ij.mongodb.net 
2026-02-26T06:41:11.605Z [INFO]: MongoDB Connected: obaol-cluster-shard-00-01.oq0ij.mongodb.net 
2026-02-26T06:42:39.149Z [INFO]: MongoDB Connected: obaol-cluster-shard-00-01.oq0ij.mongodb.net 
2026-02-26T07:43:38.855Z [INFO]: MongoDB Connected: obaol-cluster-shard-00-02.oq0ij.mongodb.net 
2026-02-26T07:44:01.259Z [INFO]: MongoDB Connected: obaol-cluster-shard-00-01.oq0ij.mongodb.net 
2026-02-26T08:07:01.130Z [INFO]: MongoDB Connected: obaol-cluster-shard-00-00.oq0ij.mongodb.net 
2026-02-26T08:07:20.880Z [INFO]: MongoDB Connected: obaol-cluster-shard-00-02.oq0ij.mongodb.net 
2026-02-26T08:07:31.761Z [INFO]: MongoDB Connected: obaol-cluster-shard-00-01.oq0ij.mongodb.net 
2026-02-26T08:07:40.226Z [INFO]: MongoDB Connected: obaol-cluster-shard-00-02.oq0ij.mongodb.net 
2026-02-26T08:07:48.154Z [INFO]: MongoDB Connected: obaol-cluster-shard-00-00.oq0ij.mongodb.net 
2026-02-26T08:08:19.215Z [INFO]: MongoDB Connected: obaol-cluster-shard-00-02.oq0ij.mongodb.net 
2026-02-26T08:10:42.706Z [INFO]: MongoDB Connected: obaol-cluster-shard-00-01.oq0ij.mongodb.net 
2026-02-26T08:11:16.952Z [INFO]: MongoDB Connected: obaol-cluster-shard-00-02.oq0ij.mongodb.net 
2026-02-26T08:11:26.211Z [INFO]: MongoDB Connected: obaol-cluster-shard-00-01.oq0ij.mongodb.net 
2026-02-26T08:11:51.880Z [INFO]: MongoDB Connected: obaol-cluster-shard-00-02.oq0ij.mongodb.net 
2026-02-26T08:11:58.707Z [INFO]: MongoDB Connected: obaol-cluster-shard-00-02.oq0ij.mongodb.net 
2026-02-26T08:12:10.734Z [INFO]: MongoDB Connected: obaol-cluster-shard-00-01.oq0ij.mongodb.net 
2026-02-26T08:12:24.213Z [INFO]: MongoDB Connected: obaol-cluster-shard-00-02.oq0ij.mongodb.net 
2026-02-26T08:12:47.154Z [INFO]: MongoDB Connected: obaol-cluster-shard-00-00.oq0ij.mongodb.net 
2026-02-26T08:19:23.984Z [INFO]: MongoDB Connected: obaol-cluster-shard-00-01.oq0ij.mongodb.net 
2026-02-26T10:50:44.383Z [INFO]: MongoDB Connected: obaol-cluster-shard-00-02.oq0ij.mongodb.net 
2026-02-26T10:51:00.089Z [INFO]: MongoDB Connected: obaol-cluster-shard-00-01.oq0ij.mongodb.net 
2026-02-26T10:51:28.610Z [INFO]: MongoDB Connected: obaol-cluster-shard-00-00.oq0ij.mongodb.net 
2026-02-26T10:51:40.203Z [INFO]: MongoDB Connected: obaol-cluster-shard-00-02.oq0ij.mongodb.net 
2026-02-26T12:54:29.800Z [INFO]: MongoDB Connected: obaol-cluster-shard-00-01.oq0ij.mongodb.net 
2026-02-26T13:06:51.317Z [INFO]: MongoDB Connected: obaol-cluster-shard-00-02.oq0ij.mongodb.net 
2026-02-26T13:07:01.412Z [INFO]: MongoDB Connected: obaol-cluster-shard-00-02.oq0ij.mongodb.net 
2026-02-26T13:07:23.345Z [INFO]: MongoDB Connected: obaol-cluster-shard-00-01.oq0ij.mongodb.net 
2026-02-26T13:07:32.518Z [INFO]: MongoDB Connected: obaol-cluster-shard-00-02.oq0ij.mongodb.net 
2026-02-26T13:33:39.065Z [INFO]: MongoDB Connected: obaol-cluster-shard-00-00.oq0ij.mongodb.net 
2026-02-26T13:33:58.719Z [INFO]: MongoDB Connected: obaol-cluster-shard-00-00.oq0ij.mongodb.net 
2026-02-26T13:34:27.662Z [INFO]: MongoDB Connected: obaol-cluster-shard-00-02.oq0ij.mongodb.net 
2026-02-26T13:45:01.645Z [INFO]: MongoDB Connected: obaol-cluster-shard-00-00.oq0ij.mongodb.net 
2026-02-26T13:47:41.956Z [INFO]: MongoDB Connected: obaol-cluster-shard-00-00.oq0ij.mongodb.net 
2026-02-26T14:35:05.166Z [INFO]: MongoDB Connected: obaol-cluster-shard-00-00.oq0ij.mongodb.net 
2026-02-26T14:35:23.951Z [INFO]: MongoDB Connected: obaol-cluster-shard-00-02.oq0ij.mongodb.net 
2026-02-26T14:36:02.174Z [INFO]: MongoDB Connected: obaol-cluster-shard-00-01.oq0ij.mongodb.net 
2026-02-26T14:41:38.499Z [INFO]: MongoDB Connected: obaol-cluster-shard-00-01.oq0ij.mongodb.net 
2026-02-26T18:30:00.453Z [INFO]: Running daily variant rate reset cron job... 
2026-02-26T18:30:00.873Z [INFO]: Successfully offlined 3 variant rates. 
2026-02-26T19:46:24.937Z [INFO]: MongoDB Connected: obaol-cluster-shard-00-02.oq0ij.mongodb.net 
2026-02-26T19:46:34.944Z [INFO]: MongoDB Connected: obaol-cluster-shard-00-02.oq0ij.mongodb.net 
2026-02-26T20:08:38.866Z [INFO]: MongoDB Connected: obaol-cluster-shard-00-01.oq0ij.mongodb.net 
2026-02-26T21:14:38.577Z [INFO]: MongoDB Connected: obaol-cluster-shard-00-02.oq0ij.mongodb.net 
2026-02-26T21:14:51.725Z [INFO]: MongoDB Connected: obaol-cluster-shard-00-02.oq0ij.mongodb.net 
2026-02-26T21:15:16.093Z [INFO]: MongoDB Connected: obaol-cluster-shard-00-01.oq0ij.mongodb.net 
2026-02-26T21:47:04.147Z [INFO]: MongoDB Connected: obaol-cluster-shard-00-02.oq0ij.mongodb.net 
2026-02-26T21:52:28.248Z [INFO]: MongoDB Connected: obaol-cluster-shard-00-02.oq0ij.mongodb.net 
2026-02-26T21:53:21.251Z [INFO]: MongoDB Connected: obaol-cluster-shard-00-02.oq0ij.mongodb.net 
2026-02-26T21:54:28.656Z [INFO]: MongoDB Connected: obaol-cluster-shard-00-00.oq0ij.mongodb.net 
2026-02-26T22:05:20.504Z [INFO]: MongoDB Connected: obaol-cluster-shard-00-00.oq0ij.mongodb.net 
2026-02-26T22:07:46.890Z [INFO]: MongoDB Connected: obaol-cluster-shard-00-02.oq0ij.mongodb.net 
2026-02-26T22:15:26.356Z [INFO]: MongoDB Connected: obaol-cluster-shard-00-00.oq0ij.mongodb.net 
2026-02-27T06:42:55.509Z [INFO]: MongoDB Connected: obaol-cluster-shard-00-00.oq0ij.mongodb.net 
2026-02-27T07:22:03.475Z [INFO]: MongoDB Connected: obaol-cluster-shard-00-00.oq0ij.mongodb.net 
2026-02-27T08:43:57.356Z [INFO]: MongoDB Connected: obaol-cluster-shard-00-02.oq0ij.mongodb.net 
2026-02-27T12:28:21.671Z [INFO]: MongoDB Connected: obaol-cluster-shard-00-00.oq0ij.mongodb.net 
2026-02-27T12:28:39.085Z [INFO]: MongoDB Connected: obaol-cluster-shard-00-01.oq0ij.mongodb.net 
2026-02-27T12:57:02.999Z [INFO]: MongoDB Connected: obaol-cluster-shard-00-01.oq0ij.mongodb.net 
2026-02-27T17:34:06.062Z [INFO]: MongoDB Connected: obaol-cluster-shard-00-02.oq0ij.mongodb.net 
2026-02-27T18:30:00.854Z [INFO]: Running daily variant rate reset cron job... 
2026-02-27T18:30:01.076Z [INFO]: Successfully offlined 0 variant rates. 
2026-02-27T19:42:32.947Z [INFO]: MongoDB Connected: obaol-cluster-shard-00-02.oq0ij.mongodb.net 
2026-02-27T21:30:56.208Z [INFO]: MongoDB Connected: obaol-cluster-shard-00-01.oq0ij.mongodb.net 
2026-02-27T21:31:10.306Z [INFO]: MongoDB Connected: obaol-cluster-shard-00-00.oq0ij.mongodb.net 
2026-02-27T21:34:13.970Z [INFO]: MongoDB Connected: obaol-cluster-shard-00-02.oq0ij.mongodb.net 
2026-02-27T21:34:24.496Z [INFO]: MongoDB Connected: obaol-cluster-shard-00-02.oq0ij.mongodb.net 
2026-02-27T21:34:36.800Z [INFO]: MongoDB Connected: obaol-cluster-shard-00-01.oq0ij.mongodb.net 
2026-02-28T05:19:36.656Z [INFO]: MongoDB Connected: obaol-cluster-shard-00-02.oq0ij.mongodb.net 
2026-02-28T05:43:13.381Z [INFO]: MongoDB Connected: obaol-cluster-shard-00-00.oq0ij.mongodb.net 
2026-02-28T06:20:18.879Z [INFO]: MongoDB Connected: obaol-cluster-shard-00-00.oq0ij.mongodb.net 
2026-02-28T06:20:34.104Z [INFO]: MongoDB Connected: obaol-cluster-shard-00-00.oq0ij.mongodb.net 
2026-02-28T09:08:47.245Z [INFO]: MongoDB Connected: obaol-cluster-shard-00-00.oq0ij.mongodb.net 
2026-02-28T09:09:16.000Z [INFO]: MongoDB Connected: obaol-cluster-shard-00-00.oq0ij.mongodb.net 
2026-02-28T09:09:38.115Z [INFO]: MongoDB Connected: obaol-cluster-shard-00-00.oq0ij.mongodb.net 
2026-02-28T09:10:00.616Z [INFO]: MongoDB Connected: obaol-cluster-shard-00-00.oq0ij.mongodb.net 
2026-02-28T09:10:24.649Z [INFO]: MongoDB Connected: obaol-cluster-shard-00-00.oq0ij.mongodb.net 
2026-02-28T09:11:49.543Z [INFO]: MongoDB Connected: obaol-cluster-shard-00-00.oq0ij.mongodb.net 
2026-02-28T09:12:40.651Z [INFO]: MongoDB Connected: obaol-cluster-shard-00-01.oq0ij.mongodb.net 
2026-02-28T09:13:04.033Z [INFO]: MongoDB Connected: obaol-cluster-shard-00-00.oq0ij.mongodb.net 
2026-02-28T10:36:33.213Z [INFO]: MongoDB Connected: obaol-cluster-shard-00-00.oq0ij.mongodb.net 
2026-02-28T18:30:00.823Z [INFO]: Running daily variant rate reset cron job... 
2026-02-28T18:30:00.933Z [INFO]: Successfully offlined 0 variant rates. 
2026-02-28T18:46:21.413Z [INFO]: MongoDB Connected: obaol-cluster-shard-00-01.oq0ij.mongodb.net 
2026-02-28T18:46:48.939Z [INFO]: MongoDB Connected: obaol-cluster-shard-00-01.oq0ij.mongodb.net 
2026-02-28T18:47:07.516Z [INFO]: MongoDB Connected: obaol-cluster-shard-00-02.oq0ij.mongodb.net 
2026-02-28T18:47:38.053Z [INFO]: MongoDB Connected: obaol-cluster-shard-00-01.oq0ij.mongodb.net 
2026-02-28T18:48:07.634Z [INFO]: MongoDB Connected: obaol-cluster-shard-00-01.oq0ij.mongodb.net 
2026-02-28T18:48:28.898Z [INFO]: MongoDB Connected: obaol-cluster-shard-00-00.oq0ij.mongodb.net 
2026-02-28T18:49:14.160Z [INFO]: MongoDB Connected: obaol-cluster-shard-00-02.oq0ij.mongodb.net 
2026-02-28T18:49:35.179Z [INFO]: MongoDB Connected: obaol-cluster-shard-00-02.oq0ij.mongodb.net 
2026-02-28T18:49:55.954Z [INFO]: MongoDB Connected: obaol-cluster-shard-00-01.oq0ij.mongodb.net 
2026-02-28T18:50:23.169Z [INFO]: MongoDB Connected: obaol-cluster-shard-00-01.oq0ij.mongodb.net 
2026-02-28T18:50:42.600Z [INFO]: MongoDB Connected: obaol-cluster-shard-00-01.oq0ij.mongodb.net 
2026-02-28T18:51:34.578Z [INFO]: MongoDB Connected: obaol-cluster-shard-00-02.oq0ij.mongodb.net 
2026-02-28T18:52:09.464Z [INFO]: MongoDB Connected: obaol-cluster-shard-00-02.oq0ij.mongodb.net 
2026-02-28T18:52:48.002Z [INFO]: MongoDB Connected: obaol-cluster-shard-00-01.oq0ij.mongodb.net 
2026-02-28T18:53:08.420Z [INFO]: MongoDB Connected: obaol-cluster-shard-00-01.oq0ij.mongodb.net 
2026-02-28T18:56:41.295Z [INFO]: MongoDB Connected: obaol-cluster-shard-00-01.oq0ij.mongodb.net 
2026-02-28T18:57:43.163Z [INFO]: MongoDB Connected: obaol-cluster-shard-00-00.oq0ij.mongodb.net 
2026-02-28T19:01:01.339Z [INFO]: MongoDB Connected: obaol-cluster-shard-00-00.oq0ij.mongodb.net 
2026-02-28T19:29:28.081Z [INFO]: MongoDB Connected: obaol-cluster-shard-00-01.oq0ij.mongodb.net 
2026-02-28T19:29:50.223Z [INFO]: MongoDB Connected: obaol-cluster-shard-00-00.oq0ij.mongodb.net 
2026-02-28T19:30:11.258Z [INFO]: MongoDB Connected: obaol-cluster-shard-00-02.oq0ij.mongodb.net 
2026-02-28T19:30:30.058Z [INFO]: MongoDB Connected: obaol-cluster-shard-00-02.oq0ij.mongodb.net 
2026-02-28T19:39:25.142Z [INFO]: MongoDB Connected: obaol-cluster-shard-00-02.oq0ij.mongodb.net 
2026-02-28T19:39:39.671Z [INFO]: MongoDB Connected: obaol-cluster-shard-00-00.oq0ij.mongodb.net 
2026-02-28T20:03:30.001Z [INFO]: MongoDB Connected: obaol-cluster-shard-00-00.oq0ij.mongodb.net 
2026-02-28T20:03:47.302Z [INFO]: MongoDB Connected: obaol-cluster-shard-00-00.oq0ij.mongodb.net 
2026-02-28T20:04:02.780Z [INFO]: MongoDB Connected: obaol-cluster-shard-00-01.oq0ij.mongodb.net 
2026-02-28T20:04:18.634Z [INFO]: MongoDB Connected: obaol-cluster-shard-00-00.oq0ij.mongodb.net 
2026-02-28T20:04:34.079Z [INFO]: MongoDB Connected: obaol-cluster-shard-00-00.oq0ij.mongodb.net 
2026-02-28T20:14:31.137Z [INFO]: MongoDB Connected: obaol-cluster-shard-00-02.oq0ij.mongodb.net 
2026-03-01T04:56:17.261Z [INFO]: MongoDB Connected: obaol-cluster-shard-00-02.oq0ij.mongodb.net 
2026-03-01T07:14:30.905Z [INFO]: MongoDB Connected: obaol-cluster-shard-00-00.oq0ij.mongodb.net 
2026-03-01T07:15:01.813Z [INFO]: MongoDB Connected: obaol-cluster-shard-00-02.oq0ij.mongodb.net 
2026-03-01T07:15:25.555Z [INFO]: MongoDB Connected: obaol-cluster-shard-00-01.oq0ij.mongodb.net 
2026-03-01T10:21:52.744Z [INFO]: MongoDB Connected: obaol-cluster-shard-00-01.oq0ij.mongodb.net 
2026-03-01T10:45:39.148Z [INFO]: MongoDB Connected: obaol-cluster-shard-00-01.oq0ij.mongodb.net 
2026-03-01T10:46:04.736Z [INFO]: MongoDB Connected: obaol-cluster-shard-00-02.oq0ij.mongodb.net 
2026-03-01T10:46:30.674Z [INFO]: MongoDB Connected: obaol-cluster-shard-00-01.oq0ij.mongodb.net 
2026-03-01T10:46:40.924Z [INFO]: MongoDB Connected: obaol-cluster-shard-00-00.oq0ij.mongodb.net 
2026-03-01T10:47:58.652Z [INFO]: MongoDB Connected: obaol-cluster-shard-00-02.oq0ij.mongodb.net 
2026-03-01T10:48:21.132Z [INFO]: MongoDB Connected: obaol-cluster-shard-00-02.oq0ij.mongodb.net 
2026-03-01T11:02:13.178Z [INFO]: MongoDB Connected: obaol-cluster-shard-00-02.oq0ij.mongodb.net 
2026-03-01T11:46:06.046Z [INFO]: MongoDB Connected: obaol-cluster-shard-00-01.oq0ij.mongodb.net 
2026-03-01T11:46:28.975Z [INFO]: MongoDB Connected: obaol-cluster-shard-00-00.oq0ij.mongodb.net 
2026-03-01T11:46:56.714Z [INFO]: MongoDB Connected: obaol-cluster-shard-00-02.oq0ij.mongodb.net 
2026-03-01T11:47:18.498Z [INFO]: MongoDB Connected: obaol-cluster-shard-00-02.oq0ij.mongodb.net 
2026-03-01T11:47:53.744Z [INFO]: MongoDB Connected: obaol-cluster-shard-00-00.oq0ij.mongodb.net 
2026-03-01T11:48:18.989Z [INFO]: MongoDB Connected: obaol-cluster-shard-00-01.oq0ij.mongodb.net 
2026-03-01T11:48:46.207Z [INFO]: MongoDB Connected: obaol-cluster-shard-00-00.oq0ij.mongodb.net 
2026-03-01T11:49:13.603Z [INFO]: MongoDB Connected: obaol-cluster-shard-00-00.oq0ij.mongodb.net 
2026-03-01T11:50:12.347Z [INFO]: MongoDB Connected: obaol-cluster-shard-00-00.oq0ij.mongodb.net 
2026-03-01T11:51:20.358Z [INFO]: MongoDB Connected: obaol-cluster-shard-00-01.oq0ij.mongodb.net 
2026-03-01T11:51:47.404Z [INFO]: MongoDB Connected: obaol-cluster-shard-00-00.oq0ij.mongodb.net 
2026-03-01T11:52:05.401Z [INFO]: MongoDB Connected: obaol-cluster-shard-00-02.oq0ij.mongodb.net 
2026-03-01T11:52:46.302Z [INFO]: MongoDB Connected: obaol-cluster-shard-00-01.oq0ij.mongodb.net 
2026-03-01T12:59:59.810Z [INFO]: MongoDB Connected: obaol-cluster-shard-00-00.oq0ij.mongodb.net 
2026-03-01T13:00:16.824Z [INFO]: MongoDB Connected: obaol-cluster-shard-00-01.oq0ij.mongodb.net 
2026-03-01T13:00:42.712Z [INFO]: MongoDB Connected: obaol-cluster-shard-00-02.oq0ij.mongodb.net 
2026-03-01T13:00:59.618Z [INFO]: MongoDB Connected: obaol-cluster-shard-00-01.oq0ij.mongodb.net 
2026-03-01T13:09:29.468Z [INFO]: MongoDB Connected: obaol-cluster-shard-00-00.oq0ij.mongodb.net 
2026-03-01T14:53:28.554Z [INFO]: MongoDB Connected: obaol-cluster-shard-00-01.oq0ij.mongodb.net 
2026-03-01T15:04:07.429Z [INFO]: MongoDB Connected: obaol-cluster-shard-00-00.oq0ij.mongodb.net 
2026-03-01T15:05:41.765Z [INFO]: MongoDB Connected: obaol-cluster-shard-00-02.oq0ij.mongodb.net 
2026-03-01T16:48:48.193Z [INFO]: [PORT_RESOLVER] provider=GEONAMES status=ok attempt=1 durationMs=754 
2026-03-01T16:48:50.699Z [WARN]: [PORT_RESOLVER] provider=OVERPASS status=error attempt=1 durationMs=2505 failCount=1 
2026-03-01T16:48:53.202Z [WARN]: [PORT_RESOLVER] provider=OVERPASS status=error attempt=2 durationMs=5008 failCount=2 
2026-03-01T16:48:53.689Z [INFO]: [PORT_RESOLVER] provider=OPEN_SNAPSHOT status=ok attempt=1 durationMs=487 
2026-03-01T16:56:00.723Z [INFO]: MongoDB Connected: obaol-cluster-shard-00-02.oq0ij.mongodb.net 
2026-03-01T16:56:39.475Z [INFO]: MongoDB Connected: obaol-cluster-shard-00-00.oq0ij.mongodb.net 
2026-03-01T17:06:01.716Z [INFO]: [PORT_RESOLVER] provider=GEONAMES status=ok attempt=1 durationMs=696 
2026-03-01T17:06:04.227Z [WARN]: [PORT_RESOLVER] provider=OVERPASS status=error attempt=1 durationMs=2508 failCount=1 
2026-03-01T17:06:06.729Z [WARN]: [PORT_RESOLVER] provider=OVERPASS status=error attempt=2 durationMs=5010 failCount=2 
2026-03-01T17:06:07.051Z [INFO]: [PORT_RESOLVER] provider=OPEN_SNAPSHOT status=ok attempt=1 durationMs=321 
2026-03-01T17:06:20.303Z [INFO]: [PORT_RESOLVER] provider=GEONAMES status=ok attempt=1 durationMs=1328 
2026-03-01T17:06:22.806Z [WARN]: [PORT_RESOLVER] provider=OVERPASS status=error attempt=1 durationMs=2503 failCount=3 
2026-03-01T17:06:23.752Z [WARN]: [PORT_RESOLVER] provider=GEONAMES status=error attempt=1 durationMs=2505 failCount=1 
2026-03-01T17:06:24.580Z [INFO]: [PORT_RESOLVER] provider=GEONAMES status=ok attempt=1 durationMs=1662 
2026-03-01T17:06:24.580Z [INFO]: [PORT_RESOLVER] provider=OPEN_SNAPSHOT status=ok attempt=1 durationMs=0 
2026-03-01T17:06:25.308Z [WARN]: [PORT_RESOLVER] provider=OVERPASS status=error attempt=2 durationMs=5005 failCount=4 
2026-03-01T17:06:25.308Z [INFO]: [PORT_RESOLVER] provider=OPEN_SNAPSHOT status=ok attempt=1 durationMs=0 
2026-03-01T17:06:25.402Z [INFO]: [PORT_RESOLVER] provider=GEONAMES status=ok attempt=2 durationMs=4155 
2026-03-01T17:06:25.402Z [INFO]: [PORT_RESOLVER] provider=OPEN_SNAPSHOT status=ok attempt=1 durationMs=0 
2026-03-01T17:06:31.925Z [INFO]: [PORT_RESOLVER] provider=GEONAMES status=ok attempt=1 durationMs=492 
2026-03-01T17:06:31.927Z [INFO]: [PORT_RESOLVER] provider=OPEN_SNAPSHOT status=ok attempt=1 durationMs=0 
2026-03-01T17:06:32.885Z [INFO]: [PORT_RESOLVER] provider=GEONAMES status=ok attempt=1 durationMs=163 
2026-03-01T17:06:32.885Z [INFO]: [PORT_RESOLVER] provider=OPEN_SNAPSHOT status=ok attempt=1 durationMs=0 
2026-03-01T17:06:33.611Z [INFO]: [PORT_RESOLVER] provider=GEONAMES status=ok attempt=1 durationMs=1829 
2026-03-01T17:06:33.612Z [INFO]: [PORT_RESOLVER] provider=OPEN_SNAPSHOT status=ok attempt=1 durationMs=0 
2026-03-01T17:09:51.835Z [ERROR]: unhandledRejection: Cast to ObjectId failed for value "4b554dcb261ccd2baf4813ea6ea7c047a16a0eda" (type string) at path "originPort" because of "BSONError"
CastError: Cast to ObjectId failed for value "4b554dcb261ccd2baf4813ea6ea7c047a16a0eda" (type string) at path "originPort" because of "BSONError"
    at SchemaObjectId.cast (/Users/jacoob/Documents/Dev/OBAOL CORE/Obaol-Web-App/obaol-automate-backend/node_modules/mongoose/lib/schema/objectId.js:253:11)
    at SchemaObjectId.SchemaType.applySetters (/Users/jacoob/Documents/Dev/OBAOL CORE/Obaol-Web-App/obaol-automate-backend/node_modules/mongoose/lib/schemaType.js:1288:12)
    at SchemaObjectId.SchemaType.castForQuery (/Users/jacoob/Documents/Dev/OBAOL CORE/Obaol-Web-App/obaol-automate-backend/node_modules/mongoose/lib/schemaType.js:1724:17)
    at castUpdateVal (/Users/jacoob/Documents/Dev/OBAOL CORE/Obaol-Web-App/obaol-automate-backend/node_modules/mongoose/lib/helpers/query/castUpdate.js:633:19)
    at walkUpdatePath (/Users/jacoob/Documents/Dev/OBAOL CORE/Obaol-Web-App/obaol-automate-backend/node_modules/mongoose/lib/helpers/query/castUpdate.js:438:24)
    at castUpdate (/Users/jacoob/Documents/Dev/OBAOL CORE/Obaol-Web-App/obaol-automate-backend/node_modules/mongoose/lib/helpers/query/castUpdate.js:144:7)
    at model.Query._castUpdate (/Users/jacoob/Documents/Dev/OBAOL CORE/Obaol-Web-App/obaol-automate-backend/node_modules/mongoose/lib/query.js:4874:10)
    at model.Query._findOneAndUpdate (/Users/jacoob/Documents/Dev/OBAOL CORE/Obaol-Web-App/obaol-automate-backend/node_modules/mongoose/lib/query.js:3497:23)
    at model.Query.exec (/Users/jacoob/Documents/Dev/OBAOL CORE/Obaol-Web-App/obaol-automate-backend/node_modules/mongoose/lib/query.js:4627:80)
    at processTicksAndRejections (node:internal/process/task_queues:103:5) {"error":{"stringValue":"\"4b554dcb261ccd2baf4813ea6ea7c047a16a0eda\"","valueType":"string","kind":"ObjectId","value":"4b554dcb261ccd2baf4813ea6ea7c047a16a0eda","path":"originPort","reason":{},"name":"CastError","message":"Cast to ObjectId failed for value \"4b554dcb261ccd2baf4813ea6ea7c047a16a0eda\" (type string) at path \"originPort\" because of \"BSONError\""},"stack":"CastError: Cast to ObjectId failed for value \"4b554dcb261ccd2baf4813ea6ea7c047a16a0eda\" (type string) at path \"originPort\" because of \"BSONError\"\n    at SchemaObjectId.cast (/Users/jacoob/Documents/Dev/OBAOL CORE/Obaol-Web-App/obaol-automate-backend/node_modules/mongoose/lib/schema/objectId.js:253:11)\n    at SchemaObjectId.SchemaType.applySetters (/Users/jacoob/Documents/Dev/OBAOL CORE/Obaol-Web-App/obaol-automate-backend/node_modules/mongoose/lib/schemaType.js:1288:12)\n    at SchemaObjectId.SchemaType.castForQuery (/Users/jacoob/Documents/Dev/OBAOL CORE/Obaol-Web-App/obaol-automate-backend/node_modules/mongoose/lib/schemaType.js:1724:17)\n    at castUpdateVal (/Users/jacoob/Documents/Dev/OBAOL CORE/Obaol-Web-App/obaol-automate-backend/node_modules/mongoose/lib/helpers/query/castUpdate.js:633:19)\n    at walkUpdatePath (/Users/jacoob/Documents/Dev/OBAOL CORE/Obaol-Web-App/obaol-automate-backend/node_modules/mongoose/lib/helpers/query/castUpdate.js:438:24)\n    at castUpdate (/Users/jacoob/Documents/Dev/OBAOL CORE/Obaol-Web-App/obaol-automate-backend/node_modules/mongoose/lib/helpers/query/castUpdate.js:144:7)\n    at model.Query._castUpdate (/Users/jacoob/Documents/Dev/OBAOL CORE/Obaol-Web-App/obaol-automate-backend/node_modules/mongoose/lib/query.js:4874:10)\n    at model.Query._findOneAndUpdate (/Users/jacoob/Documents/Dev/OBAOL CORE/Obaol-Web-App/obaol-automate-backend/node_modules/mongoose/lib/query.js:3497:23)\n    at model.Query.exec (/Users/jacoob/Documents/Dev/OBAOL CORE/Obaol-Web-App/obaol-automate-backend/node_modules/mongoose/lib/query.js:4627:80)\n    at processTicksAndRejections (node:internal/process/task_queues:103:5)","rejection":true,"date":"Sun Mar 01 2026 22:39:51 GMT+0530 (India Standard Time)","process":{"pid":96443,"uid":501,"gid":20,"cwd":"/Users/jacoob/Documents/Dev/OBAOL CORE/Obaol-Web-App/obaol-automate-backend","execPath":"/usr/local/bin/node","version":"v24.12.0","argv":["/Users/jacoob/Documents/Dev/OBAOL CORE/Obaol-Web-App/obaol-automate-backend/node_modules/.bin/ts-node","/Users/jacoob/Documents/Dev/OBAOL CORE/Obaol-Web-App/obaol-automate-backend/src/index.ts"],"memoryUsage":{"rss":63307776,"heapTotal":531775488,"heapUsed":528473952,"external":28227454,"arrayBuffers":23830023}},"os":{"loadavg":[4.49267578125,3.97509765625,3.71337890625],"uptime":156501},"trace":[{"column":11,"file":"/Users/jacoob/Documents/Dev/OBAOL CORE/Obaol-Web-App/obaol-automate-backend/node_modules/mongoose/lib/schema/objectId.js","function":"SchemaObjectId.cast","line":253,"method":"cast","native":false},{"column":12,"file":"/Users/jacoob/Documents/Dev/OBAOL CORE/Obaol-Web-App/obaol-automate-backend/node_modules/mongoose/lib/schemaType.js","function":"SchemaObjectId.SchemaType.applySetters","line":1288,"method":"applySetters","native":false},{"column":17,"file":"/Users/jacoob/Documents/Dev/OBAOL CORE/Obaol-Web-App/obaol-automate-backend/node_modules/mongoose/lib/schemaType.js","function":"SchemaObjectId.SchemaType.castForQuery","line":1724,"method":"castForQuery","native":false},{"column":19,"file":"/Users/jacoob/Documents/Dev/OBAOL CORE/Obaol-Web-App/obaol-automate-backend/node_modules/mongoose/lib/helpers/query/castUpdate.js","function":"castUpdateVal","line":633,"method":null,"native":false},{"column":24,"file":"/Users/jacoob/Documents/Dev/OBAOL CORE/Obaol-Web-App/obaol-automate-backend/node_modules/mongoose/lib/helpers/query/castUpdate.js","function":"walkUpdatePath","line":438,"method":null,"native":false},{"column":7,"file":"/Users/jacoob/Documents/Dev/OBAOL CORE/Obaol-Web-App/obaol-automate-backend/node_modules/mongoose/lib/helpers/query/castUpdate.js","function":"castUpdate","line":144,"method":null,"native":false},{"column":10,"file":"/Users/jacoob/Documents/Dev/OBAOL CORE/Obaol-Web-App/obaol-automate-backend/node_modules/mongoose/lib/query.js","function":"model.Query._castUpdate","line":4874,"method":"_castUpdate","native":false},{"column":23,"file":"/Users/jacoob/Documents/Dev/OBAOL CORE/Obaol-Web-App/obaol-automate-backend/node_modules/mongoose/lib/query.js","function":"model.Query._findOneAndUpdate","line":3497,"method":"_findOneAndUpdate","native":false},{"column":80,"file":"/Users/jacoob/Documents/Dev/OBAOL CORE/Obaol-Web-App/obaol-automate-backend/node_modules/mongoose/lib/query.js","function":"model.Query.exec","line":4627,"method":"exec","native":false},{"column":5,"file":"node:internal/process/task_queues","function":"processTicksAndRejections","line":103,"method":null,"native":false}]}
2026-03-01T17:13:06.551Z [INFO]: MongoDB Connected: obaol-cluster-shard-00-00.oq0ij.mongodb.net 
2026-03-01T17:16:33.897Z [INFO]: [PORT_RESOLVER] provider=GEONAMES status=ok attempt=1 durationMs=556 
2026-03-01T17:16:36.408Z [WARN]: [PORT_RESOLVER] provider=OVERPASS status=error attempt=1 durationMs=2508 failCount=1 
2026-03-01T17:16:38.911Z [WARN]: [PORT_RESOLVER] provider=OVERPASS status=error attempt=2 durationMs=5011 failCount=2 
2026-03-01T17:16:39.716Z [INFO]: [PORT_RESOLVER] provider=OPEN_SNAPSHOT status=ok attempt=1 durationMs=804 
2026-03-01T17:16:45.882Z [ERROR]: unhandledRejection: Cast to ObjectId failed for value "4b554dcb261ccd2baf4813ea6ea7c047a16a0eda" (type string) at path "originPort" because of "BSONError"
CastError: Cast to ObjectId failed for value "4b554dcb261ccd2baf4813ea6ea7c047a16a0eda" (type string) at path "originPort" because of "BSONError"
    at SchemaObjectId.cast (/Users/jacoob/Documents/Dev/OBAOL CORE/Obaol-Web-App/obaol-automate-backend/node_modules/mongoose/lib/schema/objectId.js:253:11)
    at SchemaObjectId.SchemaType.applySetters (/Users/jacoob/Documents/Dev/OBAOL CORE/Obaol-Web-App/obaol-automate-backend/node_modules/mongoose/lib/schemaType.js:1288:12)
    at SchemaObjectId.SchemaType.castForQuery (/Users/jacoob/Documents/Dev/OBAOL CORE/Obaol-Web-App/obaol-automate-backend/node_modules/mongoose/lib/schemaType.js:1724:17)
    at castUpdateVal (/Users/jacoob/Documents/Dev/OBAOL CORE/Obaol-Web-App/obaol-automate-backend/node_modules/mongoose/lib/helpers/query/castUpdate.js:633:19)
    at walkUpdatePath (/Users/jacoob/Documents/Dev/OBAOL CORE/Obaol-Web-App/obaol-automate-backend/node_modules/mongoose/lib/helpers/query/castUpdate.js:438:24)
    at castUpdate (/Users/jacoob/Documents/Dev/OBAOL CORE/Obaol-Web-App/obaol-automate-backend/node_modules/mongoose/lib/helpers/query/castUpdate.js:144:7)
    at model.Query._castUpdate (/Users/jacoob/Documents/Dev/OBAOL CORE/Obaol-Web-App/obaol-automate-backend/node_modules/mongoose/lib/query.js:4874:10)
    at model.Query._findOneAndUpdate (/Users/jacoob/Documents/Dev/OBAOL CORE/Obaol-Web-App/obaol-automate-backend/node_modules/mongoose/lib/query.js:3497:23)
    at model.Query.exec (/Users/jacoob/Documents/Dev/OBAOL CORE/Obaol-Web-App/obaol-automate-backend/node_modules/mongoose/lib/query.js:4627:80)
    at processTicksAndRejections (node:internal/process/task_queues:103:5) {"error":{"stringValue":"\"4b554dcb261ccd2baf4813ea6ea7c047a16a0eda\"","valueType":"string","kind":"ObjectId","value":"4b554dcb261ccd2baf4813ea6ea7c047a16a0eda","path":"originPort","reason":{},"name":"CastError","message":"Cast to ObjectId failed for value \"4b554dcb261ccd2baf4813ea6ea7c047a16a0eda\" (type string) at path \"originPort\" because of \"BSONError\""},"stack":"CastError: Cast to ObjectId failed for value \"4b554dcb261ccd2baf4813ea6ea7c047a16a0eda\" (type string) at path \"originPort\" because of \"BSONError\"\n    at SchemaObjectId.cast (/Users/jacoob/Documents/Dev/OBAOL CORE/Obaol-Web-App/obaol-automate-backend/node_modules/mongoose/lib/schema/objectId.js:253:11)\n    at SchemaObjectId.SchemaType.applySetters (/Users/jacoob/Documents/Dev/OBAOL CORE/Obaol-Web-App/obaol-automate-backend/node_modules/mongoose/lib/schemaType.js:1288:12)\n    at SchemaObjectId.SchemaType.castForQuery (/Users/jacoob/Documents/Dev/OBAOL CORE/Obaol-Web-App/obaol-automate-backend/node_modules/mongoose/lib/schemaType.js:1724:17)\n    at castUpdateVal (/Users/jacoob/Documents/Dev/OBAOL CORE/Obaol-Web-App/obaol-automate-backend/node_modules/mongoose/lib/helpers/query/castUpdate.js:633:19)\n    at walkUpdatePath (/Users/jacoob/Documents/Dev/OBAOL CORE/Obaol-Web-App/obaol-automate-backend/node_modules/mongoose/lib/helpers/query/castUpdate.js:438:24)\n    at castUpdate (/Users/jacoob/Documents/Dev/OBAOL CORE/Obaol-Web-App/obaol-automate-backend/node_modules/mongoose/lib/helpers/query/castUpdate.js:144:7)\n    at model.Query._castUpdate (/Users/jacoob/Documents/Dev/OBAOL CORE/Obaol-Web-App/obaol-automate-backend/node_modules/mongoose/lib/query.js:4874:10)\n    at model.Query._findOneAndUpdate (/Users/jacoob/Documents/Dev/OBAOL CORE/Obaol-Web-App/obaol-automate-backend/node_modules/mongoose/lib/query.js:3497:23)\n    at model.Query.exec (/Users/jacoob/Documents/Dev/OBAOL CORE/Obaol-Web-App/obaol-automate-backend/node_modules/mongoose/lib/query.js:4627:80)\n    at processTicksAndRejections (node:internal/process/task_queues:103:5)","rejection":true,"date":"Sun Mar 01 2026 22:46:45 GMT+0530 (India Standard Time)","process":{"pid":98272,"uid":501,"gid":20,"cwd":"/Users/jacoob/Documents/Dev/OBAOL CORE/Obaol-Web-App/obaol-automate-backend","execPath":"/usr/local/bin/node","version":"v24.12.0","argv":["/Users/jacoob/Documents/Dev/OBAOL CORE/Obaol-Web-App/obaol-automate-backend/node_modules/.bin/ts-node","/Users/jacoob/Documents/Dev/OBAOL CORE/Obaol-Web-App/obaol-automate-backend/src/index.ts"],"memoryUsage":{"rss":139329536,"heapTotal":537149440,"heapUsed":532054144,"external":28158615,"arrayBuffers":23772724}},"os":{"loadavg":[4.2412109375,4.25390625,3.97705078125],"uptime":156915},"trace":[{"column":11,"file":"/Users/jacoob/Documents/Dev/OBAOL CORE/Obaol-Web-App/obaol-automate-backend/node_modules/mongoose/lib/schema/objectId.js","function":"SchemaObjectId.cast","line":253,"method":"cast","native":false},{"column":12,"file":"/Users/jacoob/Documents/Dev/OBAOL CORE/Obaol-Web-App/obaol-automate-backend/node_modules/mongoose/lib/schemaType.js","function":"SchemaObjectId.SchemaType.applySetters","line":1288,"method":"applySetters","native":false},{"column":17,"file":"/Users/jacoob/Documents/Dev/OBAOL CORE/Obaol-Web-App/obaol-automate-backend/node_modules/mongoose/lib/schemaType.js","function":"SchemaObjectId.SchemaType.castForQuery","line":1724,"method":"castForQuery","native":false},{"column":19,"file":"/Users/jacoob/Documents/Dev/OBAOL CORE/Obaol-Web-App/obaol-automate-backend/node_modules/mongoose/lib/helpers/query/castUpdate.js","function":"castUpdateVal","line":633,"method":null,"native":false},{"column":24,"file":"/Users/jacoob/Documents/Dev/OBAOL CORE/Obaol-Web-App/obaol-automate-backend/node_modules/mongoose/lib/helpers/query/castUpdate.js","function":"walkUpdatePath","line":438,"method":null,"native":false},{"column":7,"file":"/Users/jacoob/Documents/Dev/OBAOL CORE/Obaol-Web-App/obaol-automate-backend/node_modules/mongoose/lib/helpers/query/castUpdate.js","function":"castUpdate","line":144,"method":null,"native":false},{"column":10,"file":"/Users/jacoob/Documents/Dev/OBAOL CORE/Obaol-Web-App/obaol-automate-backend/node_modules/mongoose/lib/query.js","function":"model.Query._castUpdate","line":4874,"method":"_castUpdate","native":false},{"column":23,"file":"/Users/jacoob/Documents/Dev/OBAOL CORE/Obaol-Web-App/obaol-automate-backend/node_modules/mongoose/lib/query.js","function":"model.Query._findOneAndUpdate","line":3497,"method":"_findOneAndUpdate","native":false},{"column":80,"file":"/Users/jacoob/Documents/Dev/OBAOL CORE/Obaol-Web-App/obaol-automate-backend/node_modules/mongoose/lib/query.js","function":"model.Query.exec","line":4627,"method":"exec","native":false},{"column":5,"file":"node:internal/process/task_queues","function":"processTicksAndRejections","line":103,"method":null,"native":false}]}
2026-03-01T17:20:23.994Z [INFO]: MongoDB Connected: obaol-cluster-shard-00-00.oq0ij.mongodb.net 
2026-03-01T17:22:27.617Z [INFO]: MongoDB Connected: obaol-cluster-shard-00-00.oq0ij.mongodb.net 
2026-03-01T17:22:47.720Z [INFO]: MongoDB Connected: obaol-cluster-shard-00-02.oq0ij.mongodb.net 
2026-03-01T17:27:20.617Z [INFO]: [PORT_RESOLVER] provider=GEONAMES status=ok attempt=1 durationMs=894 
2026-03-01T17:27:23.123Z [WARN]: [PORT_RESOLVER] provider=OVERPASS status=error attempt=1 durationMs=2504 failCount=1 
2026-03-01T17:27:25.625Z [WARN]: [PORT_RESOLVER] provider=OVERPASS status=error attempt=2 durationMs=5007 failCount=2 
2026-03-01T17:27:25.944Z [INFO]: [PORT_RESOLVER] provider=OPEN_SNAPSHOT status=ok attempt=1 durationMs=316 
2026-03-01T17:27:47.530Z [INFO]: [PORT_RESOLVER] provider=GEONAMES status=ok attempt=1 durationMs=521 
2026-03-01T17:27:50.034Z [WARN]: [PORT_RESOLVER] provider=OVERPASS status=error attempt=1 durationMs=2503 failCount=3 
2026-03-01T17:27:52.537Z [WARN]: [PORT_RESOLVER] provider=OVERPASS status=error attempt=2 durationMs=5006 failCount=4 
2026-03-01T17:27:52.538Z [INFO]: [PORT_RESOLVER] provider=OPEN_SNAPSHOT status=ok attempt=1 durationMs=0 
2026-03-01T17:33:02.466Z [INFO]: MongoDB Connected: obaol-cluster-shard-00-00.oq0ij.mongodb.net 
2026-03-01T17:33:19.815Z [INFO]: MongoDB Connected: obaol-cluster-shard-00-02.oq0ij.mongodb.net 
2026-03-01T17:33:33.610Z [INFO]: MongoDB Connected: obaol-cluster-shard-00-00.oq0ij.mongodb.net 
2026-03-01T17:37:35.067Z [INFO]: MongoDB Connected: obaol-cluster-shard-00-02.oq0ij.mongodb.net 
2026-03-01T17:39:49.355Z [INFO]: [PORT_RESOLVER] provider=GEONAMES status=ok attempt=1 durationMs=1063 
2026-03-01T17:39:51.858Z [WARN]: [PORT_RESOLVER] provider=OVERPASS status=error attempt=1 durationMs=2503 failCount=1 
2026-03-01T17:39:54.359Z [WARN]: [PORT_RESOLVER] provider=OVERPASS status=error attempt=2 durationMs=5004 failCount=2 
2026-03-01T17:39:54.660Z [INFO]: [PORT_RESOLVER] provider=OPEN_SNAPSHOT status=ok attempt=1 durationMs=300 
2026-03-01T17:40:30.063Z [INFO]: [PORT_RESOLVER] provider=GEONAMES status=ok attempt=1 durationMs=1585 
2026-03-01T17:40:32.567Z [WARN]: [PORT_RESOLVER] provider=OVERPASS status=error attempt=1 durationMs=2503 failCount=3 
2026-03-01T17:40:35.069Z [WARN]: [PORT_RESOLVER] provider=OVERPASS status=error attempt=2 durationMs=5005 failCount=4 
2026-03-01T17:40:35.069Z [INFO]: [PORT_RESOLVER] provider=OPEN_SNAPSHOT status=ok attempt=1 durationMs=0 
2026-03-01T17:53:30.158Z [INFO]: MongoDB Connected: obaol-cluster-shard-00-01.oq0ij.mongodb.net 
2026-03-01T18:15:58.707Z [INFO]: MongoDB Connected: obaol-cluster-shard-00-00.oq0ij.mongodb.net 
2026-03-01T18:16:13.544Z [INFO]: MongoDB Connected: obaol-cluster-shard-00-01.oq0ij.mongodb.net 
2026-03-01T18:16:25.587Z [INFO]: MongoDB Connected: obaol-cluster-shard-00-00.oq0ij.mongodb.net 
2026-03-01T18:27:52.993Z [INFO]: [PORT_RESOLVER] provider=GEONAMES status=ok attempt=1 durationMs=568 
2026-03-01T18:27:55.504Z [WARN]: [PORT_RESOLVER] provider=OVERPASS status=error attempt=1 durationMs=2506 failCount=1 
2026-03-01T18:27:58.006Z [WARN]: [PORT_RESOLVER] provider=OVERPASS status=error attempt=2 durationMs=5008 failCount=2 
2026-03-01T18:27:58.325Z [INFO]: [PORT_RESOLVER] provider=OPEN_SNAPSHOT status=ok attempt=1 durationMs=318 
2026-03-01T18:28:26.389Z [INFO]: [PORT_RESOLVER] provider=GEONAMES status=ok attempt=1 durationMs=527 
2026-03-01T18:28:26.780Z [INFO]: [PORT_RESOLVER] provider=GEONAMES status=ok attempt=1 durationMs=927 
2026-03-01T18:28:28.649Z [INFO]: [PORT_RESOLVER] provider=OVERPASS status=ok attempt=1 durationMs=2260 
2026-03-01T18:28:28.650Z [INFO]: [PORT_RESOLVER] provider=OPEN_SNAPSHOT status=ok attempt=1 durationMs=0 
2026-03-01T18:28:29.284Z [WARN]: [PORT_RESOLVER] provider=OVERPASS status=error attempt=1 durationMs=2503 failCount=3 
2026-03-01T18:28:31.786Z [WARN]: [PORT_RESOLVER] provider=OVERPASS status=error attempt=2 durationMs=5005 failCount=4 
2026-03-01T18:28:31.787Z [INFO]: [PORT_RESOLVER] provider=OPEN_SNAPSHOT status=ok attempt=1 durationMs=0 
2026-03-01T18:28:31.899Z [ERROR]: unhandledRejection: Cast to ObjectId failed for value "8bac3ba6e14378121dadb18dc3d49ac617000f50" (type string) at path "destinationPort" because of "BSONError"
CastError: Cast to ObjectId failed for value "8bac3ba6e14378121dadb18dc3d49ac617000f50" (type string) at path "destinationPort" because of "BSONError"
    at SchemaObjectId.cast (/Users/jacoob/Documents/Dev/OBAOL CORE/Obaol-Web-App/obaol-automate-backend/node_modules/mongoose/lib/schema/objectId.js:253:11)
    at SchemaObjectId.SchemaType.applySetters (/Users/jacoob/Documents/Dev/OBAOL CORE/Obaol-Web-App/obaol-automate-backend/node_modules/mongoose/lib/schemaType.js:1288:12)
    at SchemaObjectId.SchemaType.castForQuery (/Users/jacoob/Documents/Dev/OBAOL CORE/Obaol-Web-App/obaol-automate-backend/node_modules/mongoose/lib/schemaType.js:1724:17)
    at castUpdateVal (/Users/jacoob/Documents/Dev/OBAOL CORE/Obaol-Web-App/obaol-automate-backend/node_modules/mongoose/lib/helpers/query/castUpdate.js:633:19)
    at walkUpdatePath (/Users/jacoob/Documents/Dev/OBAOL CORE/Obaol-Web-App/obaol-automate-backend/node_modules/mongoose/lib/helpers/query/castUpdate.js:438:24)
    at castUpdate (/Users/jacoob/Documents/Dev/OBAOL CORE/Obaol-Web-App/obaol-automate-backend/node_modules/mongoose/lib/helpers/query/castUpdate.js:144:7)
    at model.Query._castUpdate (/Users/jacoob/Documents/Dev/OBAOL CORE/Obaol-Web-App/obaol-automate-backend/node_modules/mongoose/lib/query.js:4874:10)
    at model.Query._findOneAndUpdate (/Users/jacoob/Documents/Dev/OBAOL CORE/Obaol-Web-App/obaol-automate-backend/node_modules/mongoose/lib/query.js:3497:23)
    at model.Query.exec (/Users/jacoob/Documents/Dev/OBAOL CORE/Obaol-Web-App/obaol-automate-backend/node_modules/mongoose/lib/query.js:4627:80)
    at processTicksAndRejections (node:internal/process/task_queues:103:5) {"error":{"stringValue":"\"8bac3ba6e14378121dadb18dc3d49ac617000f50\"","valueType":"string","kind":"ObjectId","value":"8bac3ba6e14378121dadb18dc3d49ac617000f50","path":"destinationPort","reason":{},"name":"CastError","message":"Cast to ObjectId failed for value \"8bac3ba6e14378121dadb18dc3d49ac617000f50\" (type string) at path \"destinationPort\" because of \"BSONError\""},"stack":"CastError: Cast to ObjectId failed for value \"8bac3ba6e14378121dadb18dc3d49ac617000f50\" (type string) at path \"destinationPort\" because of \"BSONError\"\n    at SchemaObjectId.cast (/Users/jacoob/Documents/Dev/OBAOL CORE/Obaol-Web-App/obaol-automate-backend/node_modules/mongoose/lib/schema/objectId.js:253:11)\n    at SchemaObjectId.SchemaType.applySetters (/Users/jacoob/Documents/Dev/OBAOL CORE/Obaol-Web-App/obaol-automate-backend/node_modules/mongoose/lib/schemaType.js:1288:12)\n    at SchemaObjectId.SchemaType.castForQuery (/Users/jacoob/Documents/Dev/OBAOL CORE/Obaol-Web-App/obaol-automate-backend/node_modules/mongoose/lib/schemaType.js:1724:17)\n    at castUpdateVal (/Users/jacoob/Documents/Dev/OBAOL CORE/Obaol-Web-App/obaol-automate-backend/node_modules/mongoose/lib/helpers/query/castUpdate.js:633:19)\n    at walkUpdatePath (/Users/jacoob/Documents/Dev/OBAOL CORE/Obaol-Web-App/obaol-automate-backend/node_modules/mongoose/lib/helpers/query/castUpdate.js:438:24)\n    at castUpdate (/Users/jacoob/Documents/Dev/OBAOL CORE/Obaol-Web-App/obaol-automate-backend/node_modules/mongoose/lib/helpers/query/castUpdate.js:144:7)\n    at model.Query._castUpdate (/Users/jacoob/Documents/Dev/OBAOL CORE/Obaol-Web-App/obaol-automate-backend/node_modules/mongoose/lib/query.js:4874:10)\n    at model.Query._findOneAndUpdate (/Users/jacoob/Documents/Dev/OBAOL CORE/Obaol-Web-App/obaol-automate-backend/node_modules/mongoose/lib/query.js:3497:23)\n    at model.Query.exec (/Users/jacoob/Documents/Dev/OBAOL CORE/Obaol-Web-App/obaol-automate-backend/node_modules/mongoose/lib/query.js:4627:80)\n    at processTicksAndRejections (node:internal/process/task_queues:103:5)","rejection":true,"date":"Sun Mar 01 2026 23:58:31 GMT+0530 (India Standard Time)","process":{"pid":6207,"uid":501,"gid":20,"cwd":"/Users/jacoob/Documents/Dev/OBAOL CORE/Obaol-Web-App/obaol-automate-backend","execPath":"/usr/local/bin/node","version":"v24.12.0","argv":["/Users/jacoob/Documents/Dev/OBAOL CORE/Obaol-Web-App/obaol-automate-backend/node_modules/.bin/ts-node","/Users/jacoob/Documents/Dev/OBAOL CORE/Obaol-Web-App/obaol-automate-backend/src/index.ts"],"memoryUsage":{"rss":123273216,"heapTotal":566820864,"heapUsed":560954144,"external":29630064,"arrayBuffers":25233180}},"os":{"loadavg":[2.34033203125,2.5205078125,3.0263671875],"uptime":161221},"trace":[{"column":11,"file":"/Users/jacoob/Documents/Dev/OBAOL CORE/Obaol-Web-App/obaol-automate-backend/node_modules/mongoose/lib/schema/objectId.js","function":"SchemaObjectId.cast","line":253,"method":"cast","native":false},{"column":12,"file":"/Users/jacoob/Documents/Dev/OBAOL CORE/Obaol-Web-App/obaol-automate-backend/node_modules/mongoose/lib/schemaType.js","function":"SchemaObjectId.SchemaType.applySetters","line":1288,"method":"applySetters","native":false},{"column":17,"file":"/Users/jacoob/Documents/Dev/OBAOL CORE/Obaol-Web-App/obaol-automate-backend/node_modules/mongoose/lib/schemaType.js","function":"SchemaObjectId.SchemaType.castForQuery","line":1724,"method":"castForQuery","native":false},{"column":19,"file":"/Users/jacoob/Documents/Dev/OBAOL CORE/Obaol-Web-App/obaol-automate-backend/node_modules/mongoose/lib/helpers/query/castUpdate.js","function":"castUpdateVal","line":633,"method":null,"native":false},{"column":24,"file":"/Users/jacoob/Documents/Dev/OBAOL CORE/Obaol-Web-App/obaol-automate-backend/node_modules/mongoose/lib/helpers/query/castUpdate.js","function":"walkUpdatePath","line":438,"method":null,"native":false},{"column":7,"file":"/Users/jacoob/Documents/Dev/OBAOL CORE/Obaol-Web-App/obaol-automate-backend/node_modules/mongoose/lib/helpers/query/castUpdate.js","function":"castUpdate","line":144,"method":null,"native":false},{"column":10,"file":"/Users/jacoob/Documents/Dev/OBAOL CORE/Obaol-Web-App/obaol-automate-backend/node_modules/mongoose/lib/query.js","function":"model.Query._castUpdate","line":4874,"method":"_castUpdate","native":false},{"column":23,"file":"/Users/jacoob/Documents/Dev/OBAOL CORE/Obaol-Web-App/obaol-automate-backend/node_modules/mongoose/lib/query.js","function":"model.Query._findOneAndUpdate","line":3497,"method":"_findOneAndUpdate","native":false},{"column":80,"file":"/Users/jacoob/Documents/Dev/OBAOL CORE/Obaol-Web-App/obaol-automate-backend/node_modules/mongoose/lib/query.js","function":"model.Query.exec","line":4627,"method":"exec","native":false},{"column":5,"file":"node:internal/process/task_queues","function":"processTicksAndRejections","line":103,"method":null,"native":false}]}
2026-03-01T18:31:04.038Z [INFO]: MongoDB Connected: obaol-cluster-shard-00-00.oq0ij.mongodb.net 
2026-03-01T18:36:27.669Z [INFO]: [PORT_RESOLVER] provider=GEONAMES status=ok attempt=1 durationMs=609 
2026-03-01T18:36:30.172Z [WARN]: [PORT_RESOLVER] provider=OVERPASS status=error attempt=1 durationMs=2503 failCount=1 
2026-03-01T18:36:32.095Z [INFO]: [PORT_RESOLVER] provider=GEONAMES status=ok attempt=1 durationMs=771 
2026-03-01T18:36:32.188Z [INFO]: [PORT_RESOLVER] provider=GEONAMES status=ok attempt=1 durationMs=790 
2026-03-01T18:36:32.675Z [WARN]: [PORT_RESOLVER] provider=OVERPASS status=error attempt=2 durationMs=5006 failCount=2 
2026-03-01T18:36:33.015Z [INFO]: [PORT_RESOLVER] provider=OPEN_SNAPSHOT status=ok attempt=1 durationMs=340 
2026-03-01T18:36:34.598Z [WARN]: [PORT_RESOLVER] provider=OVERPASS status=error attempt=1 durationMs=2502 failCount=3 
2026-03-01T18:36:34.691Z [WARN]: [PORT_RESOLVER] provider=OVERPASS status=error attempt=1 durationMs=2503 failCount=4 
2026-03-01T18:36:36.644Z [INFO]: [PORT_RESOLVER] provider=OVERPASS status=ok attempt=2 durationMs=4456 
2026-03-01T18:36:36.645Z [INFO]: [PORT_RESOLVER] provider=OPEN_SNAPSHOT status=ok attempt=1 durationMs=0 
2026-03-01T18:36:37.100Z [WARN]: [PORT_RESOLVER] provider=OVERPASS status=error attempt=2 durationMs=5004 failCount=5 
2026-03-01T18:36:37.100Z [INFO]: [PORT_RESOLVER] provider=OPEN_SNAPSHOT status=ok attempt=1 durationMs=0 
2026-03-01T18:36:37.595Z [INFO]: [PORT_RESOLVER] provider=GEONAMES status=ok attempt=1 durationMs=475 
2026-03-01T18:36:39.556Z [ERROR]: unhandledRejection: Cast to ObjectId failed for value "8bac3ba6e14378121dadb18dc3d49ac617000f50" (type string) at path "destinationPort" because of "BSONError"
CastError: Cast to ObjectId failed for value "8bac3ba6e14378121dadb18dc3d49ac617000f50" (type string) at path "destinationPort" because of "BSONError"
    at SchemaObjectId.cast (/Users/jacoob/Documents/Dev/OBAOL CORE/Obaol-Web-App/obaol-automate-backend/node_modules/mongoose/lib/schema/objectId.js:253:11)
    at SchemaObjectId.SchemaType.applySetters (/Users/jacoob/Documents/Dev/OBAOL CORE/Obaol-Web-App/obaol-automate-backend/node_modules/mongoose/lib/schemaType.js:1288:12)
    at SchemaObjectId.SchemaType.castForQuery (/Users/jacoob/Documents/Dev/OBAOL CORE/Obaol-Web-App/obaol-automate-backend/node_modules/mongoose/lib/schemaType.js:1724:17)
    at castUpdateVal (/Users/jacoob/Documents/Dev/OBAOL CORE/Obaol-Web-App/obaol-automate-backend/node_modules/mongoose/lib/helpers/query/castUpdate.js:633:19)
    at walkUpdatePath (/Users/jacoob/Documents/Dev/OBAOL CORE/Obaol-Web-App/obaol-automate-backend/node_modules/mongoose/lib/helpers/query/castUpdate.js:438:24)
    at castUpdate (/Users/jacoob/Documents/Dev/OBAOL CORE/Obaol-Web-App/obaol-automate-backend/node_modules/mongoose/lib/helpers/query/castUpdate.js:144:7)
    at model.Query._castUpdate (/Users/jacoob/Documents/Dev/OBAOL CORE/Obaol-Web-App/obaol-automate-backend/node_modules/mongoose/lib/query.js:4874:10)
    at model.Query._findOneAndUpdate (/Users/jacoob/Documents/Dev/OBAOL CORE/Obaol-Web-App/obaol-automate-backend/node_modules/mongoose/lib/query.js:3497:23)
    at model.Query.exec (/Users/jacoob/Documents/Dev/OBAOL CORE/Obaol-Web-App/obaol-automate-backend/node_modules/mongoose/lib/query.js:4627:80)
    at processTicksAndRejections (node:internal/process/task_queues:103:5) {"error":{"stringValue":"\"8bac3ba6e14378121dadb18dc3d49ac617000f50\"","valueType":"string","kind":"ObjectId","value":"8bac3ba6e14378121dadb18dc3d49ac617000f50","path":"destinationPort","reason":{},"name":"CastError","message":"Cast to ObjectId failed for value \"8bac3ba6e14378121dadb18dc3d49ac617000f50\" (type string) at path \"destinationPort\" because of \"BSONError\""},"stack":"CastError: Cast to ObjectId failed for value \"8bac3ba6e14378121dadb18dc3d49ac617000f50\" (type string) at path \"destinationPort\" because of \"BSONError\"\n    at SchemaObjectId.cast (/Users/jacoob/Documents/Dev/OBAOL CORE/Obaol-Web-App/obaol-automate-backend/node_modules/mongoose/lib/schema/objectId.js:253:11)\n    at SchemaObjectId.SchemaType.applySetters (/Users/jacoob/Documents/Dev/OBAOL CORE/Obaol-Web-App/obaol-automate-backend/node_modules/mongoose/lib/schemaType.js:1288:12)\n    at SchemaObjectId.SchemaType.castForQuery (/Users/jacoob/Documents/Dev/OBAOL CORE/Obaol-Web-App/obaol-automate-backend/node_modules/mongoose/lib/schemaType.js:1724:17)\n    at castUpdateVal (/Users/jacoob/Documents/Dev/OBAOL CORE/Obaol-Web-App/obaol-automate-backend/node_modules/mongoose/lib/helpers/query/castUpdate.js:633:19)\n    at walkUpdatePath (/Users/jacoob/Documents/Dev/OBAOL CORE/Obaol-Web-App/obaol-automate-backend/node_modules/mongoose/lib/helpers/query/castUpdate.js:438:24)\n    at castUpdate (/Users/jacoob/Documents/Dev/OBAOL CORE/Obaol-Web-App/obaol-automate-backend/node_modules/mongoose/lib/helpers/query/castUpdate.js:144:7)\n    at model.Query._castUpdate (/Users/jacoob/Documents/Dev/OBAOL CORE/Obaol-Web-App/obaol-automate-backend/node_modules/mongoose/lib/query.js:4874:10)\n    at model.Query._findOneAndUpdate (/Users/jacoob/Documents/Dev/OBAOL CORE/Obaol-Web-App/obaol-automate-backend/node_modules/mongoose/lib/query.js:3497:23)\n    at model.Query.exec (/Users/jacoob/Documents/Dev/OBAOL CORE/Obaol-Web-App/obaol-automate-backend/node_modules/mongoose/lib/query.js:4627:80)\n    at processTicksAndRejections (node:internal/process/task_queues:103:5)","rejection":true,"date":"Mon Mar 02 2026 00:06:39 GMT+0530 (India Standard Time)","process":{"pid":7397,"uid":501,"gid":20,"cwd":"/Users/jacoob/Documents/Dev/OBAOL CORE/Obaol-Web-App/obaol-automate-backend","execPath":"/usr/local/bin/node","version":"v24.12.0","argv":["/Users/jacoob/Documents/Dev/OBAOL CORE/Obaol-Web-App/obaol-automate-backend/node_modules/.bin/ts-node","/Users/jacoob/Documents/Dev/OBAOL CORE/Obaol-Web-App/obaol-automate-backend/src/index.ts"],"memoryUsage":{"rss":150634496,"heapTotal":1026441216,"heapUsed":789858696,"external":158112831,"arrayBuffers":153677090}},"os":{"loadavg":[3.1357421875,2.71826171875,2.87158203125],"uptime":161709},"trace":[{"column":11,"file":"/Users/jacoob/Documents/Dev/OBAOL CORE/Obaol-Web-App/obaol-automate-backend/node_modules/mongoose/lib/schema/objectId.js","function":"SchemaObjectId.cast","line":253,"method":"cast","native":false},{"column":12,"file":"/Users/jacoob/Documents/Dev/OBAOL CORE/Obaol-Web-App/obaol-automate-backend/node_modules/mongoose/lib/schemaType.js","function":"SchemaObjectId.SchemaType.applySetters","line":1288,"method":"applySetters","native":false},{"column":17,"file":"/Users/jacoob/Documents/Dev/OBAOL CORE/Obaol-Web-App/obaol-automate-backend/node_modules/mongoose/lib/schemaType.js","function":"SchemaObjectId.SchemaType.castForQuery","line":1724,"method":"castForQuery","native":false},{"column":19,"file":"/Users/jacoob/Documents/Dev/OBAOL CORE/Obaol-Web-App/obaol-automate-backend/node_modules/mongoose/lib/helpers/query/castUpdate.js","function":"castUpdateVal","line":633,"method":null,"native":false},{"column":24,"file":"/Users/jacoob/Documents/Dev/OBAOL CORE/Obaol-Web-App/obaol-automate-backend/node_modules/mongoose/lib/helpers/query/castUpdate.js","function":"walkUpdatePath","line":438,"method":null,"native":false},{"column":7,"file":"/Users/jacoob/Documents/Dev/OBAOL CORE/Obaol-Web-App/obaol-automate-backend/node_modules/mongoose/lib/helpers/query/castUpdate.js","function":"castUpdate","line":144,"method":null,"native":false},{"column":10,"file":"/Users/jacoob/Documents/Dev/OBAOL CORE/Obaol-Web-App/obaol-automate-backend/node_modules/mongoose/lib/query.js","function":"model.Query._castUpdate","line":4874,"method":"_castUpdate","native":false},{"column":23,"file":"/Users/jacoob/Documents/Dev/OBAOL CORE/Obaol-Web-App/obaol-automate-backend/node_modules/mongoose/lib/query.js","function":"model.Query._findOneAndUpdate","line":3497,"method":"_findOneAndUpdate","native":false},{"column":80,"file":"/Users/jacoob/Documents/Dev/OBAOL CORE/Obaol-Web-App/obaol-automate-backend/node_modules/mongoose/lib/query.js","function":"model.Query.exec","line":4627,"method":"exec","native":false},{"column":5,"file":"node:internal/process/task_queues","function":"processTicksAndRejections","line":103,"method":null,"native":false}]}
2026-03-01T18:38:20.883Z [INFO]: MongoDB Connected: obaol-cluster-shard-00-01.oq0ij.mongodb.net 
2026-03-01T18:38:43.063Z [INFO]: MongoDB Connected: obaol-cluster-shard-00-00.oq0ij.mongodb.net 
2026-03-01T18:39:42.199Z [INFO]: [PORT_RESOLVER] provider=GEONAMES status=ok attempt=1 durationMs=505 
2026-03-01T18:39:44.706Z [WARN]: [PORT_RESOLVER] provider=OVERPASS status=error attempt=1 durationMs=2507 failCount=1 
2026-03-01T18:39:47.207Z [WARN]: [PORT_RESOLVER] provider=OVERPASS status=error attempt=2 durationMs=5008 failCount=2 
2026-03-01T18:39:47.513Z [INFO]: [PORT_RESOLVER] provider=OPEN_SNAPSHOT status=ok attempt=1 durationMs=305 
2026-03-01T18:39:47.565Z [INFO]: [PORT_RESOLVER] provider=GEONAMES status=ok attempt=1 durationMs=562 
2026-03-01T18:39:47.751Z [INFO]: [PORT_RESOLVER] provider=GEONAMES status=ok attempt=1 durationMs=529 
2026-03-01T18:39:50.068Z [WARN]: [PORT_RESOLVER] provider=OVERPASS status=error attempt=1 durationMs=2503 failCount=3 
2026-03-01T18:39:50.253Z [WARN]: [PORT_RESOLVER] provider=OVERPASS status=error attempt=1 durationMs=2502 failCount=4 
2026-03-01T18:39:51.455Z [INFO]: [PORT_RESOLVER] provider=OVERPASS status=ok attempt=2 durationMs=3704 
2026-03-01T18:39:51.456Z [INFO]: [PORT_RESOLVER] provider=OPEN_SNAPSHOT status=ok attempt=1 durationMs=0 
2026-03-01T18:39:52.569Z [WARN]: [PORT_RESOLVER] provider=OVERPASS status=error attempt=2 durationMs=5004 failCount=5 
2026-03-01T18:39:52.570Z [INFO]: [PORT_RESOLVER] provider=OPEN_SNAPSHOT status=ok attempt=1 durationMs=0 
2026-03-01T18:39:53.168Z [INFO]: [PORT_RESOLVER] provider=GEONAMES status=ok attempt=1 durationMs=582 
2026-03-01T18:39:55.671Z [WARN]: [PORT_RESOLVER] provider=OVERPASS status=error attempt=1 durationMs=2503 failCount=6 
2026-03-01T18:39:58.173Z [WARN]: [PORT_RESOLVER] provider=OVERPASS status=error attempt=2 durationMs=5005 failCount=7 
2026-03-01T18:39:58.173Z [INFO]: [PORT_RESOLVER] provider=OPEN_SNAPSHOT status=ok attempt=1 durationMs=0 
2026-03-01T18:41:39.951Z [INFO]: [PORT_RESOLVER] provider=GEONAMES status=ok attempt=1 durationMs=823 
2026-03-01T18:41:39.952Z [INFO]: [PORT_RESOLVER] provider=OPEN_SNAPSHOT status=ok attempt=1 durationMs=0 
2026-03-01T18:41:39.955Z [INFO]: [PORT_RESOLVER] provider=GEONAMES status=ok attempt=1 durationMs=854 
2026-03-01T18:41:39.956Z [INFO]: [PORT_RESOLVER] provider=OPEN_SNAPSHOT status=ok attempt=1 durationMs=0 
2026-03-01T18:42:10.374Z [INFO]: [PORT_RESOLVER] provider=GEONAMES status=ok attempt=1 durationMs=500 
2026-03-01T18:42:12.878Z [WARN]: [PORT_RESOLVER] provider=OVERPASS status=error attempt=1 durationMs=2502 failCount=8 
2026-03-01T18:42:15.078Z [INFO]: [PORT_RESOLVER] provider=OVERPASS status=ok attempt=2 durationMs=4702 
2026-03-01T18:42:15.078Z [INFO]: [PORT_RESOLVER] provider=OPEN_SNAPSHOT status=ok attempt=1 durationMs=0 
2026-03-01T18:42:15.601Z [INFO]: [PORT_RESOLVER] provider=GEONAMES status=ok attempt=1 durationMs=523 
2026-03-01T18:42:18.103Z [WARN]: [PORT_RESOLVER] provider=OVERPASS status=error attempt=1 durationMs=2502 failCount=9 
2026-03-01T18:42:20.606Z [WARN]: [PORT_RESOLVER] provider=OVERPASS status=error attempt=2 durationMs=5004 failCount=10 
2026-03-01T18:42:20.607Z [INFO]: [PORT_RESOLVER] provider=OPEN_SNAPSHOT status=ok attempt=1 durationMs=0 
2026-03-01T18:42:23.476Z [INFO]: [PORT_RESOLVER] provider=GEONAMES status=ok attempt=1 durationMs=2205 
2026-03-01T18:42:25.979Z [WARN]: [PORT_RESOLVER] provider=OVERPASS status=error attempt=1 durationMs=2502 failCount=11 
2026-03-01T18:42:28.481Z [WARN]: [PORT_RESOLVER] provider=OVERPASS status=error attempt=2 durationMs=5004 failCount=12 
2026-03-01T18:42:28.482Z [INFO]: [PORT_RESOLVER] provider=OPEN_SNAPSHOT status=ok attempt=1 durationMs=0 
2026-03-01T18:42:29.029Z [INFO]: [PORT_RESOLVER] provider=GEONAMES status=ok attempt=1 durationMs=543 
2026-03-01T18:42:29.030Z [INFO]: [PORT_RESOLVER] provider=OPEN_SNAPSHOT status=ok attempt=1 durationMs=0 
2026-03-01T18:49:56.550Z [INFO]: MongoDB Connected: obaol-cluster-shard-00-01.oq0ij.mongodb.net 
2026-03-01T18:50:09.853Z [INFO]: MongoDB Connected: obaol-cluster-shard-00-00.oq0ij.mongodb.net 
2026-03-01T18:50:21.343Z [INFO]: MongoDB Connected: obaol-cluster-shard-00-00.oq0ij.mongodb.net 
2026-03-01T18:50:57.475Z [INFO]: MongoDB Connected: obaol-cluster-shard-00-02.oq0ij.mongodb.net 
2026-03-01T18:55:17.689Z [INFO]: [PORT_RESOLVER] provider=GEONAMES status=ok attempt=1 durationMs=529 
2026-03-01T18:55:17.692Z [INFO]: [PORT_RESOLVER] provider=GEONAMES status=ok attempt=1 durationMs=539 
2026-03-01T18:55:20.200Z [WARN]: [PORT_RESOLVER] provider=OVERPASS status=error attempt=1 durationMs=2510 failCount=1 
2026-03-01T18:55:20.205Z [WARN]: [PORT_RESOLVER] provider=OVERPASS status=error attempt=1 durationMs=2513 failCount=2 
2026-03-01T18:55:22.703Z [WARN]: [PORT_RESOLVER] provider=OVERPASS status=error attempt=2 durationMs=5013 failCount=3 
2026-03-01T18:55:22.709Z [WARN]: [PORT_RESOLVER] provider=OVERPASS status=error attempt=2 durationMs=5017 failCount=4 
2026-03-01T18:55:23.016Z [INFO]: [PORT_RESOLVER] provider=OPEN_SNAPSHOT status=ok attempt=1 durationMs=312 
2026-03-01T18:55:23.019Z [INFO]: [PORT_RESOLVER] provider=OPEN_SNAPSHOT status=ok attempt=1 durationMs=309 
2026-03-01T18:55:23.865Z [INFO]: [PORT_RESOLVER] provider=GEONAMES status=ok attempt=1 durationMs=478 
2026-03-01T18:55:23.865Z [INFO]: [PORT_RESOLVER] provider=OPEN_SNAPSHOT status=ok attempt=1 durationMs=0 
2026-03-01T18:55:23.886Z [INFO]: [PORT_RESOLVER] provider=GEONAMES status=ok attempt=1 durationMs=501 
2026-03-01T18:55:23.886Z [INFO]: [PORT_RESOLVER] provider=OPEN_SNAPSHOT status=ok attempt=1 durationMs=0 
2026-03-01T18:55:45.035Z [INFO]: [PORT_RESOLVER] provider=GEONAMES status=ok attempt=1 durationMs=1177 
2026-03-01T18:55:45.036Z [INFO]: [PORT_RESOLVER] provider=OPEN_SNAPSHOT status=ok attempt=1 durationMs=0 
2026-03-01T18:55:45.038Z [INFO]: [PORT_RESOLVER] provider=GEONAMES status=ok attempt=1 durationMs=546 
2026-03-01T18:55:45.039Z [INFO]: [PORT_RESOLVER] provider=OPEN_SNAPSHOT status=ok attempt=1 durationMs=0 
2026-03-01T18:55:47.456Z [INFO]: [PORT_RESOLVER] provider=GEONAMES status=ok attempt=1 durationMs=160 
2026-03-01T18:55:47.457Z [INFO]: [PORT_RESOLVER] provider=OPEN_SNAPSHOT status=ok attempt=1 durationMs=0 
2026-03-01T18:55:49.824Z [INFO]: [PORT_RESOLVER] provider=GEONAMES status=ok attempt=1 durationMs=159 
2026-03-01T18:55:49.824Z [INFO]: [PORT_RESOLVER] provider=OPEN_SNAPSHOT status=ok attempt=1 durationMs=0 
2026-03-01T18:55:55.709Z [INFO]: [PORT_RESOLVER] provider=GEONAMES status=ok attempt=1 durationMs=945 
2026-03-01T18:55:55.709Z [INFO]: [PORT_RESOLVER] provider=OPEN_SNAPSHOT status=ok attempt=1 durationMs=0 
2026-03-01T18:56:01.421Z [INFO]: [PORT_RESOLVER] provider=GEONAMES status=ok attempt=1 durationMs=690 
2026-03-01T18:56:01.421Z [INFO]: [PORT_RESOLVER] provider=OPEN_SNAPSHOT status=ok attempt=1 durationMs=0 
2026-03-01T18:56:02.263Z [INFO]: [PORT_RESOLVER] provider=GEONAMES status=ok attempt=1 durationMs=295 
2026-03-01T18:56:02.264Z [INFO]: [PORT_RESOLVER] provider=OPEN_SNAPSHOT status=ok attempt=1 durationMs=0 
2026-03-01T18:56:07.338Z [INFO]: [PORT_RESOLVER] provider=GEONAMES status=ok attempt=1 durationMs=483 
2026-03-01T18:56:07.338Z [INFO]: [PORT_RESOLVER] provider=OPEN_SNAPSHOT status=ok attempt=1 durationMs=0 
2026-03-01T18:56:08.275Z [INFO]: [PORT_RESOLVER] provider=GEONAMES status=ok attempt=1 durationMs=158 
2026-03-01T18:56:08.276Z [INFO]: [PORT_RESOLVER] provider=OPEN_SNAPSHOT status=ok attempt=1 durationMs=0 
2026-03-01T18:56:11.901Z [INFO]: [PORT_RESOLVER] provider=GEONAMES status=ok attempt=1 durationMs=548 
2026-03-01T18:56:11.901Z [INFO]: [PORT_RESOLVER] provider=OPEN_SNAPSHOT status=ok attempt=1 durationMs=0 
2026-03-01T18:56:12.047Z [INFO]: [PORT_RESOLVER] provider=GEONAMES status=ok attempt=1 durationMs=689 
2026-03-01T18:56:12.047Z [INFO]: [PORT_RESOLVER] provider=OPEN_SNAPSHOT status=ok attempt=1 durationMs=0 
2026-03-01T18:56:12.549Z [INFO]: [PORT_RESOLVER] provider=GEONAMES status=ok attempt=1 durationMs=160 
2026-03-01T18:56:12.549Z [INFO]: [PORT_RESOLVER] provider=OPEN_SNAPSHOT status=ok attempt=1 durationMs=0 
2026-03-01T18:56:12.655Z [INFO]: [PORT_RESOLVER] provider=GEONAMES status=ok attempt=1 durationMs=264 
2026-03-01T18:56:12.655Z [INFO]: [PORT_RESOLVER] provider=OPEN_SNAPSHOT status=ok attempt=1 durationMs=0 
2026-03-01T18:56:27.651Z [INFO]: [PORT_RESOLVER] provider=GEONAMES status=ok attempt=1 durationMs=2324 
2026-03-01T18:56:27.651Z [INFO]: [PORT_RESOLVER] provider=OPEN_SNAPSHOT status=ok attempt=1 durationMs=0 
2026-03-01T18:56:28.289Z [INFO]: [PORT_RESOLVER] provider=GEONAMES status=ok attempt=1 durationMs=257 
2026-03-01T18:56:28.289Z [INFO]: [PORT_RESOLVER] provider=OPEN_SNAPSHOT status=ok attempt=1 durationMs=0 
2026-03-01T19:34:37.211Z [INFO]: MongoDB Connected: obaol-cluster-shard-00-02.oq0ij.mongodb.net 
2026-03-01T19:36:52.278Z [INFO]: MongoDB Connected: obaol-cluster-shard-00-00.oq0ij.mongodb.net 
2026-03-01T19:37:50.200Z [INFO]: MongoDB Connected: obaol-cluster-shard-00-01.oq0ij.mongodb.net 
2026-03-01T19:38:53.967Z [INFO]: MongoDB Connected: obaol-cluster-shard-00-00.oq0ij.mongodb.net 
2026-03-01T20:13:51.106Z [INFO]: MongoDB Connected: obaol-cluster-shard-00-00.oq0ij.mongodb.net 
2026-03-01T20:18:29.782Z [INFO]: MongoDB Connected: obaol-cluster-shard-00-02.oq0ij.mongodb.net 
2026-03-01T20:18:36.186Z [INFO]: MongoDB Connected: obaol-cluster-shard-00-00.oq0ij.mongodb.net 
2026-03-01T20:23:36.181Z [INFO]: MongoDB Connected: obaol-cluster-shard-00-02.oq0ij.mongodb.net 
2026-03-01T20:38:21.239Z [INFO]: MongoDB Connected: obaol-cluster-shard-00-01.oq0ij.mongodb.net 
2026-03-01T20:38:28.199Z [INFO]: MongoDB Connected: obaol-cluster-shard-00-00.oq0ij.mongodb.net 
2026-03-01T20:41:54.513Z [INFO]: MongoDB Connected: obaol-cluster-shard-00-02.oq0ij.mongodb.net 
2026-03-01T20:53:47.124Z [INFO]: MongoDB Connected: obaol-cluster-shard-00-02.oq0ij.mongodb.net 
2026-03-01T20:56:24.064Z [INFO]: MongoDB Connected: obaol-cluster-shard-00-02.oq0ij.mongodb.net 
2026-03-01T20:58:41.301Z [INFO]: MongoDB Connected: obaol-cluster-shard-00-01.oq0ij.mongodb.net 
2026-03-01T20:58:45.738Z [INFO]: MongoDB Connected: obaol-cluster-shard-00-01.oq0ij.mongodb.net 
2026-03-01T20:58:55.532Z [INFO]: MongoDB Connected: obaol-cluster-shard-00-00.oq0ij.mongodb.net 
2026-03-01T21:01:00.378Z [INFO]: MongoDB Connected: obaol-cluster-shard-00-01.oq0ij.mongodb.net 
2026-03-01T21:18:05.526Z [INFO]: MongoDB Connected: obaol-cluster-shard-00-02.oq0ij.mongodb.net 
2026-03-01T21:18:26.423Z [INFO]: MongoDB Connected: obaol-cluster-shard-00-01.oq0ij.mongodb.net 
2026-03-01T21:18:47.212Z [INFO]: MongoDB Connected: obaol-cluster-shard-00-00.oq0ij.mongodb.net 
2026-03-01T21:19:37.165Z [INFO]: MongoDB Connected: obaol-cluster-shard-00-01.oq0ij.mongodb.net 
2026-03-01T21:19:47.609Z [INFO]: MongoDB Connected: obaol-cluster-shard-00-01.oq0ij.mongodb.net 
2026-03-01T21:19:52.077Z [INFO]: MongoDB Connected: obaol-cluster-shard-00-00.oq0ij.mongodb.net 
2026-03-01T21:20:02.293Z [INFO]: MongoDB Connected: obaol-cluster-shard-00-01.oq0ij.mongodb.net 
2026-03-01T21:20:17.331Z [INFO]: MongoDB Connected: obaol-cluster-shard-00-02.oq0ij.mongodb.net 
2026-03-01T21:20:25.347Z [INFO]: MongoDB Connected: obaol-cluster-shard-00-00.oq0ij.mongodb.net 
2026-03-01T21:20:32.207Z [INFO]: MongoDB Connected: obaol-cluster-shard-00-01.oq0ij.mongodb.net 
2026-03-01T21:20:37.915Z [INFO]: MongoDB Connected: obaol-cluster-shard-00-00.oq0ij.mongodb.net 
2026-03-01T21:20:50.391Z [INFO]: MongoDB Connected: obaol-cluster-shard-00-01.oq0ij.mongodb.net 
2026-03-01T21:21:07.425Z [INFO]: MongoDB Connected: obaol-cluster-shard-00-00.oq0ij.mongodb.net 
2026-03-01T21:21:23.853Z [INFO]: MongoDB Connected: obaol-cluster-shard-00-01.oq0ij.mongodb.net 
2026-03-01T21:24:09.103Z [INFO]: MongoDB Connected: obaol-cluster-shard-00-00.oq0ij.mongodb.net 
2026-03-01T21:24:22.506Z [INFO]: MongoDB Connected: obaol-cluster-shard-00-02.oq0ij.mongodb.net 
2026-03-01T21:24:35.186Z [INFO]: MongoDB Connected: obaol-cluster-shard-00-01.oq0ij.mongodb.net 
2026-03-01T21:24:47.169Z [INFO]: MongoDB Connected: obaol-cluster-shard-00-02.oq0ij.mongodb.net 
2026-03-01T21:24:55.739Z [INFO]: MongoDB Connected: obaol-cluster-shard-00-00.oq0ij.mongodb.net 
2026-03-01T21:26:08.633Z [INFO]: MongoDB Connected: obaol-cluster-shard-00-02.oq0ij.mongodb.net 
2026-03-01T21:26:33.223Z [INFO]: MongoDB Connected: obaol-cluster-shard-00-02.oq0ij.mongodb.net 
2026-03-01T22:03:31.393Z [INFO]: MongoDB Connected: obaol-cluster-shard-00-01.oq0ij.mongodb.net 
2026-03-01T22:04:24.690Z [INFO]: MongoDB Connected: obaol-cluster-shard-00-02.oq0ij.mongodb.net 
2026-03-01T22:04:52.302Z [INFO]: MongoDB Connected: obaol-cluster-shard-00-01.oq0ij.mongodb.net 
2026-03-01T22:14:59.088Z [INFO]: MongoDB Connected: obaol-cluster-shard-00-00.oq0ij.mongodb.net 
2026-03-02T05:36:08.095Z [INFO]: MongoDB Connected: obaol-cluster-shard-00-02.oq0ij.mongodb.net 
2026-03-02T05:37:30.968Z [INFO]: MongoDB Connected: obaol-cluster-shard-00-00.oq0ij.mongodb.net 
2026-03-02T05:52:17.781Z [INFO]: MongoDB Connected: obaol-cluster-shard-00-02.oq0ij.mongodb.net 
2026-03-02T10:18:02.903Z [INFO]: MongoDB Connected: obaol-cluster-shard-00-00.oq0ij.mongodb.net 
2026-03-02T15:57:28.357Z [INFO]: MongoDB Connected: obaol-cluster-shard-00-00.oq0ij.mongodb.net 
2026-03-03T08:18:06.257Z [INFO]: MongoDB Connected: obaol-cluster-shard-00-00.oq0ij.mongodb.net 
2026-03-03T09:36:21.625Z [INFO]: MongoDB Connected: obaol-cluster-shard-00-02.oq0ij.mongodb.net 
2026-03-03T09:36:43.863Z [INFO]: MongoDB Connected: obaol-cluster-shard-00-01.oq0ij.mongodb.net 
2026-03-03T09:37:09.045Z [INFO]: MongoDB Connected: obaol-cluster-shard-00-02.oq0ij.mongodb.net 
2026-03-03T09:37:25.757Z [INFO]: MongoDB Connected: obaol-cluster-shard-00-01.oq0ij.mongodb.net 
2026-03-03T09:59:49.191Z [INFO]: MongoDB Connected: obaol-cluster-shard-00-02.oq0ij.mongodb.net 
2026-03-03T10:00:19.458Z [INFO]: MongoDB Connected: obaol-cluster-shard-00-02.oq0ij.mongodb.net 
2026-03-03T10:00:54.992Z [INFO]: MongoDB Connected: obaol-cluster-shard-00-00.oq0ij.mongodb.net 
2026-03-03T10:01:25.929Z [INFO]: MongoDB Connected: obaol-cluster-shard-00-01.oq0ij.mongodb.net 
2026-03-03T10:01:44.427Z [INFO]: MongoDB Connected: obaol-cluster-shard-00-02.oq0ij.mongodb.net 
2026-03-03T10:02:09.855Z [INFO]: MongoDB Connected: obaol-cluster-shard-00-01.oq0ij.mongodb.net 
2026-03-03T10:02:37.057Z [INFO]: MongoDB Connected: obaol-cluster-shard-00-01.oq0ij.mongodb.net 
2026-03-03T10:03:04.764Z [INFO]: MongoDB Connected: obaol-cluster-shard-00-01.oq0ij.mongodb.net 
2026-03-03T10:04:05.276Z [INFO]: MongoDB Connected: obaol-cluster-shard-00-00.oq0ij.mongodb.net 
2026-03-03T10:05:06.658Z [INFO]: MongoDB Connected: obaol-cluster-shard-00-01.oq0ij.mongodb.net 
2026-03-03T10:05:47.171Z [INFO]: MongoDB Connected: obaol-cluster-shard-00-02.oq0ij.mongodb.net 
2026-03-03T10:52:11.496Z [INFO]: MongoDB Connected: obaol-cluster-shard-00-01.oq0ij.mongodb.net 
2026-03-03T13:11:40.526Z [INFO]: MongoDB Connected: obaol-cluster-shard-00-00.oq0ij.mongodb.net 
2026-03-03T13:27:39.209Z [INFO]: MongoDB Connected: obaol-cluster-shard-00-00.oq0ij.mongodb.net 
2026-03-03T13:27:55.765Z [INFO]: MongoDB Connected: obaol-cluster-shard-00-02.oq0ij.mongodb.net 
2026-03-03T13:28:12.542Z [INFO]: MongoDB Connected: obaol-cluster-shard-00-01.oq0ij.mongodb.net 
2026-03-03T13:49:25.780Z [INFO]: MongoDB Connected: obaol-cluster-shard-00-02.oq0ij.mongodb.net 
2026-03-03T18:30:01.037Z [INFO]: Running daily variant rate reset cron job... 
2026-03-03T18:30:01.283Z [INFO]: Successfully offlined 0 variant rates. 
2026-03-04T09:31:47.480Z [INFO]: MongoDB Connected: obaol-cluster-shard-00-02.oq0ij.mongodb.net 
2026-03-04T12:12:29.914Z [INFO]: MongoDB Connected: obaol-cluster-shard-00-00.oq0ij.mongodb.net 
2026-03-04T12:13:03.784Z [INFO]: MongoDB Connected: obaol-cluster-shard-00-02.oq0ij.mongodb.net 
2026-03-04T12:13:37.126Z [INFO]: MongoDB Connected: obaol-cluster-shard-00-00.oq0ij.mongodb.net 
2026-03-04T12:14:02.118Z [INFO]: MongoDB Connected: obaol-cluster-shard-00-01.oq0ij.mongodb.net 
2026-03-04T12:14:47.864Z [INFO]: MongoDB Connected: obaol-cluster-shard-00-00.oq0ij.mongodb.net 
2026-03-04T12:17:42.181Z [INFO]: MongoDB Connected: obaol-cluster-shard-00-00.oq0ij.mongodb.net 
2026-03-04T12:19:35.259Z [INFO]: MongoDB Connected: obaol-cluster-shard-00-01.oq0ij.mongodb.net 
2026-03-04T12:20:02.914Z [INFO]: MongoDB Connected: obaol-cluster-shard-00-02.oq0ij.mongodb.net 
2026-03-04T12:44:36.157Z [INFO]: MongoDB Connected: obaol-cluster-shard-00-00.oq0ij.mongodb.net 
2026-03-04T13:13:15.113Z [INFO]: MongoDB Connected: obaol-cluster-shard-00-02.oq0ij.mongodb.net 
2026-03-04T13:44:28.274Z [INFO]: MongoDB Connected: obaol-cluster-shard-00-02.oq0ij.mongodb.net 
2026-03-04T13:44:54.910Z [INFO]: MongoDB Connected: obaol-cluster-shard-00-00.oq0ij.mongodb.net 
2026-03-04T13:45:22.654Z [INFO]: MongoDB Connected: obaol-cluster-shard-00-02.oq0ij.mongodb.net 
2026-03-04T13:45:52.857Z [INFO]: MongoDB Connected: obaol-cluster-shard-00-00.oq0ij.mongodb.net 
2026-03-04T13:46:17.909Z [INFO]: MongoDB Connected: obaol-cluster-shard-00-02.oq0ij.mongodb.net 
2026-03-04T16:31:25.181Z [INFO]: MongoDB Connected: obaol-cluster-shard-00-00.oq0ij.mongodb.net 
2026-03-04T16:31:49.986Z [INFO]: MongoDB Connected: obaol-cluster-shard-00-02.oq0ij.mongodb.net 
2026-03-04T16:32:18.263Z [INFO]: MongoDB Connected: obaol-cluster-shard-00-00.oq0ij.mongodb.net 
2026-03-04T16:32:54.507Z [INFO]: MongoDB Connected: obaol-cluster-shard-00-00.oq0ij.mongodb.net 
2026-03-04T16:33:23.876Z [INFO]: MongoDB Connected: obaol-cluster-shard-00-00.oq0ij.mongodb.net 
2026-03-04T16:33:52.378Z [INFO]: MongoDB Connected: obaol-cluster-shard-00-02.oq0ij.mongodb.net 
2026-03-04T16:34:24.572Z [INFO]: MongoDB Connected: obaol-cluster-shard-00-01.oq0ij.mongodb.net 
2026-03-04T16:34:55.277Z [INFO]: MongoDB Connected: obaol-cluster-shard-00-02.oq0ij.mongodb.net 
2026-03-04T16:35:25.186Z [INFO]: MongoDB Connected: obaol-cluster-shard-00-02.oq0ij.mongodb.net 
2026-03-04T16:35:47.325Z [INFO]: MongoDB Connected: obaol-cluster-shard-00-02.oq0ij.mongodb.net 
2026-03-04T16:41:49.585Z [INFO]: MongoDB Connected: obaol-cluster-shard-00-01.oq0ij.mongodb.net 
2026-03-04T21:27:16.862Z [INFO]: MongoDB Connected: obaol-cluster-shard-00-00.oq0ij.mongodb.net 
2026-03-04T21:30:37.013Z [INFO]: MongoDB Connected: obaol-cluster-shard-00-00.oq0ij.mongodb.net 
2026-03-05T04:22:34.954Z [INFO]: MongoDB Connected: obaol-cluster-shard-00-01.oq0ij.mongodb.net 
2026-03-05T04:55:20.328Z [INFO]: MongoDB Connected: obaol-cluster-shard-00-01.oq0ij.mongodb.net 
2026-03-05T05:45:51.890Z [INFO]: MongoDB Connected: obaol-cluster-shard-00-00.oq0ij.mongodb.net 
2026-03-05T05:56:01.807Z [INFO]: MongoDB Connected: obaol-cluster-shard-00-02.oq0ij.mongodb.net 
2026-03-05T06:24:10.719Z [INFO]: MongoDB Connected: obaol-cluster-shard-00-02.oq0ij.mongodb.net 
2026-03-05T06:28:42.595Z [INFO]: MongoDB Connected: obaol-cluster-shard-00-02.oq0ij.mongodb.net 
2026-03-05T06:56:05.580Z [INFO]: MongoDB Connected: obaol-cluster-shard-00-00.oq0ij.mongodb.net 
2026-03-05T06:56:51.878Z [INFO]: MongoDB Connected: obaol-cluster-shard-00-02.oq0ij.mongodb.net 
2026-03-05T11:45:14.697Z [INFO]: MongoDB Connected: obaol-cluster-shard-00-02.oq0ij.mongodb.net 
2026-03-05T11:45:39.497Z [INFO]: MongoDB Connected: obaol-cluster-shard-00-00.oq0ij.mongodb.net 
2026-03-05T11:48:09.246Z [INFO]: MongoDB Connected: obaol-cluster-shard-00-02.oq0ij.mongodb.net 
2026-03-05T12:34:14.544Z [INFO]: MongoDB Connected: obaol-cluster-shard-00-01.oq0ij.mongodb.net 
2026-03-05T12:55:44.534Z [INFO]: MongoDB Connected: obaol-cluster-shard-00-00.oq0ij.mongodb.net 
2026-03-07T10:47:59.952Z [INFO]: MongoDB Connected: obaol-cluster-shard-00-01.oq0ij.mongodb.net 
2026-03-07T12:27:35.767Z [INFO]: MongoDB Connected: obaol-cluster-shard-00-02.oq0ij.mongodb.net 
2026-03-07T13:10:54.055Z [INFO]: MongoDB Connected: obaol-cluster-shard-00-02.oq0ij.mongodb.net 
2026-03-07T13:49:07.508Z [INFO]: MongoDB Connected: obaol-cluster-shard-00-00.oq0ij.mongodb.net 
2026-03-07T14:06:06.901Z [INFO]: MongoDB Connected: obaol-cluster-shard-00-02.oq0ij.mongodb.net 
2026-03-07T15:37:40.899Z [INFO]: MongoDB Connected: obaol-cluster-shard-00-01.oq0ij.mongodb.net 
2026-03-07T15:52:11.394Z [INFO]: MongoDB Connected: obaol-cluster-shard-00-02.oq0ij.mongodb.net 
2026-03-07T15:53:14.338Z [INFO]: MongoDB Connected: obaol-cluster-shard-00-02.oq0ij.mongodb.net 
2026-03-07T15:53:48.819Z [INFO]: MongoDB Connected: obaol-cluster-shard-00-02.oq0ij.mongodb.net 
2026-03-07T15:54:20.773Z [INFO]: MongoDB Connected: obaol-cluster-shard-00-02.oq0ij.mongodb.net 
2026-03-07T15:55:11.798Z [INFO]: MongoDB Connected: obaol-cluster-shard-00-00.oq0ij.mongodb.net 
2026-03-07T15:55:42.242Z [INFO]: MongoDB Connected: obaol-cluster-shard-00-00.oq0ij.mongodb.net 
2026-03-07T15:56:07.328Z [INFO]: MongoDB Connected: obaol-cluster-shard-00-00.oq0ij.mongodb.net 
2026-03-07T18:30:00.520Z [INFO]: Running daily variant rate reset cron job... 
2026-03-07T18:30:00.586Z [INFO]: Successfully offlined 0 variant rates. 
2026-03-08T11:36:10.383Z [INFO]: MongoDB Connected: obaol-cluster-shard-00-00.oq0ij.mongodb.net 
2026-03-08T11:54:45.211Z [INFO]: MongoDB Connected: obaol-cluster-shard-00-00.oq0ij.mongodb.net 
2026-03-08T11:58:19.135Z [INFO]: MongoDB Connected: obaol-cluster-shard-00-01.oq0ij.mongodb.net 
2026-03-08T11:58:46.107Z [INFO]: MongoDB Connected: obaol-cluster-shard-00-02.oq0ij.mongodb.net 
2026-03-08T11:59:22.529Z [INFO]: MongoDB Connected: obaol-cluster-shard-00-02.oq0ij.mongodb.net 
2026-03-08T12:00:04.493Z [INFO]: MongoDB Connected: obaol-cluster-shard-00-01.oq0ij.mongodb.net 
2026-03-08T12:21:35.072Z [INFO]: MongoDB Connected: obaol-cluster-shard-00-02.oq0ij.mongodb.net 
2026-03-08T12:22:05.167Z [INFO]: MongoDB Connected: obaol-cluster-shard-00-00.oq0ij.mongodb.net 
2026-03-08T12:22:31.810Z [INFO]: MongoDB Connected: obaol-cluster-shard-00-02.oq0ij.mongodb.net 
2026-03-08T12:23:04.666Z [INFO]: MongoDB Connected: obaol-cluster-shard-00-01.oq0ij.mongodb.net 
2026-03-08T12:26:22.241Z [INFO]: MongoDB Connected: obaol-cluster-shard-00-00.oq0ij.mongodb.net 
2026-03-08T12:46:46.060Z [INFO]: MongoDB Connected: obaol-cluster-shard-00-01.oq0ij.mongodb.net 
2026-03-08T13:58:05.425Z [INFO]: MongoDB Connected: obaol-cluster-shard-00-01.oq0ij.mongodb.net 
2026-03-08T18:30:00.921Z [INFO]: Running daily variant rate reset cron job... 
2026-03-08T18:30:01.028Z [INFO]: Successfully offlined 0 variant rates. 
2026-03-09T07:01:58.595Z [INFO]: MongoDB Connected: obaol-cluster-shard-00-00.oq0ij.mongodb.net 
2026-03-09T09:35:35.780Z [INFO]: MongoDB Connected: obaol-cluster-shard-00-01.oq0ij.mongodb.net 
2026-03-09T09:45:12.449Z [INFO]: MongoDB Connected: obaol-cluster-shard-00-00.oq0ij.mongodb.net 
2026-03-09T10:23:24.492Z [INFO]: MongoDB Connected: obaol-cluster-shard-00-02.oq0ij.mongodb.net 
2026-03-09T10:51:00.309Z [INFO]: MongoDB Connected: obaol-cluster-shard-00-01.oq0ij.mongodb.net 
2026-03-09T18:19:23.582Z [INFO]: MongoDB Connected: obaol-cluster-shard-00-02.oq0ij.mongodb.net 
2026-03-09T18:30:00.323Z [INFO]: Running daily variant rate reset cron job... 
2026-03-09T18:30:00.722Z [INFO]: Successfully offlined 1 variant rates. 
2026-03-09T19:28:42.030Z [INFO]: MongoDB Connected: obaol-cluster-shard-00-02.oq0ij.mongodb.net 
2026-03-09T19:29:12.218Z [INFO]: MongoDB Connected: obaol-cluster-shard-00-01.oq0ij.mongodb.net 
2026-03-09T19:38:38.329Z [INFO]: MongoDB Connected: obaol-cluster-shard-00-00.oq0ij.mongodb.net 
2026-03-09T19:39:16.005Z [INFO]: MongoDB Connected: obaol-cluster-shard-00-00.oq0ij.mongodb.net 
2026-03-09T20:36:05.207Z [INFO]: MongoDB Connected: obaol-cluster-shard-00-02.oq0ij.mongodb.net 
2026-03-09T20:36:22.454Z [INFO]: MongoDB Connected: obaol-cluster-shard-00-01.oq0ij.mongodb.net 
2026-03-09T20:37:29.424Z [INFO]: MongoDB Connected: obaol-cluster-shard-00-00.oq0ij.mongodb.net 
2026-03-09T20:37:49.968Z [INFO]: MongoDB Connected: obaol-cluster-shard-00-02.oq0ij.mongodb.net 
2026-03-09T20:38:08.541Z [INFO]: MongoDB Connected: obaol-cluster-shard-00-01.oq0ij.mongodb.net 
2026-03-09T21:37:59.405Z [INFO]: MongoDB Connected: obaol-cluster-shard-00-00.oq0ij.mongodb.net 
2026-03-09T21:49:02.807Z [INFO]: MongoDB Connected: obaol-cluster-shard-00-00.oq0ij.mongodb.net 
2026-03-10T04:35:31.340Z [INFO]: MongoDB Connected: obaol-cluster-shard-00-00.oq0ij.mongodb.net 
2026-03-10T04:35:41.332Z [INFO]: MongoDB Connected: obaol-cluster-shard-00-01.oq0ij.mongodb.net 
2026-03-10T04:47:23.734Z [INFO]: MongoDB Connected: obaol-cluster-shard-00-01.oq0ij.mongodb.net 
2026-03-10T04:51:15.802Z [INFO]: MongoDB Connected: obaol-cluster-shard-00-00.oq0ij.mongodb.net 
2026-03-11T10:09:00.220Z [INFO]: MongoDB Connected: obaol-cluster-shard-00-00.oq0ij.mongodb.net 
2026-03-11T11:10:47.928Z [INFO]: MongoDB Connected: obaol-cluster-shard-00-00.oq0ij.mongodb.net 
2026-03-11T11:11:14.340Z [INFO]: MongoDB Connected: obaol-cluster-shard-00-01.oq0ij.mongodb.net 
2026-03-11T11:11:25.179Z [INFO]: MongoDB Connected: obaol-cluster-shard-00-02.oq0ij.mongodb.net 
2026-03-11T11:11:37.545Z [INFO]: MongoDB Connected: obaol-cluster-shard-00-01.oq0ij.mongodb.net 
2026-03-11T16:36:58.742Z [INFO]: MongoDB Connected: obaol-cluster-shard-00-02.oq0ij.mongodb.net 
2026-03-11T18:30:00.078Z [INFO]: Running daily variant rate reset cron job... 
2026-03-11T18:30:00.217Z [INFO]: Successfully offlined 0 variant rates. 
2026-03-11T18:53:09.408Z [INFO]: MongoDB Connected: obaol-cluster-shard-00-01.oq0ij.mongodb.net 
2026-03-11T18:54:59.606Z [INFO]: MongoDB Connected: obaol-cluster-shard-00-01.oq0ij.mongodb.net 
2026-03-11T21:51:32.801Z [INFO]: MongoDB Connected: obaol-cluster-shard-00-00.oq0ij.mongodb.net 
2026-03-11T21:52:01.002Z [INFO]: MongoDB Connected: obaol-cluster-shard-00-02.oq0ij.mongodb.net 
2026-03-11T21:52:17.647Z [INFO]: MongoDB Connected: obaol-cluster-shard-00-01.oq0ij.mongodb.net 
2026-03-11T21:53:22.205Z [INFO]: MongoDB Connected: obaol-cluster-shard-00-01.oq0ij.mongodb.net 
2026-03-11T21:53:52.892Z [INFO]: MongoDB Connected: obaol-cluster-shard-00-02.oq0ij.mongodb.net 
2026-03-11T21:54:18.050Z [INFO]: MongoDB Connected: obaol-cluster-shard-00-01.oq0ij.mongodb.net 
2026-03-11T21:54:38.233Z [INFO]: MongoDB Connected: obaol-cluster-shard-00-01.oq0ij.mongodb.net 
2026-03-11T23:33:06.105Z [INFO]: MongoDB Connected: obaol-cluster-shard-00-01.oq0ij.mongodb.net 
2026-03-12T10:35:06.293Z [INFO]: MongoDB Connected: obaol-cluster-shard-00-02.oq0ij.mongodb.net 
2026-03-12T10:35:33.221Z [INFO]: MongoDB Connected: obaol-cluster-shard-00-02.oq0ij.mongodb.net 
2026-03-12T10:37:04.436Z [INFO]: MongoDB Connected: obaol-cluster-shard-00-00.oq0ij.mongodb.net 
2026-03-12T10:37:40.402Z [INFO]: MongoDB Connected: obaol-cluster-shard-00-01.oq0ij.mongodb.net 
2026-03-12T10:38:18.836Z [INFO]: MongoDB Connected: obaol-cluster-shard-00-01.oq0ij.mongodb.net 
2026-03-12T10:54:51.008Z [INFO]: MongoDB Connected: obaol-cluster-shard-00-02.oq0ij.mongodb.net 
2026-03-12T18:30:00.618Z [INFO]: Running daily variant rate reset cron job... 
2026-03-12T18:30:00.714Z [INFO]: Successfully offlined 0 variant rates. 
2026-03-12T18:50:25.977Z [INFO]: MongoDB Connected: obaol-cluster-shard-00-00.oq0ij.mongodb.net 
2026-03-12T18:50:50.431Z [INFO]: MongoDB Connected: obaol-cluster-shard-00-00.oq0ij.mongodb.net 
2026-03-12T18:51:31.776Z [INFO]: MongoDB Connected: obaol-cluster-shard-00-01.oq0ij.mongodb.net 
2026-03-12T18:52:00.566Z [INFO]: MongoDB Connected: obaol-cluster-shard-00-00.oq0ij.mongodb.net 
2026-03-12T18:54:02.318Z [INFO]: MongoDB Connected: obaol-cluster-shard-00-01.oq0ij.mongodb.net 
2026-03-12T19:01:19.832Z [INFO]: MongoDB Connected: obaol-cluster-shard-00-00.oq0ij.mongodb.net 
2026-03-12T19:01:48.217Z [INFO]: MongoDB Connected: obaol-cluster-shard-00-01.oq0ij.mongodb.net 
2026-03-12T20:09:30.447Z [INFO]: MongoDB Connected: obaol-cluster-shard-00-01.oq0ij.mongodb.net 
2026-03-12T22:16:55.684Z [INFO]: MongoDB Connected: obaol-cluster-shard-00-02.oq0ij.mongodb.net 
2026-03-12T22:17:40.989Z [INFO]: MongoDB Connected: obaol-cluster-shard-00-01.oq0ij.mongodb.net 
2026-03-12T22:17:57.254Z [INFO]: MongoDB Connected: obaol-cluster-shard-00-01.oq0ij.mongodb.net 
2026-03-12T22:18:25.390Z [INFO]: MongoDB Connected: obaol-cluster-shard-00-01.oq0ij.mongodb.net 
2026-03-12T22:18:54.387Z [INFO]: MongoDB Connected: obaol-cluster-shard-00-01.oq0ij.mongodb.net 
2026-03-12T22:19:26.155Z [INFO]: MongoDB Connected: obaol-cluster-shard-00-02.oq0ij.mongodb.net 
2026-03-12T22:20:15.340Z [INFO]: MongoDB Connected: obaol-cluster-shard-00-02.oq0ij.mongodb.net 
2026-03-12T22:21:52.629Z [INFO]: MongoDB Connected: obaol-cluster-shard-00-01.oq0ij.mongodb.net 
2026-03-12T22:23:30.603Z [INFO]: MongoDB Connected: obaol-cluster-shard-00-02.oq0ij.mongodb.net 
2026-03-13T08:11:55.331Z [INFO]: MongoDB Connected: obaol-cluster-shard-00-02.oq0ij.mongodb.net 
2026-03-13T08:12:36.832Z [INFO]: MongoDB Connected: obaol-cluster-shard-00-00.oq0ij.mongodb.net 
2026-03-13T08:13:47.596Z [INFO]: MongoDB Connected: obaol-cluster-shard-00-00.oq0ij.mongodb.net 
2026-03-13T08:14:16.804Z [INFO]: MongoDB Connected: obaol-cluster-shard-00-01.oq0ij.mongodb.net 
2026-03-13T08:15:42.405Z [INFO]: MongoDB Connected: obaol-cluster-shard-00-01.oq0ij.mongodb.net 
2026-03-13T08:16:12.154Z [INFO]: MongoDB Connected: obaol-cluster-shard-00-01.oq0ij.mongodb.net 
2026-03-13T08:17:00.971Z [INFO]: MongoDB Connected: obaol-cluster-shard-00-00.oq0ij.mongodb.net 
2026-03-13T08:17:56.587Z [INFO]: MongoDB Connected: obaol-cluster-shard-00-00.oq0ij.mongodb.net 
2026-03-13T08:21:53.606Z [INFO]: MongoDB Connected: obaol-cluster-shard-00-01.oq0ij.mongodb.net 
2026-03-13T08:33:00.994Z [INFO]: MongoDB Connected: obaol-cluster-shard-00-02.oq0ij.mongodb.net 
2026-03-13T08:36:00.190Z [INFO]: MongoDB Connected: obaol-cluster-shard-00-01.oq0ij.mongodb.net 
2026-03-13T09:51:40.307Z [INFO]: MongoDB Connected: obaol-cluster-shard-00-01.oq0ij.mongodb.net 
2026-03-13T11:34:02.200Z [INFO]: MongoDB Connected: obaol-cluster-shard-00-00.oq0ij.mongodb.net 
2026-03-13T13:46:19.308Z [INFO]: MongoDB Connected: obaol-cluster-shard-00-00.oq0ij.mongodb.net 
2026-03-13T15:23:25.898Z [INFO]: MongoDB Connected: obaol-cluster-shard-00-01.oq0ij.mongodb.net 
2026-03-13T15:24:22.096Z [INFO]: MongoDB Connected: obaol-cluster-shard-00-01.oq0ij.mongodb.net 
2026-03-13T15:25:43.709Z [INFO]: MongoDB Connected: obaol-cluster-shard-00-00.oq0ij.mongodb.net 
2026-03-13T15:29:12.057Z [INFO]: MongoDB Connected: obaol-cluster-shard-00-02.oq0ij.mongodb.net 
2026-03-13T15:30:00.019Z [INFO]: MongoDB Connected: obaol-cluster-shard-00-02.oq0ij.mongodb.net 
2026-03-13T15:30:29.993Z [INFO]: MongoDB Connected: obaol-cluster-shard-00-02.oq0ij.mongodb.net 
2026-03-13T16:13:07.909Z [INFO]: MongoDB Connected: obaol-cluster-shard-00-00.oq0ij.mongodb.net 
2026-03-13T16:33:07.418Z [INFO]: MongoDB Connected: obaol-cluster-shard-00-01.oq0ij.mongodb.net 
2026-03-13T17:53:49.029Z [INFO]: MongoDB Connected: obaol-cluster-shard-00-02.oq0ij.mongodb.net 
2026-03-13T17:54:23.546Z [INFO]: MongoDB Connected: obaol-cluster-shard-00-02.oq0ij.mongodb.net 
2026-03-13T18:11:04.808Z [INFO]: MongoDB Connected: obaol-cluster-shard-00-00.oq0ij.mongodb.net 
2026-03-13T18:30:00.223Z [INFO]: Running daily variant rate reset cron job... 
2026-03-13T18:30:00.403Z [INFO]: Successfully offlined 0 variant rates. 
2026-03-13T19:21:07.801Z [INFO]: MongoDB Connected: obaol-cluster-shard-00-01.oq0ij.mongodb.net 
2026-03-13T19:31:18.353Z [INFO]: MongoDB Connected: obaol-cluster-shard-00-02.oq0ij.mongodb.net 
2026-03-13T20:10:20.103Z [INFO]: MongoDB Connected: obaol-cluster-shard-00-01.oq0ij.mongodb.net 
2026-03-13T20:11:06.823Z [INFO]: MongoDB Connected: obaol-cluster-shard-00-00.oq0ij.mongodb.net 
2026-03-13T20:12:03.442Z [INFO]: MongoDB Connected: obaol-cluster-shard-00-00.oq0ij.mongodb.net 
2026-03-13T20:13:13.671Z [INFO]: MongoDB Connected: obaol-cluster-shard-00-02.oq0ij.mongodb.net 
2026-03-13T20:14:00.321Z [INFO]: MongoDB Connected: obaol-cluster-shard-00-00.oq0ij.mongodb.net 
2026-03-13T20:16:38.355Z [INFO]: MongoDB Connected: obaol-cluster-shard-00-01.oq0ij.mongodb.net 
2026-03-13T20:17:25.757Z [INFO]: MongoDB Connected: obaol-cluster-shard-00-00.oq0ij.mongodb.net 
2026-03-13T20:18:10.638Z [INFO]: MongoDB Connected: obaol-cluster-shard-00-01.oq0ij.mongodb.net 
2026-03-13T20:20:48.938Z [INFO]: MongoDB Connected: obaol-cluster-shard-00-02.oq0ij.mongodb.net 
2026-03-13T22:06:41.524Z [INFO]: MongoDB Connected: obaol-cluster-shard-00-01.oq0ij.mongodb.net 
2026-03-13T22:06:50.863Z [INFO]: MongoDB Connected: obaol-cluster-shard-00-02.oq0ij.mongodb.net 
2026-03-13T22:16:48.823Z [INFO]: MongoDB Connected: obaol-cluster-shard-00-00.oq0ij.mongodb.net 
2026-03-14T05:53:14.921Z [INFO]: MongoDB Connected: obaol-cluster-shard-00-00.oq0ij.mongodb.net 
2026-03-14T05:53:55.928Z [INFO]: MongoDB Connected: obaol-cluster-shard-00-01.oq0ij.mongodb.net 
2026-03-14T05:54:37.201Z [INFO]: MongoDB Connected: obaol-cluster-shard-00-01.oq0ij.mongodb.net 
2026-03-14T05:55:17.843Z [INFO]: MongoDB Connected: obaol-cluster-shard-00-02.oq0ij.mongodb.net 
2026-03-14T05:56:01.219Z [INFO]: MongoDB Connected: obaol-cluster-shard-00-02.oq0ij.mongodb.net 
2026-03-14T05:56:54.558Z [INFO]: MongoDB Connected: obaol-cluster-shard-00-01.oq0ij.mongodb.net 
2026-03-14T05:57:31.398Z [INFO]: MongoDB Connected: obaol-cluster-shard-00-02.oq0ij.mongodb.net 
2026-03-14T05:58:07.731Z [INFO]: MongoDB Connected: obaol-cluster-shard-00-02.oq0ij.mongodb.net 
2026-03-14T06:00:05.500Z [INFO]: MongoDB Connected: obaol-cluster-shard-00-02.oq0ij.mongodb.net 
2026-03-14T06:00:48.700Z [INFO]: MongoDB Connected: obaol-cluster-shard-00-01.oq0ij.mongodb.net 
2026-03-14T09:17:08.557Z [INFO]: MongoDB Connected: obaol-cluster-shard-00-00.oq0ij.mongodb.net 
2026-03-14T09:17:49.498Z [INFO]: MongoDB Connected: obaol-cluster-shard-00-01.oq0ij.mongodb.net 
2026-03-14T09:18:39.736Z [INFO]: MongoDB Connected: obaol-cluster-shard-00-01.oq0ij.mongodb.net 
2026-03-14T09:19:25.865Z [INFO]: MongoDB Connected: obaol-cluster-shard-00-00.oq0ij.mongodb.net 
2026-03-14T09:20:12.212Z [INFO]: MongoDB Connected: obaol-cluster-shard-00-01.oq0ij.mongodb.net 
2026-03-14T18:56:34.431Z [INFO]: MongoDB Connected: obaol-cluster-shard-00-01.oq0ij.mongodb.net 
2026-03-14T18:57:18.950Z [INFO]: MongoDB Connected: obaol-cluster-shard-00-01.oq0ij.mongodb.net 
2026-03-14T19:01:02.004Z [INFO]: MongoDB Connected: obaol-cluster-shard-00-01.oq0ij.mongodb.net 
2026-03-14T19:01:44.863Z [INFO]: MongoDB Connected: obaol-cluster-shard-00-00.oq0ij.mongodb.net 
2026-03-14T19:02:29.395Z [INFO]: MongoDB Connected: obaol-cluster-shard-00-01.oq0ij.mongodb.net 
2026-03-14T19:03:05.563Z [INFO]: MongoDB Connected: obaol-cluster-shard-00-00.oq0ij.mongodb.net 
2026-03-14T19:04:10.981Z [INFO]: MongoDB Connected: obaol-cluster-shard-00-00.oq0ij.mongodb.net 
2026-03-14T19:04:34.383Z [INFO]: MongoDB Connected: obaol-cluster-shard-00-00.oq0ij.mongodb.net 
2026-03-14T19:05:18.190Z [INFO]: MongoDB Connected: obaol-cluster-shard-00-00.oq0ij.mongodb.net 
2026-03-14T19:06:00.877Z [INFO]: MongoDB Connected: obaol-cluster-shard-00-01.oq0ij.mongodb.net 
2026-03-14T19:07:40.461Z [INFO]: MongoDB Connected: obaol-cluster-shard-00-02.oq0ij.mongodb.net 
2026-03-14T19:08:26.146Z [INFO]: MongoDB Connected: obaol-cluster-shard-00-00.oq0ij.mongodb.net 
2026-03-14T19:39:28.745Z [INFO]: MongoDB Connected: obaol-cluster-shard-00-01.oq0ij.mongodb.net 
2026-03-15T11:24:30.433Z [INFO]: MongoDB Connected: obaol-cluster-shard-00-02.oq0ij.mongodb.net 
2026-03-15T11:25:46.681Z [INFO]: MongoDB Connected: obaol-cluster-shard-00-02.oq0ij.mongodb.net 
2026-03-15T11:26:31.970Z [INFO]: MongoDB Connected: obaol-cluster-shard-00-01.oq0ij.mongodb.net 
2026-03-15T11:27:11.082Z [INFO]: MongoDB Connected: obaol-cluster-shard-00-02.oq0ij.mongodb.net 
2026-03-15T11:28:09.431Z [INFO]: MongoDB Connected: obaol-cluster-shard-00-00.oq0ij.mongodb.net 
2026-03-15T11:28:58.955Z [INFO]: MongoDB Connected: obaol-cluster-shard-00-02.oq0ij.mongodb.net 
2026-03-15T11:38:04.582Z [INFO]: MongoDB Connected: obaol-cluster-shard-00-02.oq0ij.mongodb.net 
2026-03-15T11:38:39.380Z [INFO]: MongoDB Connected: obaol-cluster-shard-00-01.oq0ij.mongodb.net 
2026-03-15T12:11:23.197Z [INFO]: MongoDB Connected: obaol-cluster-shard-00-02.oq0ij.mongodb.net 
2026-03-15T12:12:09.757Z [INFO]: MongoDB Connected: obaol-cluster-shard-00-02.oq0ij.mongodb.net 
2026-03-15T12:14:11.728Z [INFO]: MongoDB Connected: obaol-cluster-shard-00-00.oq0ij.mongodb.net 
2026-03-15T12:14:57.594Z [INFO]: MongoDB Connected: obaol-cluster-shard-00-00.oq0ij.mongodb.net 
2026-03-15T12:16:14.761Z [INFO]: MongoDB Connected: obaol-cluster-shard-00-00.oq0ij.mongodb.net 
2026-03-15T12:17:46.901Z [INFO]: MongoDB Connected: obaol-cluster-shard-00-01.oq0ij.mongodb.net 
2026-03-15T12:19:00.630Z [INFO]: MongoDB Connected: obaol-cluster-shard-00-00.oq0ij.mongodb.net 
2026-03-15T12:19:39.846Z [INFO]: MongoDB Connected: obaol-cluster-shard-00-00.oq0ij.mongodb.net 
2026-03-15T12:21:04.048Z [INFO]: MongoDB Connected: obaol-cluster-shard-00-01.oq0ij.mongodb.net 
2026-03-15T12:21:41.961Z [INFO]: MongoDB Connected: obaol-cluster-shard-00-00.oq0ij.mongodb.net 
2026-03-15T12:22:26.900Z [INFO]: MongoDB Connected: obaol-cluster-shard-00-01.oq0ij.mongodb.net 
2026-03-15T12:23:44.180Z [INFO]: MongoDB Connected: obaol-cluster-shard-00-00.oq0ij.mongodb.net 
2026-03-15T12:25:05.480Z [INFO]: MongoDB Connected: obaol-cluster-shard-00-02.oq0ij.mongodb.net 
2026-03-15T12:26:25.484Z [INFO]: MongoDB Connected: obaol-cluster-shard-00-02.oq0ij.mongodb.net 
2026-03-15T12:27:38.623Z [INFO]: MongoDB Connected: obaol-cluster-shard-00-00.oq0ij.mongodb.net 
2026-03-15T12:28:14.648Z [INFO]: MongoDB Connected: obaol-cluster-shard-00-02.oq0ij.mongodb.net 
2026-03-15T12:28:57.624Z [INFO]: MongoDB Connected: obaol-cluster-shard-00-01.oq0ij.mongodb.net 
2026-03-15T12:30:56.295Z [INFO]: MongoDB Connected: obaol-cluster-shard-00-01.oq0ij.mongodb.net 
2026-03-15T12:33:09.277Z [INFO]: MongoDB Connected: obaol-cluster-shard-00-02.oq0ij.mongodb.net 
2026-03-15T12:33:51.198Z [INFO]: MongoDB Connected: obaol-cluster-shard-00-02.oq0ij.mongodb.net 
2026-03-15T12:34:35.290Z [INFO]: MongoDB Connected: obaol-cluster-shard-00-00.oq0ij.mongodb.net 
2026-03-15T12:35:18.217Z [INFO]: MongoDB Connected: obaol-cluster-shard-00-01.oq0ij.mongodb.net 
2026-03-15T12:35:59.381Z [INFO]: MongoDB Connected: obaol-cluster-shard-00-01.oq0ij.mongodb.net 
2026-03-15T12:36:40.845Z [INFO]: MongoDB Connected: obaol-cluster-shard-00-00.oq0ij.mongodb.net 
2026-03-15T12:37:18.472Z [INFO]: MongoDB Connected: obaol-cluster-shard-00-01.oq0ij.mongodb.net 
2026-03-15T12:39:20.958Z [INFO]: MongoDB Connected: obaol-cluster-shard-00-00.oq0ij.mongodb.net 
2026-03-15T12:41:27.372Z [INFO]: MongoDB Connected: obaol-cluster-shard-00-02.oq0ij.mongodb.net 
2026-03-15T12:42:10.822Z [INFO]: MongoDB Connected: obaol-cluster-shard-00-00.oq0ij.mongodb.net 
2026-03-15T12:42:51.192Z [INFO]: MongoDB Connected: obaol-cluster-shard-00-00.oq0ij.mongodb.net 
2026-03-15T12:44:16.575Z [INFO]: MongoDB Connected: obaol-cluster-shard-00-02.oq0ij.mongodb.net 
2026-03-15T12:45:43.972Z [INFO]: MongoDB Connected: obaol-cluster-shard-00-02.oq0ij.mongodb.net 
2026-03-15T12:47:16.075Z [INFO]: MongoDB Connected: obaol-cluster-shard-00-00.oq0ij.mongodb.net 
2026-03-15T13:04:40.207Z [INFO]: MongoDB Connected: obaol-cluster-shard-00-01.oq0ij.mongodb.net 
2026-03-15T13:06:16.932Z [INFO]: MongoDB Connected: obaol-cluster-shard-00-01.oq0ij.mongodb.net 
2026-03-15T13:21:35.215Z [INFO]: MongoDB Connected: obaol-cluster-shard-00-01.oq0ij.mongodb.net 
2026-03-15T13:23:54.292Z [INFO]: MongoDB Connected: obaol-cluster-shard-00-01.oq0ij.mongodb.net 
2026-03-15T13:59:05.969Z [INFO]: MongoDB Connected: obaol-cluster-shard-00-01.oq0ij.mongodb.net 
2026-03-15T14:03:10.343Z [INFO]: MongoDB Connected: obaol-cluster-shard-00-01.oq0ij.mongodb.net 
2026-03-15T14:08:41.009Z [INFO]: MongoDB Connected: obaol-cluster-shard-00-01.oq0ij.mongodb.net 
2026-03-15T14:09:19.373Z [INFO]: MongoDB Connected: obaol-cluster-shard-00-00.oq0ij.mongodb.net 
2026-03-15T14:11:41.640Z [INFO]: MongoDB Connected: obaol-cluster-shard-00-01.oq0ij.mongodb.net 
2026-03-15T14:12:23.054Z [INFO]: MongoDB Connected: obaol-cluster-shard-00-01.oq0ij.mongodb.net 
2026-03-15T14:14:00.496Z [INFO]: MongoDB Connected: obaol-cluster-shard-00-02.oq0ij.mongodb.net 
2026-03-15T14:14:51.209Z [INFO]: MongoDB Connected: obaol-cluster-shard-00-00.oq0ij.mongodb.net 
2026-03-15T14:17:12.472Z [INFO]: MongoDB Connected: obaol-cluster-shard-00-02.oq0ij.mongodb.net 
2026-03-15T14:32:46.364Z [INFO]: MongoDB Connected: obaol-cluster-shard-00-01.oq0ij.mongodb.net 
2026-03-15T14:46:12.536Z [INFO]: MongoDB Connected: obaol-cluster-shard-00-01.oq0ij.mongodb.net 
2026-03-15T16:14:02.733Z [INFO]: MongoDB Connected: obaol-cluster-shard-00-01.oq0ij.mongodb.net 
2026-03-15T18:30:00.995Z [INFO]: Running daily variant rate reset cron job... 
2026-03-15T18:30:01.077Z [INFO]: Successfully offlined 0 variant rates. 
2026-03-15T19:08:35.383Z [INFO]: MongoDB Connected: obaol-cluster-shard-00-02.oq0ij.mongodb.net 
2026-03-15T19:09:15.847Z [INFO]: MongoDB Connected: obaol-cluster-shard-00-01.oq0ij.mongodb.net 
2026-03-15T19:10:39.478Z [INFO]: MongoDB Connected: obaol-cluster-shard-00-01.oq0ij.mongodb.net 
2026-03-15T19:12:00.375Z [INFO]: MongoDB Connected: obaol-cluster-shard-00-01.oq0ij.mongodb.net 
2026-03-15T19:13:24.609Z [INFO]: MongoDB Connected: obaol-cluster-shard-00-01.oq0ij.mongodb.net 
2026-03-15T19:14:41.836Z [INFO]: MongoDB Connected: obaol-cluster-shard-00-02.oq0ij.mongodb.net 
2026-03-15T19:16:04.859Z [INFO]: MongoDB Connected: obaol-cluster-shard-00-00.oq0ij.mongodb.net 
2026-03-15T22:01:24.220Z [INFO]: MongoDB Connected: obaol-cluster-shard-00-01.oq0ij.mongodb.net 
2026-03-15T22:02:05.958Z [INFO]: MongoDB Connected: obaol-cluster-shard-00-01.oq0ij.mongodb.net 
2026-03-15T22:04:16.721Z [INFO]: MongoDB Connected: obaol-cluster-shard-00-01.oq0ij.mongodb.net 
2026-03-15T22:07:26.409Z [INFO]: MongoDB Connected: obaol-cluster-shard-00-01.oq0ij.mongodb.net 
2026-03-15T22:08:47.205Z [INFO]: MongoDB Connected: obaol-cluster-shard-00-01.oq0ij.mongodb.net 
2026-03-15T22:09:35.459Z [INFO]: MongoDB Connected: obaol-cluster-shard-00-01.oq0ij.mongodb.net 
2026-03-16T07:30:21.295Z [INFO]: MongoDB Connected: obaol-cluster-shard-00-00.oq0ij.mongodb.net 
2026-03-16T09:35:25.744Z [INFO]: MongoDB Connected: obaol-cluster-shard-00-02.oq0ij.mongodb.net 
2026-03-16T09:59:09.309Z [INFO]: MongoDB Connected: obaol-cluster-shard-00-02.oq0ij.mongodb.net 
2026-03-16T09:59:51.621Z [INFO]: MongoDB Connected: obaol-cluster-shard-00-02.oq0ij.mongodb.net 
2026-03-16T10:00:32.938Z [INFO]: MongoDB Connected: obaol-cluster-shard-00-01.oq0ij.mongodb.net 
2026-03-16T10:01:36.623Z [INFO]: MongoDB Connected: obaol-cluster-shard-00-01.oq0ij.mongodb.net 
2026-03-16T10:02:43.042Z [INFO]: MongoDB Connected: obaol-cluster-shard-00-01.oq0ij.mongodb.net 
2026-03-16T10:03:38.791Z [INFO]: MongoDB Connected: obaol-cluster-shard-00-01.oq0ij.mongodb.net 
2026-03-16T10:04:33.947Z [INFO]: MongoDB Connected: obaol-cluster-shard-00-00.oq0ij.mongodb.net 
2026-03-16T10:05:17.836Z [INFO]: MongoDB Connected: obaol-cluster-shard-00-00.oq0ij.mongodb.net 
2026-03-16T10:07:55.077Z [INFO]: MongoDB Connected: obaol-cluster-shard-00-02.oq0ij.mongodb.net 
2026-03-16T10:40:41.265Z [INFO]: MongoDB Connected: obaol-cluster-shard-00-00.oq0ij.mongodb.net 
2026-03-16T15:11:31.953Z [INFO]: MongoDB Connected: obaol-cluster-shard-00-01.oq0ij.mongodb.net 
2026-03-16T16:06:33.761Z [INFO]: MongoDB Connected: obaol-cluster-shard-00-01.oq0ij.mongodb.net 
2026-03-16T17:30:11.213Z [INFO]: MongoDB Connected: obaol-cluster-shard-00-01.oq0ij.mongodb.net 
2026-03-16T17:30:50.749Z [INFO]: MongoDB Connected: obaol-cluster-shard-00-02.oq0ij.mongodb.net 
2026-03-16T17:32:15.165Z [INFO]: MongoDB Connected: obaol-cluster-shard-00-02.oq0ij.mongodb.net 
2026-03-16T17:32:57.349Z [INFO]: MongoDB Connected: obaol-cluster-shard-00-01.oq0ij.mongodb.net 
2026-03-16T17:36:47.896Z [INFO]: MongoDB Connected: obaol-cluster-shard-00-00.oq0ij.mongodb.net 
2026-03-16T17:54:27.692Z [ERROR]: unhandledRejection: Socket 'secureConnect' timed out after 29999ms (connectTimeoutMS: 30000)
MongoServerSelectionError: Socket 'secureConnect' timed out after 29999ms (connectTimeoutMS: 30000)
    at Topology.selectServer (/Users/jacoob/Documents/Dev/OBAOL CORE/Obaol-Web-App/obaol-automate-backend/node_modules/mongodb/src/sdam/topology.ts:635:30)
    at async tryOperation (/Users/jacoob/Documents/Dev/OBAOL CORE/Obaol-Web-App/obaol-automate-backend/node_modules/mongodb/src/operations/execute_operation.ts:202:16)
    at async executeOperation (/Users/jacoob/Documents/Dev/OBAOL CORE/Obaol-Web-App/obaol-automate-backend/node_modules/mongodb/src/operations/execute_operation.ts:119:12)
    at async FindCursor._initialize (/Users/jacoob/Documents/Dev/OBAOL CORE/Obaol-Web-App/obaol-automate-backend/node_modules/mongodb/src/cursor/find_cursor.ts:92:22)
    at async FindCursor.cursorInit (/Users/jacoob/Documents/Dev/OBAOL CORE/Obaol-Web-App/obaol-automate-backend/node_modules/mongodb/src/cursor/abstract_cursor.ts:949:21)
    at async FindCursor.fetchBatch (/Users/jacoob/Documents/Dev/OBAOL CORE/Obaol-Web-App/obaol-automate-backend/node_modules/mongodb/src/cursor/abstract_cursor.ts:987:7)
    at async FindCursor.next (/Users/jacoob/Documents/Dev/OBAOL CORE/Obaol-Web-App/obaol-automate-backend/node_modules/mongodb/src/cursor/abstract_cursor.ts:608:9)
    at async Collection.findOne (/Users/jacoob/Documents/Dev/OBAOL CORE/Obaol-Web-App/obaol-automate-backend/node_modules/mongodb/src/collection.ts:552:20)
    at async model.Query._findOne (/Users/jacoob/Documents/Dev/OBAOL CORE/Obaol-Web-App/obaol-automate-backend/node_modules/mongoose/lib/query.js:2710:15)
    at async model.Query.exec (/Users/jacoob/Documents/Dev/OBAOL CORE/Obaol-Web-App/obaol-automate-backend/node_modules/mongoose/lib/query.js:4627:63) {"error":{"errorLabelSet":{},"reason":{"type":"ReplicaSetNoPrimary","servers":{"obaol-cluster-shard-00-00.oq0ij.mongodb.net:27017":{"address":"obaol-cluster-shard-00-00.oq0ij.mongodb.net:27017","type":"Unknown","hosts":[],"passives":[],"arbiters":[],"tags":{},"minWireVersion":0,"maxWireVersion":0,"roundTripTime":-1,"minRoundTripTime":0,"lastUpdateTime":244466716,"lastWriteDate":0,"error":{"errorLabelSet":{},"beforeHandshake":false},"topologyVersion":null,"setName":null,"setVersion":null,"electionId":null,"logicalSessionTimeoutMinutes":null,"maxMessageSizeBytes":null,"maxWriteBatchSize":null,"maxBsonObjectSize":null,"primary":null,"me":null,"$clusterTime":null,"iscryptd":false},"obaol-cluster-shard-00-01.oq0ij.mongodb.net:27017":{"address":"obaol-cluster-shard-00-01.oq0ij.mongodb.net:27017","type":"Unknown","hosts":[],"passives":[],"arbiters":[],"tags":{},"minWireVersion":0,"maxWireVersion":0,"roundTripTime":-1,"minRoundTripTime":0,"lastUpdateTime":244466708,"lastWriteDate":0,"error":{"errorLabelSet":{},"beforeHandshake":false},"topologyVersion":null,"setName":null,"setVersion":null,"electionId":null,"logicalSessionTimeoutMinutes":null,"maxMessageSizeBytes":null,"maxWriteBatchSize":null,"maxBsonObjectSize":null,"primary":null,"me":null,"$clusterTime":null,"iscryptd":false},"obaol-cluster-shard-00-02.oq0ij.mongodb.net:27017":{"address":"obaol-cluster-shard-00-02.oq0ij.mongodb.net:27017","type":"Unknown","hosts":[],"passives":[],"arbiters":[],"tags":{},"minWireVersion":0,"maxWireVersion":0,"roundTripTime":-1,"minRoundTripTime":0,"lastUpdateTime":244466715,"lastWriteDate":0,"error":{"errorLabelSet":{},"beforeHandshake":false},"topologyVersion":null,"setName":null,"setVersion":null,"electionId":null,"logicalSessionTimeoutMinutes":null,"maxMessageSizeBytes":null,"maxWriteBatchSize":null,"maxBsonObjectSize":null,"primary":null,"me":null,"$clusterTime":null,"iscryptd":false}},"stale":false,"compatible":true,"heartbeatFrequencyMS":10000,"localThresholdMS":15,"setName":"atlas-q2r2uk-shard-0","maxElectionId":{"$oid":"7fffffff0000000000000305"},"maxSetVersion":368,"commonWireVersion":0,"logicalSessionTimeoutMinutes":null}},"stack":"MongoServerSelectionError: Socket 'secureConnect' timed out after 29999ms (connectTimeoutMS: 30000)\n    at Topology.selectServer (/Users/jacoob/Documents/Dev/OBAOL CORE/Obaol-Web-App/obaol-automate-backend/node_modules/mongodb/src/sdam/topology.ts:635:30)\n    at async tryOperation (/Users/jacoob/Documents/Dev/OBAOL CORE/Obaol-Web-App/obaol-automate-backend/node_modules/mongodb/src/operations/execute_operation.ts:202:16)\n    at async executeOperation (/Users/jacoob/Documents/Dev/OBAOL CORE/Obaol-Web-App/obaol-automate-backend/node_modules/mongodb/src/operations/execute_operation.ts:119:12)\n    at async FindCursor._initialize (/Users/jacoob/Documents/Dev/OBAOL CORE/Obaol-Web-App/obaol-automate-backend/node_modules/mongodb/src/cursor/find_cursor.ts:92:22)\n    at async FindCursor.cursorInit (/Users/jacoob/Documents/Dev/OBAOL CORE/Obaol-Web-App/obaol-automate-backend/node_modules/mongodb/src/cursor/abstract_cursor.ts:949:21)\n    at async FindCursor.fetchBatch (/Users/jacoob/Documents/Dev/OBAOL CORE/Obaol-Web-App/obaol-automate-backend/node_modules/mongodb/src/cursor/abstract_cursor.ts:987:7)\n    at async FindCursor.next (/Users/jacoob/Documents/Dev/OBAOL CORE/Obaol-Web-App/obaol-automate-backend/node_modules/mongodb/src/cursor/abstract_cursor.ts:608:9)\n    at async Collection.findOne (/Users/jacoob/Documents/Dev/OBAOL CORE/Obaol-Web-App/obaol-automate-backend/node_modules/mongodb/src/collection.ts:552:20)\n    at async model.Query._findOne (/Users/jacoob/Documents/Dev/OBAOL CORE/Obaol-Web-App/obaol-automate-backend/node_modules/mongoose/lib/query.js:2710:15)\n    at async model.Query.exec (/Users/jacoob/Documents/Dev/OBAOL CORE/Obaol-Web-App/obaol-automate-backend/node_modules/mongoose/lib/query.js:4627:63)","rejection":true,"date":"Mon Mar 16 2026 23:24:27 GMT+0530 (India Standard Time)","process":{"pid":59836,"uid":501,"gid":20,"cwd":"/Users/jacoob/Documents/Dev/OBAOL CORE/Obaol-Web-App/obaol-automate-backend","execPath":"/usr/local/bin/node","version":"v24.12.0","argv":["/Users/jacoob/Documents/Dev/OBAOL CORE/Obaol-Web-App/obaol-automate-backend/node_modules/.bin/ts-node","/Users/jacoob/Documents/Dev/OBAOL CORE/Obaol-Web-App/obaol-automate-backend/src/index.ts"],"memoryUsage":{"rss":80756736,"heapTotal":580141056,"heapUsed":576105600,"external":28210562,"arrayBuffers":23955743}},"os":{"loadavg":[5.6435546875,4.7158203125,4.701171875],"uptime":244468},"trace":[{"column":30,"file":"/Users/jacoob/Documents/Dev/OBAOL CORE/Obaol-Web-App/obaol-automate-backend/node_modules/mongodb/src/sdam/topology.ts","function":"Topology.selectServer","line":635,"method":"selectServer","native":false},{"column":16,"file":"/Users/jacoob/Documents/Dev/OBAOL CORE/Obaol-Web-App/obaol-automate-backend/node_modules/mongodb/src/operations/execute_operation.ts","function":"async tryOperation","line":202,"method":null,"native":false},{"column":12,"file":"/Users/jacoob/Documents/Dev/OBAOL CORE/Obaol-Web-App/obaol-automate-backend/node_modules/mongodb/src/operations/execute_operation.ts","function":"async executeOperation","line":119,"method":null,"native":false},{"column":22,"file":"/Users/jacoob/Documents/Dev/OBAOL CORE/Obaol-Web-App/obaol-automate-backend/node_modules/mongodb/src/cursor/find_cursor.ts","function":"async FindCursor._initialize","line":92,"method":"_initialize","native":false},{"column":21,"file":"/Users/jacoob/Documents/Dev/OBAOL CORE/Obaol-Web-App/obaol-automate-backend/node_modules/mongodb/src/cursor/abstract_cursor.ts","function":"async FindCursor.cursorInit","line":949,"method":"cursorInit","native":false},{"column":7,"file":"/Users/jacoob/Documents/Dev/OBAOL CORE/Obaol-Web-App/obaol-automate-backend/node_modules/mongodb/src/cursor/abstract_cursor.ts","function":"async FindCursor.fetchBatch","line":987,"method":"fetchBatch","native":false},{"column":9,"file":"/Users/jacoob/Documents/Dev/OBAOL CORE/Obaol-Web-App/obaol-automate-backend/node_modules/mongodb/src/cursor/abstract_cursor.ts","function":"async FindCursor.next","line":608,"method":"next","native":false},{"column":20,"file":"/Users/jacoob/Documents/Dev/OBAOL CORE/Obaol-Web-App/obaol-automate-backend/node_modules/mongodb/src/collection.ts","function":"async Collection.findOne","line":552,"method":"findOne","native":false},{"column":15,"file":"/Users/jacoob/Documents/Dev/OBAOL CORE/Obaol-Web-App/obaol-automate-backend/node_modules/mongoose/lib/query.js","function":"async model.Query._findOne","line":2710,"method":"_findOne","native":false},{"column":63,"file":"/Users/jacoob/Documents/Dev/OBAOL CORE/Obaol-Web-App/obaol-automate-backend/node_modules/mongoose/lib/query.js","function":"async model.Query.exec","line":4627,"method":"exec","native":false}]}
2026-03-16T18:02:20.264Z [ERROR]: MongoDB Connection Error: {"error":"Could not connect to any servers in your MongoDB Atlas cluster. One common reason is that you're trying to access the database from an IP that isn't whitelisted. Make sure your current IP address is on your Atlas cluster's IP whitelist: https://www.mongodb.com/docs/atlas/security-whitelist/"}
2026-03-16T18:04:37.694Z [INFO]: MongoDB Connected: obaol-cluster-shard-00-00.oq0ij.mongodb.net 
2026-03-16T18:30:00.730Z [INFO]: Running daily variant rate reset cron job... 
2026-03-16T18:30:00.819Z [INFO]: Successfully offlined 2 variant rates. 
2026-03-16T18:57:49.809Z [INFO]: MongoDB Connected: obaol-cluster-shard-00-01.oq0ij.mongodb.net 
2026-03-16T19:54:21.052Z [INFO]: MongoDB Connected: obaol-cluster-shard-00-00.oq0ij.mongodb.net 
2026-03-16T19:54:44.655Z [INFO]: MongoDB Connected: obaol-cluster-shard-00-00.oq0ij.mongodb.net 
2026-03-16T20:07:49.028Z [INFO]: MongoDB Connected: obaol-cluster-shard-00-02.oq0ij.mongodb.net 
2026-03-16T20:11:21.434Z [INFO]: MongoDB Connected: obaol-cluster-shard-00-02.oq0ij.mongodb.net 
2026-03-16T20:20:50.136Z [INFO]: MongoDB Connected: obaol-cluster-shard-00-00.oq0ij.mongodb.net 
2026-03-16T20:54:49.927Z [INFO]: MongoDB Connected: obaol-cluster-shard-00-02.oq0ij.mongodb.net 
2026-03-16T21:03:23.730Z [INFO]: MongoDB Connected: obaol-cluster-shard-00-00.oq0ij.mongodb.net 
2026-03-16T21:22:18.092Z [INFO]: MongoDB Connected: obaol-cluster-shard-00-02.oq0ij.mongodb.net 
2026-03-16T21:29:29.386Z [INFO]: MongoDB Connected: obaol-cluster-shard-00-01.oq0ij.mongodb.net 
2026-03-16T21:30:19.362Z [INFO]: MongoDB Connected: obaol-cluster-shard-00-01.oq0ij.mongodb.net 
2026-03-16T21:31:24.404Z [INFO]: MongoDB Connected: obaol-cluster-shard-00-00.oq0ij.mongodb.net 
2026-03-16T21:32:10.999Z [INFO]: MongoDB Connected: obaol-cluster-shard-00-00.oq0ij.mongodb.net 
2026-03-17T05:27:22.176Z [INFO]: MongoDB Connected: obaol-cluster-shard-00-01.oq0ij.mongodb.net 
2026-03-17T05:40:45.850Z [INFO]: MongoDB Connected: obaol-cluster-shard-00-00.oq0ij.mongodb.net 
2026-03-17T05:55:22.965Z [INFO]: MongoDB Connected: obaol-cluster-shard-00-01.oq0ij.mongodb.net 
2026-03-17T07:29:44.205Z [INFO]: MongoDB Connected: obaol-cluster-shard-00-00.oq0ij.mongodb.net 
2026-03-17T07:31:53.399Z [INFO]: MongoDB Connected: obaol-cluster-shard-00-02.oq0ij.mongodb.net 
2026-03-17T07:58:09.743Z [INFO]: MongoDB Connected: obaol-cluster-shard-00-01.oq0ij.mongodb.net 
2026-03-17T08:58:22.852Z [ERROR]: unhandledRejection: getaddrinfo ENOTFOUND obaol-cluster-shard-00-01.oq0ij.mongodb.net
MongoServerSelectionError: getaddrinfo ENOTFOUND obaol-cluster-shard-00-01.oq0ij.mongodb.net
    at Topology.selectServer (/Users/jacoob/Documents/Dev/OBAOL CORE/Obaol-Web-App/obaol-automate-backend/node_modules/mongodb/src/sdam/topology.ts:635:30)
    at async tryOperation (/Users/jacoob/Documents/Dev/OBAOL CORE/Obaol-Web-App/obaol-automate-backend/node_modules/mongodb/src/operations/execute_operation.ts:202:16)
    at async executeOperation (/Users/jacoob/Documents/Dev/OBAOL CORE/Obaol-Web-App/obaol-automate-backend/node_modules/mongodb/src/operations/execute_operation.ts:119:12)
    at async FindCursor._initialize (/Users/jacoob/Documents/Dev/OBAOL CORE/Obaol-Web-App/obaol-automate-backend/node_modules/mongodb/src/cursor/find_cursor.ts:92:22)
    at async FindCursor.cursorInit (/Users/jacoob/Documents/Dev/OBAOL CORE/Obaol-Web-App/obaol-automate-backend/node_modules/mongodb/src/cursor/abstract_cursor.ts:949:21)
    at async FindCursor.fetchBatch (/Users/jacoob/Documents/Dev/OBAOL CORE/Obaol-Web-App/obaol-automate-backend/node_modules/mongodb/src/cursor/abstract_cursor.ts:987:7)
    at async FindCursor.next (/Users/jacoob/Documents/Dev/OBAOL CORE/Obaol-Web-App/obaol-automate-backend/node_modules/mongodb/src/cursor/abstract_cursor.ts:608:9)
    at async Collection.findOne (/Users/jacoob/Documents/Dev/OBAOL CORE/Obaol-Web-App/obaol-automate-backend/node_modules/mongodb/src/collection.ts:552:20)
    at async model.Query._findOne (/Users/jacoob/Documents/Dev/OBAOL CORE/Obaol-Web-App/obaol-automate-backend/node_modules/mongoose/lib/query.js:2710:15)
    at async model.Query.exec (/Users/jacoob/Documents/Dev/OBAOL CORE/Obaol-Web-App/obaol-automate-backend/node_modules/mongoose/lib/query.js:4627:63) {"error":{"errorLabelSet":{},"reason":{"type":"ReplicaSetNoPrimary","servers":{"obaol-cluster-shard-00-01.oq0ij.mongodb.net:27017":{"address":"obaol-cluster-shard-00-01.oq0ij.mongodb.net:27017","type":"Unknown","hosts":[],"passives":[],"arbiters":[],"tags":{},"minWireVersion":0,"maxWireVersion":0,"roundTripTime":-1,"minRoundTripTime":0,"lastUpdateTime":298707785,"lastWriteDate":0,"error":{"errorLabelSet":{},"beforeHandshake":false},"topologyVersion":null,"setName":null,"setVersion":null,"electionId":null,"logicalSessionTimeoutMinutes":null,"maxMessageSizeBytes":null,"maxWriteBatchSize":null,"maxBsonObjectSize":null,"primary":null,"me":null,"$clusterTime":null,"iscryptd":false},"obaol-cluster-shard-00-02.oq0ij.mongodb.net:27017":{"address":"obaol-cluster-shard-00-02.oq0ij.mongodb.net:27017","type":"Unknown","hosts":[],"passives":[],"arbiters":[],"tags":{},"minWireVersion":0,"maxWireVersion":0,"roundTripTime":-1,"minRoundTripTime":0,"lastUpdateTime":298707715,"lastWriteDate":0,"error":{"errorLabelSet":{},"beforeHandshake":false},"topologyVersion":null,"setName":null,"setVersion":null,"electionId":null,"logicalSessionTimeoutMinutes":null,"maxMessageSizeBytes":null,"maxWriteBatchSize":null,"maxBsonObjectSize":null,"primary":null,"me":null,"$clusterTime":null,"iscryptd":false},"obaol-cluster-shard-00-00.oq0ij.mongodb.net:27017":{"address":"obaol-cluster-shard-00-00.oq0ij.mongodb.net:27017","type":"Unknown","hosts":[],"passives":[],"arbiters":[],"tags":{},"minWireVersion":0,"maxWireVersion":0,"roundTripTime":-1,"minRoundTripTime":0,"lastUpdateTime":298707840,"lastWriteDate":0,"error":{"errorLabelSet":{},"beforeHandshake":false},"topologyVersion":null,"setName":null,"setVersion":null,"electionId":null,"logicalSessionTimeoutMinutes":null,"maxMessageSizeBytes":null,"maxWriteBatchSize":null,"maxBsonObjectSize":null,"primary":null,"me":null,"$clusterTime":null,"iscryptd":false}},"stale":false,"compatible":true,"heartbeatFrequencyMS":10000,"localThresholdMS":15,"setName":"atlas-q2r2uk-shard-0","maxElectionId":{"$oid":"7fffffff0000000000000305"},"maxSetVersion":368,"commonWireVersion":0,"logicalSessionTimeoutMinutes":null}},"stack":"MongoServerSelectionError: getaddrinfo ENOTFOUND obaol-cluster-shard-00-01.oq0ij.mongodb.net\n    at Topology.selectServer (/Users/jacoob/Documents/Dev/OBAOL CORE/Obaol-Web-App/obaol-automate-backend/node_modules/mongodb/src/sdam/topology.ts:635:30)\n    at async tryOperation (/Users/jacoob/Documents/Dev/OBAOL CORE/Obaol-Web-App/obaol-automate-backend/node_modules/mongodb/src/operations/execute_operation.ts:202:16)\n    at async executeOperation (/Users/jacoob/Documents/Dev/OBAOL CORE/Obaol-Web-App/obaol-automate-backend/node_modules/mongodb/src/operations/execute_operation.ts:119:12)\n    at async FindCursor._initialize (/Users/jacoob/Documents/Dev/OBAOL CORE/Obaol-Web-App/obaol-automate-backend/node_modules/mongodb/src/cursor/find_cursor.ts:92:22)\n    at async FindCursor.cursorInit (/Users/jacoob/Documents/Dev/OBAOL CORE/Obaol-Web-App/obaol-automate-backend/node_modules/mongodb/src/cursor/abstract_cursor.ts:949:21)\n    at async FindCursor.fetchBatch (/Users/jacoob/Documents/Dev/OBAOL CORE/Obaol-Web-App/obaol-automate-backend/node_modules/mongodb/src/cursor/abstract_cursor.ts:987:7)\n    at async FindCursor.next (/Users/jacoob/Documents/Dev/OBAOL CORE/Obaol-Web-App/obaol-automate-backend/node_modules/mongodb/src/cursor/abstract_cursor.ts:608:9)\n    at async Collection.findOne (/Users/jacoob/Documents/Dev/OBAOL CORE/Obaol-Web-App/obaol-automate-backend/node_modules/mongodb/src/collection.ts:552:20)\n    at async model.Query._findOne (/Users/jacoob/Documents/Dev/OBAOL CORE/Obaol-Web-App/obaol-automate-backend/node_modules/mongoose/lib/query.js:2710:15)\n    at async model.Query.exec (/Users/jacoob/Documents/Dev/OBAOL CORE/Obaol-Web-App/obaol-automate-backend/node_modules/mongoose/lib/query.js:4627:63)","rejection":true,"date":"Tue Mar 17 2026 14:28:22 GMT+0530 (India Standard Time)","process":{"pid":16190,"uid":501,"gid":20,"cwd":"/Users/jacoob/Documents/Dev/OBAOL CORE/Obaol-Web-App/obaol-automate-backend","execPath":"/usr/local/bin/node","version":"v24.12.0","argv":["/Users/jacoob/Documents/Dev/OBAOL CORE/Obaol-Web-App/obaol-automate-backend/node_modules/.bin/ts-node","/Users/jacoob/Documents/Dev/OBAOL CORE/Obaol-Web-App/obaol-automate-backend/src/index.ts"],"memoryUsage":{"rss":90931200,"heapTotal":622395392,"heapUsed":617737456,"external":27792901,"arrayBuffers":23538082}},"os":{"loadavg":[2.75732421875,2.94970703125,3.38330078125],"uptime":298703},"trace":[{"column":30,"file":"/Users/jacoob/Documents/Dev/OBAOL CORE/Obaol-Web-App/obaol-automate-backend/node_modules/mongodb/src/sdam/topology.ts","function":"Topology.selectServer","line":635,"method":"selectServer","native":false},{"column":16,"file":"/Users/jacoob/Documents/Dev/OBAOL CORE/Obaol-Web-App/obaol-automate-backend/node_modules/mongodb/src/operations/execute_operation.ts","function":"async tryOperation","line":202,"method":null,"native":false},{"column":12,"file":"/Users/jacoob/Documents/Dev/OBAOL CORE/Obaol-Web-App/obaol-automate-backend/node_modules/mongodb/src/operations/execute_operation.ts","function":"async executeOperation","line":119,"method":null,"native":false},{"column":22,"file":"/Users/jacoob/Documents/Dev/OBAOL CORE/Obaol-Web-App/obaol-automate-backend/node_modules/mongodb/src/cursor/find_cursor.ts","function":"async FindCursor._initialize","line":92,"method":"_initialize","native":false},{"column":21,"file":"/Users/jacoob/Documents/Dev/OBAOL CORE/Obaol-Web-App/obaol-automate-backend/node_modules/mongodb/src/cursor/abstract_cursor.ts","function":"async FindCursor.cursorInit","line":949,"method":"cursorInit","native":false},{"column":7,"file":"/Users/jacoob/Documents/Dev/OBAOL CORE/Obaol-Web-App/obaol-automate-backend/node_modules/mongodb/src/cursor/abstract_cursor.ts","function":"async FindCursor.fetchBatch","line":987,"method":"fetchBatch","native":false},{"column":9,"file":"/Users/jacoob/Documents/Dev/OBAOL CORE/Obaol-Web-App/obaol-automate-backend/node_modules/mongodb/src/cursor/abstract_cursor.ts","function":"async FindCursor.next","line":608,"method":"next","native":false},{"column":20,"file":"/Users/jacoob/Documents/Dev/OBAOL CORE/Obaol-Web-App/obaol-automate-backend/node_modules/mongodb/src/collection.ts","function":"async Collection.findOne","line":552,"method":"findOne","native":false},{"column":15,"file":"/Users/jacoob/Documents/Dev/OBAOL CORE/Obaol-Web-App/obaol-automate-backend/node_modules/mongoose/lib/query.js","function":"async model.Query._findOne","line":2710,"method":"_findOne","native":false},{"column":63,"file":"/Users/jacoob/Documents/Dev/OBAOL CORE/Obaol-Web-App/obaol-automate-backend/node_modules/mongoose/lib/query.js","function":"async model.Query.exec","line":4627,"method":"exec","native":false}]}
2026-03-17T09:08:15.283Z [INFO]: MongoDB Connected: obaol-cluster-shard-00-01.oq0ij.mongodb.net 
2026-03-17T09:12:19.843Z [INFO]: MongoDB Connected: obaol-cluster-shard-00-00.oq0ij.mongodb.net 
2026-03-17T09:13:15.528Z [INFO]: MongoDB Connected: obaol-cluster-shard-00-00.oq0ij.mongodb.net 
2026-03-17T10:37:08.496Z [INFO]: MongoDB Connected: obaol-cluster-shard-00-02.oq0ij.mongodb.net 
2026-03-17T10:50:17.864Z [INFO]: MongoDB Connected: obaol-cluster-shard-00-02.oq0ij.mongodb.net 
2026-03-17T14:26:40.313Z [INFO]: MongoDB Connected: obaol-cluster-shard-00-01.oq0ij.mongodb.net 
2026-03-17T15:07:35.963Z [INFO]: MongoDB Connected: obaol-cluster-shard-00-00.oq0ij.mongodb.net 
2026-03-17T15:08:29.072Z [INFO]: MongoDB Connected: obaol-cluster-shard-00-00.oq0ij.mongodb.net 
2026-03-17T15:09:32.193Z [INFO]: MongoDB Connected: obaol-cluster-shard-00-00.oq0ij.mongodb.net 
2026-03-17T15:10:37.702Z [INFO]: MongoDB Connected: obaol-cluster-shard-00-02.oq0ij.mongodb.net 
2026-03-17T15:11:53.220Z [INFO]: MongoDB Connected: obaol-cluster-shard-00-01.oq0ij.mongodb.net 
2026-03-17T15:12:53.937Z [INFO]: MongoDB Connected: obaol-cluster-shard-00-00.oq0ij.mongodb.net 
2026-03-17T15:19:17.295Z [INFO]: MongoDB Connected: obaol-cluster-shard-00-02.oq0ij.mongodb.net 
2026-03-17T15:20:23.179Z [INFO]: MongoDB Connected: obaol-cluster-shard-00-02.oq0ij.mongodb.net 
2026-03-17T16:27:08.673Z [INFO]: MongoDB Connected: obaol-cluster-shard-00-00.oq0ij.mongodb.net 
2026-03-17T18:02:37.656Z [INFO]: MongoDB Connected: obaol-cluster-shard-00-02.oq0ij.mongodb.net 
2026-03-17T18:03:31.168Z [INFO]: MongoDB Connected: obaol-cluster-shard-00-01.oq0ij.mongodb.net 
2026-03-17T18:30:00.571Z [INFO]: Running daily variant rate reset cron job... 
2026-03-17T18:30:00.678Z [INFO]: Successfully offlined 0 variant rates. 
2026-03-17T19:00:20.009Z [INFO]: MongoDB Connected: obaol-cluster-shard-00-01.oq0ij.mongodb.net 
2026-03-17T19:01:14.893Z [INFO]: MongoDB Connected: obaol-cluster-shard-00-01.oq0ij.mongodb.net 
2026-03-17T19:02:19.080Z [INFO]: MongoDB Connected: obaol-cluster-shard-00-00.oq0ij.mongodb.net 
2026-03-18T08:07:51.871Z [INFO]: MongoDB Connected: obaol-cluster-shard-00-00.oq0ij.mongodb.net 
2026-03-18T08:40:17.222Z [INFO]: MongoDB Connected: obaol-cluster-shard-00-01.oq0ij.mongodb.net 
2026-03-18T08:41:02.360Z [INFO]: MongoDB Connected: obaol-cluster-shard-00-01.oq0ij.mongodb.net 
2026-03-18T10:20:21.247Z [INFO]: MongoDB Connected: obaol-cluster-shard-00-01.oq0ij.mongodb.net 
2026-03-18T10:53:54.598Z [INFO]: MongoDB Connected: obaol-cluster-shard-00-01.oq0ij.mongodb.net 
2026-03-18T11:14:20.946Z [INFO]: MongoDB Connected: obaol-cluster-shard-00-00.oq0ij.mongodb.net 
2026-03-18T11:15:00.143Z [INFO]: MongoDB Connected: obaol-cluster-shard-00-00.oq0ij.mongodb.net 
2026-03-18T11:15:51.590Z [INFO]: MongoDB Connected: obaol-cluster-shard-00-01.oq0ij.mongodb.net 
2026-03-18T13:49:24.085Z [INFO]: MongoDB Connected: obaol-cluster-shard-00-01.oq0ij.mongodb.net 
2026-03-18T14:05:36.400Z [INFO]: MongoDB Connected: obaol-cluster-shard-00-00.oq0ij.mongodb.net 
2026-03-18T14:13:52.484Z [INFO]: MongoDB Connected: obaol-cluster-shard-00-02.oq0ij.mongodb.net 
2026-03-18T14:30:36.565Z [INFO]: MongoDB Connected: obaol-cluster-shard-00-01.oq0ij.mongodb.net 
2026-03-18T15:02:49.505Z [INFO]: MongoDB Connected: obaol-cluster-shard-00-02.oq0ij.mongodb.net 
2026-03-18T15:03:37.422Z [INFO]: MongoDB Connected: obaol-cluster-shard-00-02.oq0ij.mongodb.net 
2026-03-18T15:14:18.957Z [INFO]: MongoDB Connected: obaol-cluster-shard-00-02.oq0ij.mongodb.net 
2026-03-18T15:50:58.146Z [INFO]: MongoDB Connected: obaol-cluster-shard-00-01.oq0ij.mongodb.net 
2026-03-18T15:51:44.129Z [INFO]: MongoDB Connected: obaol-cluster-shard-00-01.oq0ij.mongodb.net 
2026-03-18T15:52:33.717Z [INFO]: MongoDB Connected: obaol-cluster-shard-00-00.oq0ij.mongodb.net 
2026-03-18T15:53:18.072Z [INFO]: MongoDB Connected: obaol-cluster-shard-00-00.oq0ij.mongodb.net 
2026-03-18T15:54:01.471Z [INFO]: MongoDB Connected: obaol-cluster-shard-00-02.oq0ij.mongodb.net 
2026-03-18T15:54:45.788Z [INFO]: MongoDB Connected: obaol-cluster-shard-00-00.oq0ij.mongodb.net 
2026-03-18T15:55:32.153Z [INFO]: MongoDB Connected: obaol-cluster-shard-00-00.oq0ij.mongodb.net 
2026-03-18T15:56:18.294Z [INFO]: MongoDB Connected: obaol-cluster-shard-00-00.oq0ij.mongodb.net 
2026-03-18T15:57:07.460Z [INFO]: MongoDB Connected: obaol-cluster-shard-00-00.oq0ij.mongodb.net 
2026-03-18T15:57:57.260Z [INFO]: MongoDB Connected: obaol-cluster-shard-00-01.oq0ij.mongodb.net 
2026-03-18T16:00:43.990Z [INFO]: MongoDB Connected: obaol-cluster-shard-00-00.oq0ij.mongodb.net 
2026-03-18T16:01:32.301Z [INFO]: MongoDB Connected: obaol-cluster-shard-00-01.oq0ij.mongodb.net 
2026-03-18T20:13:19.883Z [INFO]: MongoDB Connected: obaol-cluster-shard-00-01.oq0ij.mongodb.net 
2026-03-18T21:27:17.696Z [INFO]: MongoDB Connected: obaol-cluster-shard-00-02.oq0ij.mongodb.net 
2026-03-18T21:27:54.459Z [INFO]: MongoDB Connected: obaol-cluster-shard-00-02.oq0ij.mongodb.net 
2026-03-18T21:28:47.492Z [INFO]: MongoDB Connected: obaol-cluster-shard-00-02.oq0ij.mongodb.net 
2026-03-19T05:43:59.316Z [INFO]: MongoDB Connected: obaol-cluster-shard-00-01.oq0ij.mongodb.net 
2026-03-19T05:44:40.237Z [INFO]: MongoDB Connected: obaol-cluster-shard-00-00.oq0ij.mongodb.net 
2026-03-19T05:45:27.258Z [INFO]: MongoDB Connected: obaol-cluster-shard-00-00.oq0ij.mongodb.net 
2026-03-19T05:58:23.683Z [INFO]: MongoDB Connected: obaol-cluster-shard-00-01.oq0ij.mongodb.net 
2026-03-19T05:59:06.283Z [INFO]: MongoDB Connected: obaol-cluster-shard-00-02.oq0ij.mongodb.net 
2026-03-19T08:01:33.052Z [INFO]: MongoDB Connected: obaol-cluster-shard-00-00.oq0ij.mongodb.net 
2026-03-19T08:02:21.577Z [INFO]: MongoDB Connected: obaol-cluster-shard-00-00.oq0ij.mongodb.net 
2026-03-19T08:03:53.443Z [INFO]: MongoDB Connected: obaol-cluster-shard-00-02.oq0ij.mongodb.net 
2026-03-19T08:05:03.026Z [INFO]: MongoDB Connected: obaol-cluster-shard-00-00.oq0ij.mongodb.net 
2026-03-19T08:05:51.060Z [INFO]: MongoDB Connected: obaol-cluster-shard-00-02.oq0ij.mongodb.net 
2026-03-19T09:05:55.530Z [INFO]: MongoDB Connected: obaol-cluster-shard-00-01.oq0ij.mongodb.net 
2026-03-19T10:12:44.327Z [INFO]: MongoDB Connected: obaol-cluster-shard-00-02.oq0ij.mongodb.net 
2026-03-19T10:13:39.057Z [INFO]: MongoDB Connected: obaol-cluster-shard-00-02.oq0ij.mongodb.net 
2026-03-19T10:15:00.717Z [INFO]: MongoDB Connected: obaol-cluster-shard-00-01.oq0ij.mongodb.net 
2026-03-19T10:15:47.401Z [INFO]: MongoDB Connected: obaol-cluster-shard-00-00.oq0ij.mongodb.net 
2026-03-19T10:16:56.723Z [INFO]: MongoDB Connected: obaol-cluster-shard-00-00.oq0ij.mongodb.net 
2026-03-19T10:17:46.830Z [INFO]: MongoDB Connected: obaol-cluster-shard-00-02.oq0ij.mongodb.net 
2026-03-19T11:53:04.051Z [INFO]: MongoDB Connected: obaol-cluster-shard-00-02.oq0ij.mongodb.net 
2026-03-19T13:44:41.255Z [INFO]: MongoDB Connected: obaol-cluster-shard-00-02.oq0ij.mongodb.net 
2026-03-19T13:45:40.592Z [INFO]: MongoDB Connected: obaol-cluster-shard-00-02.oq0ij.mongodb.net 
2026-03-19T13:47:14.611Z [INFO]: MongoDB Connected: obaol-cluster-shard-00-02.oq0ij.mongodb.net 
2026-03-19T13:48:02.974Z [INFO]: MongoDB Connected: obaol-cluster-shard-00-02.oq0ij.mongodb.net 
2026-03-19T13:49:01.856Z [INFO]: MongoDB Connected: obaol-cluster-shard-00-01.oq0ij.mongodb.net 
2026-03-19T13:50:06.628Z [INFO]: MongoDB Connected: obaol-cluster-shard-00-01.oq0ij.mongodb.net 
2026-03-19T13:51:00.163Z [INFO]: MongoDB Connected: obaol-cluster-shard-00-01.oq0ij.mongodb.net 
2026-03-19T13:53:03.838Z [INFO]: MongoDB Connected: obaol-cluster-shard-00-02.oq0ij.mongodb.net 
2026-03-19T14:31:40.659Z [INFO]: MongoDB Connected: obaol-cluster-shard-00-00.oq0ij.mongodb.net 
2026-03-19T14:36:46.238Z [INFO]: MongoDB Connected: obaol-cluster-shard-00-01.oq0ij.mongodb.net 
2026-03-20T05:02:37.180Z [INFO]: MongoDB Connected: obaol-cluster-shard-00-00.oq0ij.mongodb.net 
2026-03-20T15:02:57.024Z [INFO]: MongoDB Connected: obaol-cluster-shard-00-00.oq0ij.mongodb.net 
2026-03-20T15:03:50.426Z [INFO]: MongoDB Connected: obaol-cluster-shard-00-00.oq0ij.mongodb.net 
2026-03-20T15:04:46.539Z [INFO]: MongoDB Connected: obaol-cluster-shard-00-00.oq0ij.mongodb.net 
2026-03-20T15:05:30.541Z [INFO]: MongoDB Connected: obaol-cluster-shard-00-01.oq0ij.mongodb.net 
2026-03-20T15:06:27.952Z [INFO]: MongoDB Connected: obaol-cluster-shard-00-01.oq0ij.mongodb.net 
2026-03-20T15:08:05.447Z [INFO]: MongoDB Connected: obaol-cluster-shard-00-01.oq0ij.mongodb.net 
2026-03-20T16:05:18.750Z [INFO]: MongoDB Connected: obaol-cluster-shard-00-01.oq0ij.mongodb.net 
2026-03-21T08:37:02.426Z [INFO]: MongoDB Connected: obaol-cluster-shard-00-01.oq0ij.mongodb.net 
2026-03-21T12:16:23.559Z [INFO]: MongoDB Connected: obaol-cluster-shard-00-00.oq0ij.mongodb.net 
2026-03-21T13:46:08.352Z [INFO]: MongoDB Connected: obaol-cluster-shard-00-01.oq0ij.mongodb.net 
2026-03-21T13:48:04.458Z [INFO]: MongoDB Connected: obaol-cluster-shard-00-01.oq0ij.mongodb.net 
2026-03-21T14:21:53.129Z [INFO]: MongoDB Connected: obaol-cluster-shard-00-01.oq0ij.mongodb.net 
2026-03-21T14:24:48.509Z [INFO]: MongoDB Connected: obaol-cluster-shard-00-01.oq0ij.mongodb.net 
2026-03-21T14:25:50.445Z [INFO]: MongoDB Connected: obaol-cluster-shard-00-01.oq0ij.mongodb.net 
2026-03-21T14:26:29.553Z [INFO]: MongoDB Connected: obaol-cluster-shard-00-01.oq0ij.mongodb.net 
2026-03-21T14:27:20.888Z [INFO]: MongoDB Connected: obaol-cluster-shard-00-02.oq0ij.mongodb.net 
2026-03-21T15:45:27.423Z [INFO]: MongoDB Connected: obaol-cluster-shard-00-01.oq0ij.mongodb.net 
2026-03-21T17:03:11.069Z [INFO]: MongoDB Connected: obaol-cluster-shard-00-02.oq0ij.mongodb.net 
2026-03-21T17:56:06.795Z [INFO]: MongoDB Connected: obaol-cluster-shard-00-00.oq0ij.mongodb.net 
2026-03-21T18:30:00.505Z [INFO]: Running daily variant rate reset cron job... 
2026-03-21T18:30:00.718Z [INFO]: Successfully offlined 0 variant rates. 
2026-03-21T23:05:06.900Z [INFO]: MongoDB Connected: obaol-cluster-shard-00-01.oq0ij.mongodb.net 
2026-03-22T07:58:11.221Z [INFO]: MongoDB Connected: obaol-cluster-shard-00-02.oq0ij.mongodb.net 
2026-03-22T09:18:14.131Z [INFO]: MongoDB Connected: obaol-cluster-shard-00-00.oq0ij.mongodb.net 
2026-03-22T09:52:31.356Z [INFO]: MongoDB Connected: obaol-cluster-shard-00-02.oq0ij.mongodb.net 
2026-03-22T09:55:28.705Z [INFO]: MongoDB Connected: obaol-cluster-shard-00-00.oq0ij.mongodb.net 
2026-03-22T09:56:34.438Z [INFO]: MongoDB Connected: obaol-cluster-shard-00-02.oq0ij.mongodb.net 
2026-03-22T09:57:30.321Z [INFO]: MongoDB Connected: obaol-cluster-shard-00-00.oq0ij.mongodb.net 
2026-03-22T09:59:03.175Z [INFO]: MongoDB Connected: obaol-cluster-shard-00-02.oq0ij.mongodb.net 
2026-03-22T10:55:41.241Z [INFO]: MongoDB Connected: obaol-cluster-shard-00-02.oq0ij.mongodb.net 
2026-03-22T10:56:42.808Z [INFO]: MongoDB Connected: obaol-cluster-shard-00-02.oq0ij.mongodb.net 
2026-03-22T10:57:43.107Z [INFO]: MongoDB Connected: obaol-cluster-shard-00-00.oq0ij.mongodb.net 
2026-03-22T10:58:41.873Z [INFO]: MongoDB Connected: obaol-cluster-shard-00-01.oq0ij.mongodb.net 
2026-03-22T10:59:57.291Z [INFO]: MongoDB Connected: obaol-cluster-shard-00-00.oq0ij.mongodb.net 
2026-03-22T11:00:57.888Z [INFO]: MongoDB Connected: obaol-cluster-shard-00-00.oq0ij.mongodb.net 
2026-03-22T11:04:06.602Z [INFO]: MongoDB Connected: obaol-cluster-shard-00-00.oq0ij.mongodb.net 
2026-03-22T11:08:19.124Z [INFO]: MongoDB Connected: obaol-cluster-shard-00-01.oq0ij.mongodb.net 
2026-03-22T11:10:24.936Z [INFO]: MongoDB Connected: obaol-cluster-shard-00-01.oq0ij.mongodb.net 
2026-03-22T11:14:14.257Z [INFO]: MongoDB Connected: obaol-cluster-shard-00-02.oq0ij.mongodb.net 
2026-03-22T11:15:07.560Z [INFO]: MongoDB Connected: obaol-cluster-shard-00-02.oq0ij.mongodb.net 
2026-03-22T15:39:27.886Z [INFO]: MongoDB Connected: obaol-cluster-shard-00-02.oq0ij.mongodb.net 
2026-03-22T16:13:24.694Z [INFO]: MongoDB Connected: obaol-cluster-shard-00-02.oq0ij.mongodb.net 
2026-03-22T16:58:12.321Z [ERROR]: unhandledRejection: getaddrinfo ENOTFOUND obaol-cluster-shard-00-02.oq0ij.mongodb.net
MongoServerSelectionError: getaddrinfo ENOTFOUND obaol-cluster-shard-00-02.oq0ij.mongodb.net
    at Topology.selectServer (/Users/jacoob/Documents/Dev/OBAOL CORE/Obaol-Web-App/obaol-automate-backend/node_modules/mongodb/src/sdam/topology.ts:635:30)
    at async tryOperation (/Users/jacoob/Documents/Dev/OBAOL CORE/Obaol-Web-App/obaol-automate-backend/node_modules/mongodb/src/operations/execute_operation.ts:266:16)
    at async executeOperation (/Users/jacoob/Documents/Dev/OBAOL CORE/Obaol-Web-App/obaol-automate-backend/node_modules/mongodb/src/operations/execute_operation.ts:119:12)
    at async FindCursor._initialize (/Users/jacoob/Documents/Dev/OBAOL CORE/Obaol-Web-App/obaol-automate-backend/node_modules/mongodb/src/cursor/find_cursor.ts:92:22)
    at async FindCursor.cursorInit (/Users/jacoob/Documents/Dev/OBAOL CORE/Obaol-Web-App/obaol-automate-backend/node_modules/mongodb/src/cursor/abstract_cursor.ts:949:21)
    at async FindCursor.fetchBatch (/Users/jacoob/Documents/Dev/OBAOL CORE/Obaol-Web-App/obaol-automate-backend/node_modules/mongodb/src/cursor/abstract_cursor.ts:987:7)
    at async FindCursor.next (/Users/jacoob/Documents/Dev/OBAOL CORE/Obaol-Web-App/obaol-automate-backend/node_modules/mongodb/src/cursor/abstract_cursor.ts:608:9)
    at async Collection.findOne (/Users/jacoob/Documents/Dev/OBAOL CORE/Obaol-Web-App/obaol-automate-backend/node_modules/mongodb/src/collection.ts:552:20)
    at async model.Query._findOne (/Users/jacoob/Documents/Dev/OBAOL CORE/Obaol-Web-App/obaol-automate-backend/node_modules/mongoose/lib/query.js:2710:15)
    at async model.Query.exec (/Users/jacoob/Documents/Dev/OBAOL CORE/Obaol-Web-App/obaol-automate-backend/node_modules/mongoose/lib/query.js:4627:63) {"error":{"errorLabelSet":{},"reason":{"type":"ReplicaSetNoPrimary","servers":{"obaol-cluster-shard-00-02.oq0ij.mongodb.net:27017":{"address":"obaol-cluster-shard-00-02.oq0ij.mongodb.net:27017","type":"Unknown","hosts":[],"passives":[],"arbiters":[],"tags":{},"minWireVersion":0,"maxWireVersion":0,"roundTripTime":-1,"minRoundTripTime":0,"lastUpdateTime":759494432,"lastWriteDate":0,"error":{"errorLabelSet":{},"beforeHandshake":false},"topologyVersion":null,"setName":null,"setVersion":null,"electionId":null,"logicalSessionTimeoutMinutes":null,"maxMessageSizeBytes":null,"maxWriteBatchSize":null,"maxBsonObjectSize":null,"primary":null,"me":null,"$clusterTime":null,"iscryptd":false},"obaol-cluster-shard-00-00.oq0ij.mongodb.net:27017":{"address":"obaol-cluster-shard-00-00.oq0ij.mongodb.net:27017","type":"RSSecondary","hosts":["obaol-cluster-shard-00-00.oq0ij.mongodb.net:27017","obaol-cluster-shard-00-01.oq0ij.mongodb.net:27017","obaol-cluster-shard-00-02.oq0ij.mongodb.net:27017"],"passives":[],"arbiters":[],"tags":{"availabilityZone":"aps1-az1","workloadType":"OPERATIONAL","provider":"AWS","region":"AP_SOUTH_1","diskState":"READY","nodeType":"ELECTABLE"},"minWireVersion":0,"maxWireVersion":25,"roundTripTime":112,"minRoundTripTime":112,"lastUpdateTime":759489074,"lastWriteDate":{"$date":"2026-03-22T16:58:04Z"},"error":null,"topologyVersion":{"processId":{"$oid":"69b2ebb6b319a7e1db0b54cd"},"counter":4},"setName":"atlas-q2r2uk-shard-0","setVersion":368,"electionId":null,"logicalSessionTimeoutMinutes":30,"maxMessageSizeBytes":48000000,"maxWriteBatchSize":100000,"maxBsonObjectSize":16777216,"primary":"obaol-cluster-shard-00-02.oq0ij.mongodb.net:27017","me":"obaol-cluster-shard-00-00.oq0ij.mongodb.net:27017","$clusterTime":{"clusterTime":{"$timestamp":{"t":1774198684,"i":4}},"signature":{"hash":{"$binary":{"base64":"jGsr3ub06PxiacNzbcF7QHOtQBc=","subType":"00"}},"keyId":7592286282676437000}},"iscryptd":false},"obaol-cluster-shard-00-01.oq0ij.mongodb.net:27017":{"address":"obaol-cluster-shard-00-01.oq0ij.mongodb.net:27017","type":"RSSecondary","hosts":["obaol-cluster-shard-00-00.oq0ij.mongodb.net:27017","obaol-cluster-shard-00-01.oq0ij.mongodb.net:27017","obaol-cluster-shard-00-02.oq0ij.mongodb.net:27017"],"passives":[],"arbiters":[],"tags":{"region":"AP_SOUTH_1","nodeType":"ELECTABLE","diskState":"READY","availabilityZone":"aps1-az3","workloadType":"OPERATIONAL","provider":"AWS"},"minWireVersion":0,"maxWireVersion":25,"roundTripTime":51,"minRoundTripTime":51,"lastUpdateTime":759489214,"lastWriteDate":{"$date":"2026-03-22T16:58:04Z"},"error":null,"topologyVersion":{"processId":{"$oid":"69b2f05d630b1a6da94955aa"},"counter":3},"setName":"atlas-q2r2uk-shard-0","setVersion":368,"electionId":null,"logicalSessionTimeoutMinutes":30,"maxMessageSizeBytes":48000000,"maxWriteBatchSize":100000,"maxBsonObjectSize":16777216,"primary":"obaol-cluster-shard-00-02.oq0ij.mongodb.net:27017","me":"obaol-cluster-shard-00-01.oq0ij.mongodb.net:27017","$clusterTime":{"clusterTime":{"$timestamp":{"t":1774198684,"i":4}},"signature":{"hash":{"$binary":{"base64":"jGsr3ub06PxiacNzbcF7QHOtQBc=","subType":"00"}},"keyId":7592286282676437000}},"iscryptd":false}},"stale":false,"compatible":true,"heartbeatFrequencyMS":10000,"localThresholdMS":15,"setName":"atlas-q2r2uk-shard-0","maxElectionId":{"$oid":"7fffffff0000000000000305"},"maxSetVersion":368,"commonWireVersion":0,"logicalSessionTimeoutMinutes":30}},"stack":"MongoServerSelectionError: getaddrinfo ENOTFOUND obaol-cluster-shard-00-02.oq0ij.mongodb.net\n    at Topology.selectServer (/Users/jacoob/Documents/Dev/OBAOL CORE/Obaol-Web-App/obaol-automate-backend/node_modules/mongodb/src/sdam/topology.ts:635:30)\n    at async tryOperation (/Users/jacoob/Documents/Dev/OBAOL CORE/Obaol-Web-App/obaol-automate-backend/node_modules/mongodb/src/operations/execute_operation.ts:266:16)\n    at async executeOperation (/Users/jacoob/Documents/Dev/OBAOL CORE/Obaol-Web-App/obaol-automate-backend/node_modules/mongodb/src/operations/execute_operation.ts:119:12)\n    at async FindCursor._initialize (/Users/jacoob/Documents/Dev/OBAOL CORE/Obaol-Web-App/obaol-automate-backend/node_modules/mongodb/src/cursor/find_cursor.ts:92:22)\n    at async FindCursor.cursorInit (/Users/jacoob/Documents/Dev/OBAOL CORE/Obaol-Web-App/obaol-automate-backend/node_modules/mongodb/src/cursor/abstract_cursor.ts:949:21)\n    at async FindCursor.fetchBatch (/Users/jacoob/Documents/Dev/OBAOL CORE/Obaol-Web-App/obaol-automate-backend/node_modules/mongodb/src/cursor/abstract_cursor.ts:987:7)\n    at async FindCursor.next (/Users/jacoob/Documents/Dev/OBAOL CORE/Obaol-Web-App/obaol-automate-backend/node_modules/mongodb/src/cursor/abstract_cursor.ts:608:9)\n    at async Collection.findOne (/Users/jacoob/Documents/Dev/OBAOL CORE/Obaol-Web-App/obaol-automate-backend/node_modules/mongodb/src/collection.ts:552:20)\n    at async model.Query._findOne (/Users/jacoob/Documents/Dev/OBAOL CORE/Obaol-Web-App/obaol-automate-backend/node_modules/mongoose/lib/query.js:2710:15)\n    at async model.Query.exec (/Users/jacoob/Documents/Dev/OBAOL CORE/Obaol-Web-App/obaol-automate-backend/node_modules/mongoose/lib/query.js:4627:63)","rejection":true,"date":"Sun Mar 22 2026 22:28:12 GMT+0530 (India Standard Time)","process":{"pid":23407,"uid":501,"gid":20,"cwd":"/Users/jacoob/Documents/Dev/OBAOL CORE/Obaol-Web-App/obaol-automate-backend","execPath":"/usr/local/bin/node","version":"v24.12.0","argv":["/Users/jacoob/Documents/Dev/OBAOL CORE/Obaol-Web-App/obaol-automate-backend/node_modules/.bin/ts-node","/Users/jacoob/Documents/Dev/OBAOL CORE/Obaol-Web-App/obaol-automate-backend/src/index.ts"],"memoryUsage":{"rss":70238208,"heapTotal":658784256,"heapUsed":631556160,"external":28650890,"arrayBuffers":24396071}},"os":{"loadavg":[4.8271484375,5.427734375,5.37060546875],"uptime":759493},"trace":[{"column":30,"file":"/Users/jacoob/Documents/Dev/OBAOL CORE/Obaol-Web-App/obaol-automate-backend/node_modules/mongodb/src/sdam/topology.ts","function":"Topology.selectServer","line":635,"method":"selectServer","native":false},{"column":16,"file":"/Users/jacoob/Documents/Dev/OBAOL CORE/Obaol-Web-App/obaol-automate-backend/node_modules/mongodb/src/operations/execute_operation.ts","function":"async tryOperation","line":266,"method":null,"native":false},{"column":12,"file":"/Users/jacoob/Documents/Dev/OBAOL CORE/Obaol-Web-App/obaol-automate-backend/node_modules/mongodb/src/operations/execute_operation.ts","function":"async executeOperation","line":119,"method":null,"native":false},{"column":22,"file":"/Users/jacoob/Documents/Dev/OBAOL CORE/Obaol-Web-App/obaol-automate-backend/node_modules/mongodb/src/cursor/find_cursor.ts","function":"async FindCursor._initialize","line":92,"method":"_initialize","native":false},{"column":21,"file":"/Users/jacoob/Documents/Dev/OBAOL CORE/Obaol-Web-App/obaol-automate-backend/node_modules/mongodb/src/cursor/abstract_cursor.ts","function":"async FindCursor.cursorInit","line":949,"method":"cursorInit","native":false},{"column":7,"file":"/Users/jacoob/Documents/Dev/OBAOL CORE/Obaol-Web-App/obaol-automate-backend/node_modules/mongodb/src/cursor/abstract_cursor.ts","function":"async FindCursor.fetchBatch","line":987,"method":"fetchBatch","native":false},{"column":9,"file":"/Users/jacoob/Documents/Dev/OBAOL CORE/Obaol-Web-App/obaol-automate-backend/node_modules/mongodb/src/cursor/abstract_cursor.ts","function":"async FindCursor.next","line":608,"method":"next","native":false},{"column":20,"file":"/Users/jacoob/Documents/Dev/OBAOL CORE/Obaol-Web-App/obaol-automate-backend/node_modules/mongodb/src/collection.ts","function":"async Collection.findOne","line":552,"method":"findOne","native":false},{"column":15,"file":"/Users/jacoob/Documents/Dev/OBAOL CORE/Obaol-Web-App/obaol-automate-backend/node_modules/mongoose/lib/query.js","function":"async model.Query._findOne","line":2710,"method":"_findOne","native":false},{"column":63,"file":"/Users/jacoob/Documents/Dev/OBAOL CORE/Obaol-Web-App/obaol-automate-backend/node_modules/mongoose/lib/query.js","function":"async model.Query.exec","line":4627,"method":"exec","native":false}]}
2026-03-22T16:59:15.201Z [INFO]: MongoDB Connected: obaol-cluster-shard-00-01.oq0ij.mongodb.net 
2026-03-22T17:26:56.711Z [INFO]: MongoDB Connected: obaol-cluster-shard-00-02.oq0ij.mongodb.net 
2026-03-22T17:27:57.512Z [INFO]: MongoDB Connected: obaol-cluster-shard-00-01.oq0ij.mongodb.net 
2026-03-22T17:29:28.706Z [INFO]: MongoDB Connected: obaol-cluster-shard-00-01.oq0ij.mongodb.net 
2026-03-22T17:30:31.749Z [INFO]: MongoDB Connected: obaol-cluster-shard-00-00.oq0ij.mongodb.net 
2026-03-22T17:31:33.617Z [INFO]: MongoDB Connected: obaol-cluster-shard-00-00.oq0ij.mongodb.net 
2026-03-22T17:34:55.572Z [INFO]: MongoDB Connected: obaol-cluster-shard-00-01.oq0ij.mongodb.net 
2026-03-22T17:36:08.875Z [INFO]: MongoDB Connected: obaol-cluster-shard-00-01.oq0ij.mongodb.net 
2026-03-22T17:37:10.207Z [INFO]: MongoDB Connected: obaol-cluster-shard-00-01.oq0ij.mongodb.net 
2026-03-22T17:42:11.300Z [INFO]: MongoDB Connected: obaol-cluster-shard-00-00.oq0ij.mongodb.net 
2026-03-22T17:44:21.613Z [INFO]: MongoDB Connected: obaol-cluster-shard-00-00.oq0ij.mongodb.net 
2026-03-22T18:30:00.289Z [INFO]: Running daily variant rate reset cron job... 
2026-03-22T18:30:00.423Z [INFO]: Successfully offlined 0 variant rates. 
2026-03-22T20:20:45.999Z [INFO]: MongoDB Connected: obaol-cluster-shard-00-01.oq0ij.mongodb.net 
2026-03-22T21:22:34.373Z [INFO]: MongoDB Connected: obaol-cluster-shard-00-02.oq0ij.mongodb.net 
2026-03-22T21:24:56.258Z [INFO]: MongoDB Connected: obaol-cluster-shard-00-02.oq0ij.mongodb.net 
2026-03-22T21:26:21.192Z [INFO]: MongoDB Connected: obaol-cluster-shard-00-01.oq0ij.mongodb.net 
2026-03-22T21:28:01.248Z [INFO]: MongoDB Connected: obaol-cluster-shard-00-01.oq0ij.mongodb.net 
2026-03-22T21:28:53.188Z [INFO]: MongoDB Connected: obaol-cluster-shard-00-01.oq0ij.mongodb.net 
2026-03-22T21:30:40.152Z [INFO]: MongoDB Connected: obaol-cluster-shard-00-02.oq0ij.mongodb.net 
2026-03-22T21:32:21.374Z [INFO]: MongoDB Connected: obaol-cluster-shard-00-00.oq0ij.mongodb.net 
2026-03-22T21:33:27.629Z [INFO]: MongoDB Connected: obaol-cluster-shard-00-02.oq0ij.mongodb.net 
2026-03-22T21:34:43.134Z [INFO]: MongoDB Connected: obaol-cluster-shard-00-00.oq0ij.mongodb.net 
2026-03-22T21:36:07.598Z [INFO]: MongoDB Connected: obaol-cluster-shard-00-02.oq0ij.mongodb.net 
2026-03-23T08:11:26.662Z [INFO]: MongoDB Connected: obaol-cluster-shard-00-00.oq0ij.mongodb.net 
2026-03-23T09:35:34.469Z [INFO]: MongoDB Connected: obaol-cluster-shard-00-01.oq0ij.mongodb.net 
2026-03-23T11:02:08.671Z [INFO]: MongoDB Connected: obaol-cluster-shard-00-01.oq0ij.mongodb.net 
2026-03-23T11:16:24.035Z [INFO]: MongoDB Connected: obaol-cluster-shard-00-00.oq0ij.mongodb.net 
2026-03-23T11:25:09.272Z [INFO]: MongoDB Connected: obaol-cluster-shard-00-00.oq0ij.mongodb.net 
2026-03-23T14:19:20.373Z [INFO]: MongoDB Connected: obaol-cluster-shard-00-02.oq0ij.mongodb.net 
2026-03-23T18:30:00.281Z [INFO]: Running daily variant rate reset cron job... 
2026-03-23T18:30:00.398Z [INFO]: Successfully offlined 0 variant rates. 
2026-03-23T19:40:00.735Z [INFO]: MongoDB Connected: obaol-cluster-shard-00-01.oq0ij.mongodb.net 
2026-03-23T19:41:08.596Z [INFO]: MongoDB Connected: obaol-cluster-shard-00-00.oq0ij.mongodb.net 
2026-03-23T19:42:13.047Z [INFO]: MongoDB Connected: obaol-cluster-shard-00-00.oq0ij.mongodb.net 
2026-03-23T19:43:13.665Z [INFO]: MongoDB Connected: obaol-cluster-shard-00-02.oq0ij.mongodb.net 
2026-03-23T19:44:20.208Z [INFO]: MongoDB Connected: obaol-cluster-shard-00-02.oq0ij.mongodb.net 
2026-03-23T19:45:17.103Z [INFO]: MongoDB Connected: obaol-cluster-shard-00-00.oq0ij.mongodb.net 
2026-03-23T19:46:46.013Z [INFO]: MongoDB Connected: obaol-cluster-shard-00-01.oq0ij.mongodb.net 
2026-03-23T20:04:43.013Z [INFO]: MongoDB Connected: obaol-cluster-shard-00-01.oq0ij.mongodb.net 
2026-03-23T20:44:47.952Z [INFO]: MongoDB Connected: obaol-cluster-shard-00-02.oq0ij.mongodb.net 
2026-03-23T21:18:11.654Z [INFO]: MongoDB Connected: obaol-cluster-shard-00-01.oq0ij.mongodb.net 
2026-03-23T21:19:07.539Z [INFO]: MongoDB Connected: obaol-cluster-shard-00-02.oq0ij.mongodb.net 
2026-03-23T21:19:57.333Z [INFO]: MongoDB Connected: obaol-cluster-shard-00-00.oq0ij.mongodb.net 
2026-03-23T21:20:52.937Z [INFO]: MongoDB Connected: obaol-cluster-shard-00-01.oq0ij.mongodb.net 
2026-03-23T21:21:51.119Z [INFO]: MongoDB Connected: obaol-cluster-shard-00-01.oq0ij.mongodb.net 
2026-03-23T21:23:23.224Z [INFO]: MongoDB Connected: obaol-cluster-shard-00-02.oq0ij.mongodb.net 
2026-03-23T21:27:48.380Z [INFO]: MongoDB Connected: obaol-cluster-shard-00-02.oq0ij.mongodb.net 
2026-03-23T21:28:50.899Z [INFO]: MongoDB Connected: obaol-cluster-shard-00-02.oq0ij.mongodb.net 
2026-03-23T21:33:39.980Z [INFO]: MongoDB Connected: obaol-cluster-shard-00-01.oq0ij.mongodb.net 
2026-03-23T21:34:46.357Z [INFO]: MongoDB Connected: obaol-cluster-shard-00-00.oq0ij.mongodb.net 
2026-03-23T21:35:37.845Z [INFO]: MongoDB Connected: obaol-cluster-shard-00-02.oq0ij.mongodb.net 
2026-03-23T21:36:48.192Z [INFO]: MongoDB Connected: obaol-cluster-shard-00-02.oq0ij.mongodb.net 
2026-03-23T21:37:48.023Z [INFO]: MongoDB Connected: obaol-cluster-shard-00-00.oq0ij.mongodb.net 
2026-03-23T21:38:50.678Z [INFO]: MongoDB Connected: obaol-cluster-shard-00-00.oq0ij.mongodb.net 
2026-03-23T21:40:41.993Z [INFO]: MongoDB Connected: obaol-cluster-shard-00-01.oq0ij.mongodb.net 
2026-03-23T21:41:44.200Z [INFO]: MongoDB Connected: obaol-cluster-shard-00-01.oq0ij.mongodb.net 
2026-03-23T21:44:40.509Z [INFO]: MongoDB Connected: obaol-cluster-shard-00-01.oq0ij.mongodb.net 
2026-03-23T21:45:39.561Z [INFO]: MongoDB Connected: obaol-cluster-shard-00-02.oq0ij.mongodb.net 
2026-03-23T21:47:57.674Z [INFO]: MongoDB Connected: obaol-cluster-shard-00-00.oq0ij.mongodb.net 
2026-03-23T21:49:51.564Z [INFO]: MongoDB Connected: obaol-cluster-shard-00-02.oq0ij.mongodb.net 
2026-03-23T21:50:43.718Z [INFO]: MongoDB Connected: obaol-cluster-shard-00-02.oq0ij.mongodb.net 
2026-03-23T22:21:52.572Z [INFO]: MongoDB Connected: obaol-cluster-shard-00-01.oq0ij.mongodb.net 
2026-03-23T22:22:51.653Z [INFO]: MongoDB Connected: obaol-cluster-shard-00-02.oq0ij.mongodb.net 
2026-03-23T22:25:24.823Z [INFO]: MongoDB Connected: obaol-cluster-shard-00-01.oq0ij.mongodb.net 
2026-03-23T22:39:45.132Z [INFO]: MongoDB Connected: obaol-cluster-shard-00-02.oq0ij.mongodb.net 
2026-03-23T22:42:33.254Z [INFO]: MongoDB Connected: obaol-cluster-shard-00-02.oq0ij.mongodb.net 
2026-03-24T03:12:28.932Z [INFO]: MongoDB Connected: obaol-cluster-shard-00-00.oq0ij.mongodb.net 
2026-03-24T03:15:55.146Z [INFO]: MongoDB Connected: obaol-cluster-shard-00-02.oq0ij.mongodb.net 
2026-03-24T03:17:06.763Z [INFO]: MongoDB Connected: obaol-cluster-shard-00-01.oq0ij.mongodb.net 
2026-03-24T04:14:51.670Z [INFO]: MongoDB Connected: obaol-cluster-shard-00-02.oq0ij.mongodb.net 
2026-03-24T04:16:02.502Z [INFO]: MongoDB Connected: obaol-cluster-shard-00-02.oq0ij.mongodb.net 
2026-03-24T04:17:09.029Z [INFO]: MongoDB Connected: obaol-cluster-shard-00-00.oq0ij.mongodb.net 
2026-03-24T04:18:23.763Z [INFO]: MongoDB Connected: obaol-cluster-shard-00-02.oq0ij.mongodb.net 
2026-03-24T04:20:45.248Z [INFO]: MongoDB Connected: obaol-cluster-shard-00-00.oq0ij.mongodb.net 
2026-03-24T04:25:11.566Z [INFO]: MongoDB Connected: obaol-cluster-shard-00-01.oq0ij.mongodb.net 
2026-03-24T04:26:37.870Z [INFO]: MongoDB Connected: obaol-cluster-shard-00-00.oq0ij.mongodb.net 
2026-03-24T06:20:52.838Z [INFO]: MongoDB Connected: obaol-cluster-shard-00-00.oq0ij.mongodb.net 
2026-03-24T07:36:23.993Z [INFO]: MongoDB Connected: obaol-cluster-shard-00-02.oq0ij.mongodb.net 
2026-03-24T10:51:22.168Z [INFO]: MongoDB Connected: obaol-cluster-shard-00-02.oq0ij.mongodb.net 
2026-03-24T10:52:42.833Z [INFO]: MongoDB Connected: obaol-cluster-shard-00-00.oq0ij.mongodb.net 
2026-03-24T15:18:24.457Z [INFO]: MongoDB Connected: obaol-cluster-shard-00-00.oq0ij.mongodb.net 
2026-03-24T18:30:00.766Z [INFO]: Running daily variant rate reset cron job... 
2026-03-24T18:30:00.995Z [INFO]: Successfully offlined 0 variant rates. 
2026-03-24T19:18:17.282Z [INFO]: MongoDB Connected: obaol-cluster-shard-00-02.oq0ij.mongodb.net 
2026-03-24T19:33:22.816Z [INFO]: MongoDB Connected: obaol-cluster-shard-00-01.oq0ij.mongodb.net 
2026-03-24T20:10:54.068Z [INFO]: MongoDB Connected: obaol-cluster-shard-00-00.oq0ij.mongodb.net 
2026-03-24T20:34:31.791Z [INFO]: MongoDB Connected: obaol-cluster-shard-00-01.oq0ij.mongodb.net 
2026-03-24T20:49:05.451Z [INFO]: MongoDB Connected: obaol-cluster-shard-00-02.oq0ij.mongodb.net 
2026-03-25T04:49:23.576Z [INFO]: MongoDB Connected: obaol-cluster-shard-00-01.oq0ij.mongodb.net 
2026-03-25T05:26:15.000Z [INFO]: MongoDB Connected: obaol-cluster-shard-00-00.oq0ij.mongodb.net 
2026-03-25T05:26:32.870Z [INFO]: MongoDB Connected: obaol-cluster-shard-00-01.oq0ij.mongodb.net 
2026-03-25T05:54:00.903Z [INFO]: MongoDB Connected: obaol-cluster-shard-00-01.oq0ij.mongodb.net 
2026-03-25T06:11:14.339Z [INFO]: MongoDB Connected: obaol-cluster-shard-00-00.oq0ij.mongodb.net 
2026-03-25T06:11:34.195Z [INFO]: MongoDB Connected: obaol-cluster-shard-00-00.oq0ij.mongodb.net 
2026-03-25T06:19:15.331Z [INFO]: MongoDB Connected: obaol-cluster-shard-00-02.oq0ij.mongodb.net 
2026-03-25T07:26:24.411Z [INFO]: MongoDB Connected: obaol-cluster-shard-00-01.oq0ij.mongodb.net 
2026-03-25T07:26:33.372Z [INFO]: MongoDB Connected: obaol-cluster-shard-00-01.oq0ij.mongodb.net 
2026-03-25T07:26:41.148Z [INFO]: MongoDB Connected: obaol-cluster-shard-00-00.oq0ij.mongodb.net 
2026-03-25T07:26:51.362Z [INFO]: MongoDB Connected: obaol-cluster-shard-00-01.oq0ij.mongodb.net 
2026-03-25T07:26:58.777Z [INFO]: MongoDB Connected: obaol-cluster-shard-00-02.oq0ij.mongodb.net 
2026-03-25T07:27:08.509Z [INFO]: MongoDB Connected: obaol-cluster-shard-00-00.oq0ij.mongodb.net 
2026-03-25T07:27:34.420Z [INFO]: MongoDB Connected: obaol-cluster-shard-00-01.oq0ij.mongodb.net 
2026-03-25T07:27:53.284Z [INFO]: MongoDB Connected: obaol-cluster-shard-00-01.oq0ij.mongodb.net 
2026-03-25T07:28:34.914Z [INFO]: MongoDB Connected: obaol-cluster-shard-00-00.oq0ij.mongodb.net 
2026-03-25T07:28:46.055Z [INFO]: MongoDB Connected: obaol-cluster-shard-00-01.oq0ij.mongodb.net 
2026-03-25T07:29:10.910Z [INFO]: MongoDB Connected: obaol-cluster-shard-00-00.oq0ij.mongodb.net 
2026-03-25T07:29:31.838Z [INFO]: MongoDB Connected: obaol-cluster-shard-00-01.oq0ij.mongodb.net 
2026-03-25T07:29:41.062Z [INFO]: MongoDB Connected: obaol-cluster-shard-00-02.oq0ij.mongodb.net 
2026-03-25T07:44:22.259Z [INFO]: MongoDB Connected: obaol-cluster-shard-00-01.oq0ij.mongodb.net 
2026-03-25T08:17:26.687Z [INFO]: MongoDB Connected: obaol-cluster-shard-00-01.oq0ij.mongodb.net 
2026-03-25T08:17:43.608Z [INFO]: MongoDB Connected: obaol-cluster-shard-00-01.oq0ij.mongodb.net 
2026-03-25T08:18:08.662Z [INFO]: MongoDB Connected: obaol-cluster-shard-00-00.oq0ij.mongodb.net 
2026-03-25T08:18:22.258Z [INFO]: MongoDB Connected: obaol-cluster-shard-00-02.oq0ij.mongodb.net 
2026-03-25T08:18:31.654Z [INFO]: MongoDB Connected: obaol-cluster-shard-00-01.oq0ij.mongodb.net 
2026-03-25T08:18:39.605Z [INFO]: MongoDB Connected: obaol-cluster-shard-00-00.oq0ij.mongodb.net 
2026-03-25T08:20:24.028Z [INFO]: MongoDB Connected: obaol-cluster-shard-00-02.oq0ij.mongodb.net 
2026-03-25T08:35:42.155Z [INFO]: MongoDB Connected: obaol-cluster-shard-00-00.oq0ij.mongodb.net 
2026-03-25T08:55:46.038Z [INFO]: MongoDB Connected: obaol-cluster-shard-00-01.oq0ij.mongodb.net 
2026-03-25T08:56:01.091Z [INFO]: MongoDB Connected: obaol-cluster-shard-00-01.oq0ij.mongodb.net 
2026-03-25T08:56:14.444Z [INFO]: MongoDB Connected: obaol-cluster-shard-00-00.oq0ij.mongodb.net 
2026-03-25T08:56:27.924Z [INFO]: MongoDB Connected: obaol-cluster-shard-00-02.oq0ij.mongodb.net 
2026-03-25T08:56:58.290Z [INFO]: MongoDB Connected: obaol-cluster-shard-00-00.oq0ij.mongodb.net 
2026-03-25T08:57:19.214Z [INFO]: MongoDB Connected: obaol-cluster-shard-00-02.oq0ij.mongodb.net 
2026-03-25T08:57:32.726Z [INFO]: MongoDB Connected: obaol-cluster-shard-00-00.oq0ij.mongodb.net 
2026-03-25T08:57:43.535Z [INFO]: MongoDB Connected: obaol-cluster-shard-00-02.oq0ij.mongodb.net 
2026-03-25T08:57:56.020Z [INFO]: MongoDB Connected: obaol-cluster-shard-00-00.oq0ij.mongodb.net 
2026-03-25T08:58:19.390Z [INFO]: MongoDB Connected: obaol-cluster-shard-00-02.oq0ij.mongodb.net 
2026-03-25T08:58:30.394Z [INFO]: MongoDB Connected: obaol-cluster-shard-00-02.oq0ij.mongodb.net 
2026-03-25T08:58:41.740Z [INFO]: MongoDB Connected: obaol-cluster-shard-00-02.oq0ij.mongodb.net 
2026-03-25T08:59:17.282Z [INFO]: MongoDB Connected: obaol-cluster-shard-00-01.oq0ij.mongodb.net 
2026-03-25T08:59:39.584Z [INFO]: MongoDB Connected: obaol-cluster-shard-00-01.oq0ij.mongodb.net 
2026-03-25T09:00:23.122Z [INFO]: MongoDB Connected: obaol-cluster-shard-00-00.oq0ij.mongodb.net 
2026-03-25T09:00:34.883Z [INFO]: MongoDB Connected: obaol-cluster-shard-00-01.oq0ij.mongodb.net 
2026-03-25T09:59:41.137Z [INFO]: MongoDB Connected: obaol-cluster-shard-00-02.oq0ij.mongodb.net 
2026-03-25T09:59:59.899Z [INFO]: MongoDB Connected: obaol-cluster-shard-00-02.oq0ij.mongodb.net 
2026-03-25T10:01:39.994Z [INFO]: MongoDB Connected: obaol-cluster-shard-00-00.oq0ij.mongodb.net 
2026-03-25T10:01:53.680Z [INFO]: MongoDB Connected: obaol-cluster-shard-00-02.oq0ij.mongodb.net 
2026-03-25T11:53:26.447Z [INFO]: MongoDB Connected: obaol-cluster-shard-00-00.oq0ij.mongodb.net 
2026-03-25T11:53:35.551Z [INFO]: MongoDB Connected: obaol-cluster-shard-00-02.oq0ij.mongodb.net 
2026-03-25T11:54:04.917Z [INFO]: MongoDB Connected: obaol-cluster-shard-00-02.oq0ij.mongodb.net 
2026-03-25T18:30:00.284Z [INFO]: Running daily variant rate reset cron job... 
2026-03-25T18:30:01.150Z [INFO]: Successfully offlined 0 variant rates. 
2026-03-26T11:46:04.304Z [INFO]: MongoDB Connected: obaol-cluster-shard-00-01.oq0ij.mongodb.net 
2026-03-26T11:52:02.248Z [ERROR]: MongoDB Connection Error: {"error":"Could not connect to any servers in your MongoDB Atlas cluster. One common reason is that you're trying to access the database from an IP that isn't whitelisted. Make sure your current IP address is on your Atlas cluster's IP whitelist: https://www.mongodb.com/docs/atlas/security-whitelist/"}
2026-03-26T11:52:54.501Z [INFO]: MongoDB Connected: obaol-cluster-shard-00-00.oq0ij.mongodb.net 
2026-03-27T19:08:11.222Z [INFO]: MongoDB Connected: obaol-cluster-shard-00-00.oq0ij.mongodb.net 
2026-03-27T20:37:15.195Z [INFO]: MongoDB Connected: obaol-cluster-shard-00-01.oq0ij.mongodb.net 
2026-03-27T20:37:37.403Z [INFO]: MongoDB Connected: obaol-cluster-shard-00-00.oq0ij.mongodb.net 
2026-03-28T07:11:08.631Z [INFO]: MongoDB Connected: obaol-cluster-shard-00-01.oq0ij.mongodb.net 
2026-03-28T07:52:53.973Z [INFO]: MongoDB Connected: obaol-cluster-shard-00-02.oq0ij.mongodb.net 
2026-03-28T09:09:41.820Z [INFO]: MongoDB Connected: obaol-cluster-shard-00-00.oq0ij.mongodb.net 
2026-03-28T09:10:11.247Z [INFO]: MongoDB Connected: obaol-cluster-shard-00-00.oq0ij.mongodb.net 
2026-03-28T09:10:46.794Z [INFO]: MongoDB Connected: obaol-cluster-shard-00-01.oq0ij.mongodb.net 
2026-03-28T09:11:16.153Z [INFO]: MongoDB Connected: obaol-cluster-shard-00-02.oq0ij.mongodb.net 
2026-03-28T11:19:59.517Z [INFO]: MongoDB Connected: obaol-cluster-shard-00-01.oq0ij.mongodb.net 
2026-03-28T11:20:30.718Z [INFO]: MongoDB Connected: obaol-cluster-shard-00-00.oq0ij.mongodb.net 
2026-03-28T11:21:21.241Z [INFO]: MongoDB Connected: obaol-cluster-shard-00-01.oq0ij.mongodb.net 
2026-03-28T11:40:05.010Z [INFO]: MongoDB Connected: obaol-cluster-shard-00-02.oq0ij.mongodb.net 
2026-03-28T11:48:59.215Z [INFO]: MongoDB Connected: obaol-cluster-shard-00-01.oq0ij.mongodb.net 
2026-03-28T15:23:27.395Z [INFO]: MongoDB Connected: obaol-cluster-shard-00-02.oq0ij.mongodb.net 
2026-03-28T15:24:04.270Z [INFO]: MongoDB Connected: obaol-cluster-shard-00-02.oq0ij.mongodb.net 
2026-03-28T15:25:06.431Z [INFO]: MongoDB Connected: obaol-cluster-shard-00-00.oq0ij.mongodb.net 
2026-03-28T15:25:46.582Z [INFO]: MongoDB Connected: obaol-cluster-shard-00-02.oq0ij.mongodb.net 
2026-03-28T15:27:31.299Z [INFO]: MongoDB Connected: obaol-cluster-shard-00-02.oq0ij.mongodb.net 
2026-03-28T15:29:35.041Z [INFO]: MongoDB Connected: obaol-cluster-shard-00-00.oq0ij.mongodb.net 
2026-03-28T15:30:54.956Z [INFO]: MongoDB Connected: obaol-cluster-shard-00-00.oq0ij.mongodb.net 
2026-03-28T15:33:41.736Z [INFO]: MongoDB Connected: obaol-cluster-shard-00-02.oq0ij.mongodb.net 
2026-03-28T15:37:33.109Z [INFO]: MongoDB Connected: obaol-cluster-shard-00-01.oq0ij.mongodb.net 
2026-03-28T15:38:53.661Z [INFO]: MongoDB Connected: obaol-cluster-shard-00-01.oq0ij.mongodb.net 
2026-03-28T15:39:40.289Z [INFO]: MongoDB Connected: obaol-cluster-shard-00-02.oq0ij.mongodb.net 
2026-03-28T15:41:02.395Z [INFO]: MongoDB Connected: obaol-cluster-shard-00-00.oq0ij.mongodb.net 
2026-03-28T15:41:57.849Z [INFO]: MongoDB Connected: obaol-cluster-shard-00-00.oq0ij.mongodb.net 
2026-03-28T15:43:16.515Z [INFO]: MongoDB Connected: obaol-cluster-shard-00-02.oq0ij.mongodb.net 
2026-03-28T15:47:38.402Z [INFO]: MongoDB Connected: obaol-cluster-shard-00-02.oq0ij.mongodb.net 
2026-03-28T15:48:56.986Z [INFO]: MongoDB Connected: obaol-cluster-shard-00-00.oq0ij.mongodb.net 
2026-03-28T15:50:17.300Z [INFO]: MongoDB Connected: obaol-cluster-shard-00-02.oq0ij.mongodb.net 
2026-03-28T15:51:26.795Z [INFO]: MongoDB Connected: obaol-cluster-shard-00-01.oq0ij.mongodb.net 
2026-03-28T15:52:56.945Z [INFO]: MongoDB Connected: obaol-cluster-shard-00-00.oq0ij.mongodb.net 
2026-03-28T15:53:33.891Z [INFO]: MongoDB Connected: obaol-cluster-shard-00-00.oq0ij.mongodb.net 
2026-03-28T15:54:20.900Z [INFO]: MongoDB Connected: obaol-cluster-shard-00-00.oq0ij.mongodb.net 
2026-03-28T15:58:32.094Z [INFO]: MongoDB Connected: obaol-cluster-shard-00-01.oq0ij.mongodb.net 
2026-03-28T16:00:41.990Z [INFO]: MongoDB Connected: obaol-cluster-shard-00-01.oq0ij.mongodb.net 
2026-03-28T16:01:36.804Z [INFO]: MongoDB Connected: obaol-cluster-shard-00-01.oq0ij.mongodb.net 
2026-03-28T16:07:18.445Z [INFO]: MongoDB Connected: obaol-cluster-shard-00-01.oq0ij.mongodb.net 
2026-03-28T16:09:11.857Z [INFO]: MongoDB Connected: obaol-cluster-shard-00-02.oq0ij.mongodb.net 
2026-03-28T16:10:14.817Z [INFO]: MongoDB Connected: obaol-cluster-shard-00-01.oq0ij.mongodb.net 
2026-03-28T16:11:42.542Z [INFO]: MongoDB Connected: obaol-cluster-shard-00-00.oq0ij.mongodb.net 
2026-03-28T16:13:05.181Z [INFO]: MongoDB Connected: obaol-cluster-shard-00-00.oq0ij.mongodb.net 
2026-03-28T16:14:17.985Z [INFO]: MongoDB Connected: obaol-cluster-shard-00-02.oq0ij.mongodb.net 
2026-03-28T16:16:13.419Z [INFO]: MongoDB Connected: obaol-cluster-shard-00-01.oq0ij.mongodb.net 
2026-03-28T16:16:59.237Z [INFO]: MongoDB Connected: obaol-cluster-shard-00-01.oq0ij.mongodb.net 
2026-03-28T16:18:27.665Z [INFO]: MongoDB Connected: obaol-cluster-shard-00-01.oq0ij.mongodb.net 
2026-03-28T16:59:55.858Z [INFO]: MongoDB Connected: obaol-cluster-shard-00-01.oq0ij.mongodb.net 
2026-03-28T17:00:35.195Z [INFO]: MongoDB Connected: obaol-cluster-shard-00-01.oq0ij.mongodb.net 
2026-03-28T17:02:01.180Z [INFO]: MongoDB Connected: obaol-cluster-shard-00-00.oq0ij.mongodb.net 
2026-03-28T17:02:48.191Z [INFO]: MongoDB Connected: obaol-cluster-shard-00-02.oq0ij.mongodb.net 
2026-03-28T17:06:44.007Z [INFO]: MongoDB Connected: obaol-cluster-shard-00-02.oq0ij.mongodb.net 
2026-03-28T17:07:20.828Z [INFO]: MongoDB Connected: obaol-cluster-shard-00-00.oq0ij.mongodb.net 
2026-03-28T17:11:02.370Z [INFO]: MongoDB Connected: obaol-cluster-shard-00-02.oq0ij.mongodb.net 
2026-03-28T17:11:51.511Z [INFO]: MongoDB Connected: obaol-cluster-shard-00-01.oq0ij.mongodb.net 
2026-03-28T17:12:26.059Z [INFO]: MongoDB Connected: obaol-cluster-shard-00-00.oq0ij.mongodb.net 
2026-03-28T17:14:35.991Z [INFO]: MongoDB Connected: obaol-cluster-shard-00-02.oq0ij.mongodb.net 
2026-03-28T17:17:02.308Z [INFO]: MongoDB Connected: obaol-cluster-shard-00-01.oq0ij.mongodb.net 
2026-03-28T17:19:20.191Z [INFO]: MongoDB Connected: obaol-cluster-shard-00-01.oq0ij.mongodb.net 
2026-03-28T17:21:02.585Z [INFO]: MongoDB Connected: obaol-cluster-shard-00-01.oq0ij.mongodb.net 
2026-03-28T17:23:49.536Z [INFO]: MongoDB Connected: obaol-cluster-shard-00-00.oq0ij.mongodb.net 
2026-03-28T17:28:54.775Z [INFO]: MongoDB Connected: obaol-cluster-shard-00-01.oq0ij.mongodb.net 
2026-03-28T17:41:30.378Z [INFO]: MongoDB Connected: obaol-cluster-shard-00-01.oq0ij.mongodb.net 
2026-03-28T18:21:40.020Z [INFO]: MongoDB Connected: obaol-cluster-shard-00-02.oq0ij.mongodb.net 
2026-03-28T18:30:00.461Z [INFO]: Running daily variant rate reset cron job... 
2026-03-28T18:30:00.640Z [INFO]: Successfully offlined 0 variant rates. 
2026-03-28T18:59:11.329Z [INFO]: MongoDB Connected: obaol-cluster-shard-00-01.oq0ij.mongodb.net 
2026-03-28T18:59:56.647Z [INFO]: MongoDB Connected: obaol-cluster-shard-00-02.oq0ij.mongodb.net 
2026-03-28T19:00:35.019Z [INFO]: MongoDB Connected: obaol-cluster-shard-00-00.oq0ij.mongodb.net 
2026-03-28T19:01:14.399Z [INFO]: MongoDB Connected: obaol-cluster-shard-00-01.oq0ij.mongodb.net 
2026-03-28T19:02:56.726Z [INFO]: MongoDB Connected: obaol-cluster-shard-00-02.oq0ij.mongodb.net 
2026-03-28T19:04:29.589Z [INFO]: MongoDB Connected: obaol-cluster-shard-00-01.oq0ij.mongodb.net 
2026-03-28T19:05:51.692Z [INFO]: MongoDB Connected: obaol-cluster-shard-00-00.oq0ij.mongodb.net 
2026-03-28T20:40:30.789Z [INFO]: MongoDB Connected: obaol-cluster-shard-00-00.oq0ij.mongodb.net 
2026-03-28T20:46:46.483Z [INFO]: MongoDB Connected: obaol-cluster-shard-00-01.oq0ij.mongodb.net 
2026-03-28T20:47:24.602Z [INFO]: MongoDB Connected: obaol-cluster-shard-00-01.oq0ij.mongodb.net 
2026-03-28T20:48:01.129Z [INFO]: MongoDB Connected: obaol-cluster-shard-00-01.oq0ij.mongodb.net 
2026-03-28T20:48:44.235Z [INFO]: MongoDB Connected: obaol-cluster-shard-00-00.oq0ij.mongodb.net 
2026-03-28T20:49:19.107Z [INFO]: MongoDB Connected: obaol-cluster-shard-00-00.oq0ij.mongodb.net 
2026-03-28T20:49:59.488Z [INFO]: MongoDB Connected: obaol-cluster-shard-00-00.oq0ij.mongodb.net 
2026-03-28T21:22:16.771Z [INFO]: MongoDB Connected: obaol-cluster-shard-00-01.oq0ij.mongodb.net 
2026-03-29T07:06:58.570Z [INFO]: MongoDB Connected: obaol-cluster-shard-00-00.oq0ij.mongodb.net 
2026-03-29T07:10:24.777Z [INFO]: MongoDB Connected: obaol-cluster-shard-00-00.oq0ij.mongodb.net 
2026-03-29T07:11:12.717Z [INFO]: MongoDB Connected: obaol-cluster-shard-00-02.oq0ij.mongodb.net 
2026-03-29T07:12:05.567Z [INFO]: MongoDB Connected: obaol-cluster-shard-00-02.oq0ij.mongodb.net 
2026-03-29T07:12:50.556Z [INFO]: MongoDB Connected: obaol-cluster-shard-00-00.oq0ij.mongodb.net 
2026-03-29T07:13:54.616Z [INFO]: MongoDB Connected: obaol-cluster-shard-00-01.oq0ij.mongodb.net 
2026-03-29T07:14:54.966Z [INFO]: MongoDB Connected: obaol-cluster-shard-00-00.oq0ij.mongodb.net 
2026-03-29T07:15:45.947Z [INFO]: MongoDB Connected: obaol-cluster-shard-00-00.oq0ij.mongodb.net 
2026-03-29T07:27:27.990Z [INFO]: MongoDB Connected: obaol-cluster-shard-00-00.oq0ij.mongodb.net 
2026-03-29T07:28:21.707Z [INFO]: MongoDB Connected: obaol-cluster-shard-00-00.oq0ij.mongodb.net 
2026-03-29T07:46:31.614Z [INFO]: MongoDB Connected: obaol-cluster-shard-00-01.oq0ij.mongodb.net 
2026-03-29T10:22:36.390Z [INFO]: MongoDB Connected: obaol-cluster-shard-00-00.oq0ij.mongodb.net 
2026-03-29T10:47:36.462Z [INFO]: MongoDB Connected: obaol-cluster-shard-00-02.oq0ij.mongodb.net 
2026-03-29T10:48:36.804Z [INFO]: MongoDB Connected: obaol-cluster-shard-00-00.oq0ij.mongodb.net 
2026-03-29T10:54:59.888Z [INFO]: MongoDB Connected: obaol-cluster-shard-00-01.oq0ij.mongodb.net 
2026-03-29T11:09:17.552Z [INFO]: MongoDB Connected: obaol-cluster-shard-00-01.oq0ij.mongodb.net 
2026-03-29T11:22:10.146Z [INFO]: MongoDB Connected: obaol-cluster-shard-00-02.oq0ij.mongodb.net 
2026-03-29T11:25:54.887Z [INFO]: MongoDB Connected: obaol-cluster-shard-00-02.oq0ij.mongodb.net 
2026-03-29T11:27:14.904Z [INFO]: MongoDB Connected: obaol-cluster-shard-00-02.oq0ij.mongodb.net 
2026-03-29T11:31:33.755Z [INFO]: MongoDB Connected: obaol-cluster-shard-00-01.oq0ij.mongodb.net 
2026-03-29T11:58:43.103Z [INFO]: MongoDB Connected: obaol-cluster-shard-00-01.oq0ij.mongodb.net 
2026-03-29T11:59:43.190Z [INFO]: MongoDB Connected: obaol-cluster-shard-00-01.oq0ij.mongodb.net 
2026-03-29T12:12:24.420Z [INFO]: MongoDB Connected: obaol-cluster-shard-00-01.oq0ij.mongodb.net 
2026-03-29T12:13:18.193Z [INFO]: MongoDB Connected: obaol-cluster-shard-00-00.oq0ij.mongodb.net 
2026-03-29T12:52:40.764Z [INFO]: MongoDB Connected: obaol-cluster-shard-00-02.oq0ij.mongodb.net 
2026-03-29T15:22:36.661Z [INFO]: MongoDB Connected: obaol-cluster-shard-00-01.oq0ij.mongodb.net 
2026-03-29T15:24:03.804Z [INFO]: MongoDB Connected: obaol-cluster-shard-00-01.oq0ij.mongodb.net 
2026-03-29T15:25:25.155Z [INFO]: MongoDB Connected: obaol-cluster-shard-00-01.oq0ij.mongodb.net 
2026-03-29T15:26:18.952Z [INFO]: MongoDB Connected: obaol-cluster-shard-00-00.oq0ij.mongodb.net 
2026-03-29T15:27:23.962Z [INFO]: MongoDB Connected: obaol-cluster-shard-00-01.oq0ij.mongodb.net 
2026-03-29T18:30:00.203Z [INFO]: Running daily variant rate reset cron job... 
2026-03-29T18:30:00.357Z [INFO]: Successfully offlined 0 variant rates. 
2026-03-29T18:54:23.714Z [INFO]: MongoDB Connected: obaol-cluster-shard-00-00.oq0ij.mongodb.net 
2026-03-29T19:19:28.378Z [INFO]: MongoDB Connected: obaol-cluster-shard-00-01.oq0ij.mongodb.net 
2026-03-29T19:31:23.084Z [INFO]: MongoDB Connected: obaol-cluster-shard-00-02.oq0ij.mongodb.net 
2026-03-29T19:33:08.078Z [INFO]: MongoDB Connected: obaol-cluster-shard-00-02.oq0ij.mongodb.net 
2026-03-29T19:34:13.952Z [INFO]: MongoDB Connected: obaol-cluster-shard-00-01.oq0ij.mongodb.net 
2026-03-29T19:39:53.209Z [INFO]: MongoDB Connected: obaol-cluster-shard-00-02.oq0ij.mongodb.net 
2026-03-29T20:01:50.138Z [INFO]: MongoDB Connected: obaol-cluster-shard-00-01.oq0ij.mongodb.net 
2026-03-29T21:01:09.866Z [INFO]: MongoDB Connected: obaol-cluster-shard-00-00.oq0ij.mongodb.net 
2026-03-29T21:02:25.905Z [INFO]: MongoDB Connected: obaol-cluster-shard-00-00.oq0ij.mongodb.net 
2026-03-29T21:03:32.488Z [INFO]: MongoDB Connected: obaol-cluster-shard-00-01.oq0ij.mongodb.net 
2026-03-29T21:04:38.010Z [INFO]: MongoDB Connected: obaol-cluster-shard-00-02.oq0ij.mongodb.net 
2026-03-29T21:05:42.380Z [INFO]: MongoDB Connected: obaol-cluster-shard-00-01.oq0ij.mongodb.net 
2026-03-29T21:07:05.266Z [INFO]: MongoDB Connected: obaol-cluster-shard-00-00.oq0ij.mongodb.net 
2026-03-29T21:11:32.842Z [INFO]: MongoDB Connected: obaol-cluster-shard-00-00.oq0ij.mongodb.net 
2026-03-29T21:12:45.059Z [INFO]: MongoDB Connected: obaol-cluster-shard-00-02.oq0ij.mongodb.net 
2026-03-29T21:13:53.042Z [INFO]: MongoDB Connected: obaol-cluster-shard-00-01.oq0ij.mongodb.net 
